sequence,window_i,window_j,window_distance,n_overlap,n_inliers,Q_disp_med_deg,Q_disp_p90_deg,Q_disp_max_deg,weight,edge_status,q00,q01,q02,q10,q11,q12,q20,q21,q22
plantview__langdon_4__05-03-24,0,1,1,12,12,0.6715,2.5496,3.0958,0.59825,OK,0.999978,-0.001225,0.006526,0.003576,0.927515,-0.373768,-0.005595,0.373783,0.927499
plantview__langdon_4__05-03-24,0,2,2,8,8,0.6159,2.9559,2.9826,0.412576,OK,0.999558,-0.022612,0.019291,0.029599,0.697976,-0.715509,0.002714,0.715764,0.698337
plantview__langdon_4__05-03-24,0,3,3,4,4,0.6286,2.2102,2.6186,0.204669,OK,0.999477,-0.012876,0.02965,0.032275,0.346422,-0.937524,0.0018,0.937991,0.346656
plantview__langdon_4__05-03-24,1,2,1,12,10,0.1925,2.4728,3.9007,0.83854,OK,0.999654,-0.023854,0.011044,0.026285,0.911653,-0.41012,-0.000285,0.410268,0.911965
plantview__langdon_4__05-03-24,1,3,2,8,8,0.0,2.8412,3.9264,0.666667,OK,0.999596,-0.015969,0.02353,0.028232,0.656467,-0.753826,-0.003409,0.754186,0.656652
plantview__langdon_4__05-03-24,1,4,3,4,4,0.8631,2.9659,3.727,0.178916,OK,0.951966,-0.066339,-0.298931,-0.249644,0.397159,-0.883144,0.17731,0.915349,0.361521
plantview__langdon_4__05-03-24,2,3,1,12,12,0.84,1.6169,1.9505,0.543486,OK,0.999993,0.001929,0.003127,-0.000466,0.910747,-0.412964,-0.003645,0.412959,0.910742
plantview__langdon_4__05-03-24,2,4,2,8,8,0.0,1.6205,2.2196,0.666667,OK,0.946329,-0.053688,-0.318715,-0.17319,0.748347,-0.640298,0.272886,0.661131,0.698884
plantview__langdon_4__05-03-24,2,5,3,4,4,0.4438,1.3289,1.518,0.230866,OK,0.949131,0.083082,-0.303723,-0.170799,0.946174,-0.274924,0.264533,0.312815,0.912233
plantview__langdon_4__05-03-24,3,4,1,12,12,0.7247,2.6339,2.9997,0.579799,OK,0.945474,-0.056531,-0.320753,-0.042443,0.955038,-0.293429,0.322919,0.291043,0.900565
plantview__langdon_4__05-03-24,3,5,2,8,8,0.6733,2.2137,2.9707,0.398425,OK,0.948613,0.084265,-0.305013,-0.045532,0.990209,0.131957,0.313146,-0.111288,0.943162
plantview__langdon_4__05-03-24,3,6,3,4,4,1.6,2.7112,3.074,0.128205,OK,0.946183,0.218409,-0.238821,-0.058867,0.841777,0.536606,0.318233,-0.493669,0.809332
plantview__langdon_4__05-03-24,4,5,1,12,12,1.4329,3.4095,4.0069,0.411028,OK,0.99994,0.003633,0.010372,-0.00768,0.906064,0.423071,-0.007861,-0.423125,0.906037
plantview__langdon_4__05-03-24,4,6,2,8,8,0.6931,2.9976,3.2122,0.393752,OK,0.999838,0.013902,0.011394,-0.01768,0.646384,0.762808,0.003239,-0.762886,0.646525
plantview__langdon_4__05-03-24,4,7,3,4,4,1.4368,3.0744,3.4663,0.136794,OK,0.999834,-0.008898,0.015878,-0.012658,0.286877,0.957884,-0.013078,-0.957926,0.286717
plantview__langdon_4__05-03-24,5,6,1,12,9,0.1989,3.4285,4.734,0.834077,OK,0.999951,0.009803,0.001346,-0.009462,0.907431,0.420095,0.002897,-0.420087,0.907479
plantview__langdon_4__05-03-24,5,7,2,8,8,1.4054,3.9253,4.6587,0.277156,OK,0.999929,-0.010793,0.005069,0.003396,0.665271,0.746594,-0.01143,-0.746524,0.66526
plantview__langdon_4__05-03-24,5,8,3,4,3,0.8069,3.6209,4.4811,0.184481,OK,0.999814,0.012542,-0.014642,0.008626,0.388224,0.921525,0.017242,-0.92148,0.388043
plantview__langdon_4__05-03-24,6,7,1,12,12,1.1012,1.635,1.7243,0.475911,OK,0.999875,-0.015793,-0.00012,0.014598,0.921258,0.388678,-0.006028,-0.388631,0.921374
plantview__langdon_4__05-03-24,6,8,2,8,5,0.1939,1.2548,1.6165,0.558391,OK,0.999686,0.017984,-0.017436,-0.002084,0.753387,0.657574,0.024962,-0.657331,0.753189
plantview__langdon_4__05-03-24,6,9,3,4,4,1.1182,1.3031,1.3307,0.157367,OK,0.999711,0.018322,-0.015542,-0.01249,0.948924,0.315258,0.020524,-0.314973,0.948879
plantview__langdon_4__05-03-24,7,8,1,12,11,0.2213,1.697,3.4461,0.818795,OK,0.99918,0.037734,-0.014705,-0.031095,0.947448,0.318395,0.025946,-0.317677,0.947844
plantview__langdon_4__05-03-24,7,9,2,8,7,0.6827,2.4168,3.8465,0.396193,OK,0.999237,0.034312,-0.018666,-0.035465,0.997227,-0.065427,0.016369,0.066039,0.997683
plantview__langdon_4__05-03-24,7,10,3,4,3,0.2748,2.9084,3.9194,0.261484,OK,0.999728,0.005841,-0.022574,-0.015851,0.880275,-0.474199,0.017102,0.474428,0.880128
plantview__langdon_4__05-03-24,8,9,1,12,12,1.5694,2.7087,3.2256,0.389201,OK,0.999891,-0.00656,0.013251,0.010938,0.931189,-0.364372,-0.009949,0.364477,0.931159
plantview__langdon_4__05-03-24,8,10,2,8,8,0.7712,2.803,3.7108,0.376395,OK,0.999227,-0.022036,0.03255,0.038725,0.693894,-0.719035,-0.006742,0.71974,0.694211
plantview__langdon_4__05-03-24,8,11,3,4,4,1.9003,2.5266,2.7899,0.114931,OK,0.999149,-0.015091,0.038375,0.041232,0.353233,-0.934626,0.00055,0.935414,0.353555
plantview__langdon_4__05-03-24,9,10,1,12,12,0.0,1.6913,1.8614,1.0,OK,0.999809,-0.016461,0.010494,0.019377,0.902123,-0.431043,-0.002371,0.431165,0.90227
plantview__langdon_4__05-03-24,9,11,2,8,8,0.0,2.1579,2.9594,0.666667,OK,0.999917,-0.012336,0.003817,0.010905,0.648444,-0.761184,0.006915,0.761163,0.648524
plantview__langdon_4__05-03-24,9,12,3,4,4,0.0,0.9734,1.3905,0.333333,OK,0.9543,-0.062233,-0.2923,-0.247186,0.385337,-0.889053,0.167962,0.920675,0.352344
plantview__langdon_4__05-03-24,10,11,1,12,12,0.0554,1.0449,1.9208,0.947477,OK,0.999937,-0.002483,-0.010989,-0.002184,0.91418,-0.405304,0.011052,0.405302,0.914116
plantview__langdon_4__05-03-24,10,12,2,8,5,0.258,1.3441,1.3617,0.529946,OK,0.950706,-0.056019,-0.304993,-0.163318,0.745631,-0.646036,0.263603,0.664001,0.699726
plantview__langdon_4__05-03-24,10,13,3,4,4,1.2933,1.6463,1.7957,0.145352,OK,0.950485,0.07957,-0.300411,-0.166013,0.947184,-0.274375,0.262713,0.310662,0.913494
plantview__langdon_4__05-03-24,11,12,1,12,12,0.0,1.3084,4.6332,1.0,OK,0.953495,-0.05134,-0.297003,-0.04527,0.949815,-0.309519,0.297989,0.30857,0.90332
plantview__langdon_4__05-03-24,11,13,2,8,8,0.8802,3.6215,3.7579,0.35458,OK,0.953114,0.083652,-0.290819,-0.047241,0.990381,0.130051,0.298901,-0.110215,0.947898
plantview__langdon_4__05-03-24,11,14,3,4,4,2.6489,3.757,3.889,0.091352,OK,0.948979,0.214432,-0.23121,-0.057172,0.838054,0.542584,0.310113,-0.501682,0.807555
plantview__langdon_4__05-03-24,12,13,1,12,9,0.0,3.3654,4.308,1.0,OK,0.999999,0.001156,-0.000829,-0.000682,0.901254,0.43329,0.001248,-0.433289,0.901254
plantview__langdon_4__05-03-24,12,14,2,8,8,1.5807,3.9577,4.4099,0.258332,OK,0.999885,0.012728,-0.008292,-0.001555,0.628751,0.777605,0.01511,-0.777502,0.628699
plantview__langdon_4__05-03-24,12,15,3,4,4,3.5781,4.4237,4.5063,0.072811,OK,0.999927,0.012059,-0.00042,-0.002745,0.261244,0.965269,0.01175,-0.965197,0.261258
plantview__langdon_4__05-03-24,13,14,1,12,12,0.0,2.1062,4.8984,1.0,OK,0.99996,-0.000249,0.008978,-0.003576,0.905954,0.42336,-0.00824,-0.423375,0.905917
plantview__langdon_4__05-03-24,13,15,2,8,8,0.0,3.403,5.2291,0.666667,OK,0.999693,-0.019621,0.015116,0.001316,0.651511,0.758638,-0.024734,-0.758386,0.651337
plantview__langdon_4__05-03-24,13,16,3,4,4,0.0,3.1106,4.4437,0.333333,OK,0.999842,0.004671,-0.017149,0.014122,0.377095,0.926067,0.010792,-0.926163,0.37697
plantview__langdon_4__05-03-24,14,15,1,12,12,1.2408,1.925,2.1257,0.44627,OK,1.0,0.000307,-0.000119,-0.000232,0.912756,0.408506,0.000234,-0.408506,0.912756
plantview__langdon_4__05-03-24,14,16,2,8,8,1.8164,2.0061,2.1882,0.236712,OK,0.996978,0.070219,-0.033218,-0.030057,0.743035,0.668577,0.071628,-0.665558,0.742901
plantview__langdon_4__05-03-24,14,17,3,4,3,0.9846,1.5102,1.7148,0.16796,OK,0.995494,0.071523,-0.062252,-0.048115,0.946755,0.318338,0.081706,-0.313909,0.945931
plantview__langdon_4__05-03-24,15,16,1,12,11,1.7036,3.2153,5.5332,0.369876,OK,0.996655,0.075416,-0.031498,-0.062601,0.952185,0.299039,0.052544,-0.296067,0.953721
plantview__langdon_4__05-03-24,15,17,2,8,8,1.0841,2.2982,3.0711,0.319884,OK,0.996893,0.057151,-0.054205,-0.061739,0.994282,-0.087129,0.048915,0.090205,0.994721
plantview__langdon_4__05-03-24,15,18,3,4,3,0.4582,2.6272,3.3604,0.228593,OK,0.99814,0.010228,-0.0601,-0.038726,0.867756,-0.495479,0.047085,0.496885,0.866538
plantview__langdon_4__05-03-24,16,17,1,12,9,3.1155,16.065,18.4565,0.242982,OK,0.999359,-0.031419,0.01717,0.035531,0.929422,-0.367304,-0.004418,0.367678,0.929943
plantview__langdon_4__05-03-24,16,18,2,8,8,8.1647,10.4765,11.2857,0.072743,OK,0.98317,-0.128907,0.129457,0.182674,0.703449,-0.68687,-0.002524,0.698958,0.715158
plantview__langdon_4__05-03-24,16,19,3,4,4,5.319,5.7055,5.8107,0.052751,OK,0.956593,-0.109307,0.270153,0.291422,0.364748,-0.884326,-0.001875,0.924668,0.38077
plantview__langdon_4__05-03-24,17,18,1,12,12,0.0,1.6857,2.5007,1.0,OK,0.999624,-0.020404,0.018315,0.026185,0.908536,-0.416984,-0.008131,0.417307,0.908729
plantview__langdon_4__05-03-24,17,19,2,8,7,0.4201,1.864,2.4781,0.469463,OK,0.999743,-0.012156,0.019126,0.022429,0.651426,-0.758381,-0.00324,0.758615,0.651531
plantview__langdon_4__05-03-24,17,20,3,4,4,0.0,1.5885,2.2693,0.333333,OK,0.957885,-0.056618,-0.281514,-0.23724,0.396297,-0.886942,0.16178,0.916375,0.366175
plantview__langdon_4__05-03-24,18,19,1,12,12,0.0,1.8089,2.249,1.0,OK,0.999935,-0.000877,-0.011367,-0.003962,0.908166,-0.418591,0.010691,0.418609,0.908104
plantview__langdon_4__05-03-24,18,20,2,8,6,0.3838,2.0342,2.7633,0.481753,OK,0.950852,-0.051615,-0.305314,-0.165784,0.747925,-0.642747,0.261527,0.661774,0.702609
plantview__langdon_4__05-03-24,18,21,3,4,4,0.0,0.8688,1.2411,0.333333,OK,0.951211,0.074708,-0.29936,-0.162432,0.946157,-0.280004,0.262323,0.314968,0.91213
plantview__langdon_4__05-03-24,19,20,1,12,11,0.3557,2.0145,4.0192,0.737624,OK,0.955175,-0.046889,-0.292306,-0.041698,0.956225,-0.289647,0.293092,0.288852,0.911406
plantview__langdon_4__05-03-24,19,21,2,8,8,0.6691,2.9668,3.551,0.39941,OK,0.956516,0.072636,-0.282492,-0.037414,0.99105,0.128143,0.289271,-0.112001,0.950672
plantview__langdon_4__05-03-24,19,22,3,4,4,1.5624,3.2305,3.2758,0.130086,OK,0.952521,0.204064,-0.225969,-0.051602,0.839622,0.540714,0.300068,-0.503381,0.810288
plantview__langdon_4__05-03-24,20,21,1,12,11,0.5701,2.6309,3.9927,0.636908,OK,0.999972,-0.007518,-0.000261,0.006977,0.913997,0.40566,-0.002811,-0.40565,0.914024
plantview__langdon_4__05-03-24,20,22,2,8,8,1.6203,3.9708,4.5722,0.254427,OK,0.999869,0.012682,-0.010055,-0.000925,0.665037,0.746809,0.016158,-0.746702,0.664962
plantview__langdon_4__05-03-24,20,23,3,4,4,1.8987,4.4236,4.692,0.114993,OK,0.999962,0.007213,-0.004828,0.002675,0.272977,0.962017,0.008257,-0.961993,0.272948
plantview__langdon_4__05-03-24,21,22,1,12,12,2.5826,4.5868,5.4367,0.279129,OK,0.999791,0.010669,0.017443,-0.016817,0.914312,0.404661,-0.011631,-0.40487,0.9143
plantview__langdon_4__05-03-24,21,23,2,8,8,1.6036,4.6693,4.7644,0.256051,OK,0.999747,-0.010998,0.019598,-0.008078,0.637916,0.770063,-0.020971,-0.770027,0.637666
plantview__langdon_4__05-03-24,21,24,3,4,4,0.8245,3.5623,4.3822,0.182698,OK,0.999886,0.009803,-0.011462,0.006872,0.380388,0.924802,0.013426,-0.924775,0.380277
plantview__langdon_4__05-03-24,22,23,1,12,12,2.1031,2.7997,3.516,0.322263,OK,0.999862,0.006859,-0.015143,0.000596,0.895538,0.444985,0.016613,-0.444933,0.89541
plantview__langdon_4__05-03-24,22,24,2,8,8,2.1936,2.5522,2.7342,0.208752,OK,0.995246,0.082803,-0.051281,-0.024485,0.722319,0.691127,0.094269,-0.686585,0.720912
plantview__langdon_4__05-03-24,22,25,3,4,4,1.1047,1.3866,1.4538,0.158376,OK,0.993946,0.071365,-0.083536,-0.041041,0.946453,0.320223,0.101916,-0.314855,0.943652
plantview__langdon_4__05-03-24,23,24,1,12,12,0.9471,1.6768,2.8425,0.513582,OK,0.997355,0.063341,-0.035646,-0.049847,0.953017,0.298787,0.052897,-0.29622,0.953654
plantview__langdon_4__05-03-24,23,25,2,8,8,0.0,1.0614,1.5269,0.666667,OK,0.997521,0.046432,-0.05288,-0.051933,0.992801,-0.107931,0.047487,0.110409,0.992751
plantview__langdon_4__05-03-24,23,26,3,4,4,0.2358,0.9863,1.2069,0.269726,OK,0.99837,0.003211,-0.05699,-0.032519,0.852546,-0.52164,0.046911,0.522643,0.85126
plantview__langdon_4__05-03-24,24,25,1,12,12,0.0,1.2261,4.2771,1.0,OK,0.999977,0.002963,0.006152,-0.000275,0.917686,-0.397306,-0.006823,0.397295,0.917665
plantview__langdon_4__05-03-24,24,26,2,8,8,1.2295,2.7543,2.8408,0.299025,OK,0.999836,-0.008233,0.016144,0.017511,0.668364,-0.743628,-0.004667,0.743789,0.668398
plantview__langdon_4__05-03-24,24,27,3,4,4,1.385,2.1842,2.4695,0.13976,OK,0.999963,0.003279,0.007964,0.006571,0.307273,-0.951599,-0.005567,0.951616,0.307241
plantview__langdon_4__05-03-24,25,26,1,12,12,0.0,1.1378,3.8047,1.0,OK,0.999826,-0.011664,0.014532,0.016694,0.907167,-0.42044,-0.008279,0.42061,0.907204
plantview__langdon_4__05-03-24,25,27,2,8,8,0.0,1.0731,3.5771,0.666667,OK,0.999919,-0.001588,0.012663,0.010632,0.652529,-0.757689,-0.00706,0.757762,0.652493
plantview__langdon_4__05-03-24,25,28,3,4,4,0.0,0.0,0.0,0.333333,OK,0.957359,-0.049972,-0.284546,-0.242937,0.393778,-0.886521,0.156349,0.917846,0.364847
plantview__langdon_4__05-03-24,26,27,1,12,12,0.5948,1.3559,1.4489,0.627053,OK,0.999987,-0.000766,-0.005128,-0.001436,0.909417,-0.415884,0.004983,0.415885,0.909403
plantview__langdon_4__05-03-24,26,28,2,8,8,0.3163,1.6561,1.7553,0.506463,OK,0.951912,-0.058336,-0.300766,-0.158436,0.746509,-0.646237,0.262223,0.662813,0.701368
plantview__langdon_4__05-03-24,26,29,3,4,4,0.7232,1.2453,1.3111,0.193443,OK,0.951583,0.077455,-0.297473,-0.163615,0.946884,-0.27684,0.26023,0.312108,0.913712
plantview__langdon_4__05-03-24,27,28,1,12,11,0.7073,1.8306,3.8546,0.585719,OK,0.95322,-0.055322,-0.297173,-0.036451,0.954898,-0.294689,0.300073,0.291735,0.908211
plantview__langdon_4__05-03-24,27,29,2,8,8,0.4592,1.0404,1.1156,0.456877,OK,0.952172,0.082827,-0.294122,-0.045667,0.990324,0.131045,0.30213,-0.111346,0.946741
plantview__langdon_4__05-03-24,27,30,3,4,4,1.1259,2.0379,2.1947,0.156798,OK,0.946819,0.225852,-0.229181,-0.065998,0.833431,0.548668,0.314924,-0.504364,0.804015
plantview__langdon_4__05-03-24,28,29,1,12,12,0.7661,1.4356,3.0888,0.566209,OK,0.999973,0.007174,-0.001581,-0.005885,0.911045,0.412265,0.004398,-0.412244,0.911063
plantview__langdon_4__05-03-24,28,30,2,8,8,0.4744,2.3886,3.6111,0.452161,OK,0.99948,0.032242,0.000625,-0.02105,0.637615,0.770067,0.02443,-0.76968,0.637962
plantview__langdon_4__05-03-24,28,31,3,4,4,0.157,0.9151,1.1726,0.28809,OK,0.999846,0.017123,-0.003753,-0.000926,0.265393,0.96414,0.017505,-0.963988,0.265368
plantview__langdon_4__05-03-24,29,30,1,12,12,0.9893,2.8414,4.2625,0.502695,OK,0.999752,0.016522,0.014901,-0.021439,0.89445,0.446654,-0.005948,-0.446863,0.894583
plantview__langdon_4__05-03-24,29,31,2,8,8,1.0718,3.6969,4.1997,0.321787,OK,0.99998,0.00052,0.006255,-0.005193,0.628247,0.777997,-0.003526,-0.778014,0.628237
plantview__langdon_4__05-03-24,29,32,3,4,4,0.0,2.8629,4.0898,0.333333,OK,0.999817,0.012743,0.014241,-0.017911,0.36515,0.930776,0.006661,-0.930861,0.365312
plantview__langdon_4__05-03-24,30,31,1,12,12,1.6201,2.2523,2.6997,0.381663,OK,0.99962,0.006862,-0.026695,0.004373,0.916757,0.399422,0.027213,-0.399387,0.916378
plantview__langdon_4__05-03-24,30,32,2,8,8,1.2372,1.9904,1.9988,0.297991,OK,0.998059,0.057393,-0.024155,-0.027814,0.757965,0.651702,0.055712,-0.649766,0.75809
plantview__langdon_4__05-03-24,30,33,3,4,4,1.0816,1.6583,1.9027,0.160136,OK,0.997606,0.047636,-0.050123,-0.031311,0.957487,0.286772,0.061653,-0.284516,0.956687
plantview__langdon_4__05-03-24,31,32,1,12,12,1.1036,1.9097,2.1218,0.475382,OK,0.999228,0.039285,0.001,-0.037766,0.952946,0.300779,0.010863,-0.300585,0.953693
plantview__langdon_4__05-03-24,31,33,2,8,8,1.0723,1.4268,1.7108,0.3217,OK,0.999274,0.035766,-0.013147,-0.036859,0.994758,-0.095382,0.009667,0.095797,0.995354
plantview__langdon_4__05-03-24,31,34,3,4,4,0.8775,2.0664,2.5668,0.17754,OK,0.999741,0.010089,-0.020379,-0.018935,0.865597,-0.500383,0.012591,0.500639,0.865564
plantview__langdon_4__05-03-24,32,33,1,12,12,0.9507,3.3885,4.0754,0.512641,OK,0.999997,-0.001158,0.002111,0.001883,0.922482,-0.386035,-0.0015,0.386038,0.922482
plantview__langdon_4__05-03-24,32,34,2,8,8,0.0,3.0022,3.3927,0.666667,OK,0.999597,-0.02235,0.017505,0.02804,0.680815,-0.731919,0.00444,0.732115,0.681167
plantview__langdon_4__05-03-24,32,35,3,4,3,0.2237,2.2362,3.0028,0.272387,OK,0.999644,-0.013653,0.022925,0.026214,0.34229,-0.939228,0.004976,0.939495,0.342526
plantview__langdon_4__05-03-24,33,34,1,12,12,0.0,2.5282,2.5884,1.0,OK,0.999484,-0.025741,0.019202,0.031428,0.906896,-0.42018,-0.006598,0.420567,0.907238
plantview__langdon_4__05-03-24,33,35,2,8,8,0.984,2.7436,2.8157,0.336022,OK,0.999252,-0.017133,0.034676,0.037301,0.663951,-0.746845,-0.010228,0.74758,0.664093
plantview__langdon_4__05-03-24,33,36,3,4,4,0.9119,1.4503,1.5314,0.17435,OK,0.965013,-0.056787,-0.25598,-0.211255,0.409888,-0.887335,0.155313,0.910367,0.38355
plantview__langdon_4__05-03-24,34,35,1,12,12,0.0,1.1663,2.1625,1.0,OK,0.999999,-0.000655,0.001298,0.001118,0.917123,-0.398602,-0.00093,0.398603,0.917123
plantview__langdon_4__05-03-24,34,36,2,8,8,0.0,0.9201,2.3451,0.666667,OK,0.95583,-0.051126,-0.289439,-0.151858,0.757232,-0.635248,0.25165,0.651142,0.716021
plantview__langdon_4__05-03-24,34,37,3,4,4,0.3747,0.7096,0.8327,0.242469,OK,0.956467,0.076454,-0.281647,-0.15521,0.950533,-0.269066,0.247144,0.301067,0.92102
plantview__langdon_4__05-03-24,35,36,1,12,12,0.6984,1.8779,2.4935,0.588801,OK,0.956636,-0.05035,-0.286902,-0.038817,0.954127,-0.296874,0.288688,0.295137,0.910798
plantview__langdon_4__05-03-24,35,37,2,8,8,0.4777,1.508,1.6906,0.451155,OK,0.958203,0.08081,-0.274437,-0.047359,0.990847,0.126407,0.28214,-0.108126,0.95326
plantview__langdon_4__05-03-24,35,38,3,4,4,0.4705,1.7748,2.1321,0.226685,OK,0.954914,0.206538,-0.213262,-0.06818,0.851706,0.519566,0.288946,-0.481601,0.827388
plantview__langdon_4__05-03-24,36,37,1,12,12,0.0,3.5788,4.602,1.0,OK,0.999949,0.009986,0.001712,-0.009795,0.909635,0.415293,0.00259,-0.415289,0.909686
plantview__langdon_4__05-03-24,36,38,2,8,8,1.7526,3.5081,3.546,0.242197,OK,0.999407,0.033344,0.008544,-0.028481,0.661657,0.749266,0.01933,-0.749065,0.662214
plantview__langdon_4__05-03-24,36,39,3,4,4,1.4587,3.2607,3.4078,0.135572,OK,0.999712,0.022658,0.007869,-0.014107,0.290094,0.956894,0.019399,-0.95673,0.29033
plantview__langdon_4__05-03-24,37,38,1,12,12,0.9032,3.5616,4.2879,0.525421,OK,0.999805,0.018976,0.005512,-0.019576,0.913198,0.407045,0.00269,-0.407074,0.913391
plantview__langdon_4__05-03-24,37,39,2,8,8,2.0465,3.9028,4.5606,0.21883,OK,0.999983,0.003828,0.004468,-0.005883,0.658304,0.752729,-6e-05,-0.752742,0.658315
plantview__langdon_4__05-03-24,37,40,3,4,4,1.7837,3.638,4.3661,0.119746,OK,0.999911,0.01307,0.002507,-0.007774,0.420795,0.907122,0.010801,-0.907062,0.420859
plantview__langdon_4__05-03-24,38,39,1,12,12,1.0805,1.4623,1.9395,0.480659,OK,0.999906,-0.007808,-0.011278,0.011755,0.911478,0.411181,0.007069,-0.411275,0.911484
plantview__langdon_4__05-03-24,38,40,2,8,7,0.2493,1.3376,1.5205,0.533649,OK,0.999742,0.016563,-0.015537,-0.00257,0.76227,0.647255,0.022564,-0.647048,0.762116
plantview__langdon_4__05-03-24,38,41,3,4,4,0.6656,0.8556,0.8878,0.200127,OK,0.999803,0.011897,-0.015896,-0.006564,0.953646,0.30086,0.018739,-0.300696,0.953536
plantview__langdon_4__05-03-24,39,40,1,12,11,0.7711,2.3785,3.0871,0.564609,OK,0.999768,0.021361,-0.002751,-0.019739,0.959889,0.279685,0.008615,-0.279566,0.960088
plantview__langdon_4__05-03-24,39,41,2,8,8,0.6026,1.1015,1.1109,0.416003,OK,0.999825,0.018542,-0.002603,-0.01871,0.994765,-0.10046,0.000727,0.100492,0.994938
plantview__langdon_4__05-03-24,39,42,3,4,4,1.0444,2.2646,2.7648,0.163048,OK,0.999985,-0.003878,0.003745,0.005233,0.865267,-0.501283,-0.001296,0.501296,0.865275
plantview__langdon_4__05-03-24,40,41,1,12,12,0.9483,3.4504,4.1764,0.513263,OK,0.99999,0.001106,0.004287,0.000545,0.930135,-0.367217,-0.004394,0.367215,0.930126
plantview__langdon_4__05-03-24,40,42,2,8,8,1.9984,2.7165,2.9429,0.222344,OK,0.999593,-0.018119,0.022019,0.028423,0.695155,-0.718298,-0.002292,0.718632,0.695387
plantview__langdon_4__05-03-24,40,43,3,4,4,2.2046,2.8221,2.9238,0.104016,OK,0.999709,-0.014538,0.01924,0.023136,0.353184,-0.935268,0.006802,0.935441,0.353417
plantview__langdon_4__05-03-24,41,42,1,12,12,0.6486,2.8529,3.6479,0.606591,OK,0.999447,-0.022348,0.024626,0.030708,0.904407,-0.425565,-0.012761,0.426086,0.904593
plantview__langdon_4__05-03-24,41,43,2,8,8,0.5622,2.8188,3.0297,0.426746,OK,0.999468,-0.016526,0.028133,0.032095,0.653274,-0.756441,-0.005877,0.756941,0.653456
plantview__langdon_4__05-03-24,41,44,3,4,4,0.6916,2.1227,2.4396,0.197056,OK,0.958366,-0.062437,-0.278633,-0.232704,0.394724,-0.888843,0.16548,0.916676,0.363761
plantview__langdon_4__05-03-24,42,43,1,12,12,0.2882,2.25,2.9633,0.776286,OK,0.99991,-0.00515,-0.012418,-0.000227,0.917108,-0.398638,0.013442,0.398605,0.917024
plantview__langdon_4__05-03-24,42,44,2,8,8,1.4477,2.4998,2.5283,0.272369,OK,0.945146,-0.065788,-0.319954,-0.16179,0.756635,-0.633504,0.283765,0.650519,0.704487
plantview__langdon_4__05-03-24,42,45,3,4,4,0.488,1.2635,1.3867,0.224008,OK,0.947368,0.077448,-0.310636,-0.164731,0.949917,-0.265558,0.274512,0.302752,0.91268
plantview__langdon_4__05-03-24,43,44,1,12,12,1.0679,3.1027,4.8895,0.483573,OK,0.951024,-0.058682,-0.303497,-0.036486,0.953643,-0.298721,0.306957,0.295164,0.904796
plantview__langdon_4__05-03-24,43,45,2,8,6,0.3768,2.6653,3.248,0.484228,OK,0.954519,0.077343,-0.287942,-0.044283,0.991832,0.119615,0.294842,-0.101423,0.950148
plantview__langdon_4__05-03-24,43,46,3,4,4,1.7193,3.1988,3.6829,0.122583,OK,0.951891,0.210736,-0.222474,-0.063404,0.845732,0.529827,0.299807,-0.490232,0.818406
plantview__langdon_4__05-03-24,44,45,1,12,12,1.5248,2.8562,2.8842,0.396064,OK,0.999883,0.010604,0.011061,-0.014258,0.908283,0.418114,-0.005613,-0.418222,0.908327
plantview__langdon_4__05-03-24,44,46,2,8,8,2.6817,3.8371,4.5646,0.181074,OK,0.999363,0.031594,0.016569,-0.033131,0.649688,0.759479,0.01323,-0.759544,0.650321
plantview__langdon_4__05-03-24,44,47,3,4,4,2.7034,4.5472,5.0473,0.090007,OK,0.999554,0.021777,0.020441,-0.025839,0.287243,0.957509,0.01498,-0.95761,0.287677
plantview__langdon_4__05-03-24,45,46,1,12,12,0.7177,2.5099,4.3874,0.58217,OK,0.999756,0.021911,0.002811,-0.021098,0.909335,0.41553,0.006548,-0.415488,0.909575
plantview__langdon_4__05-03-24,45,47,2,8,8,1.0832,2.9753,4.361,0.320014,OK,0.999909,0.011376,0.007204,-0.012951,0.666089,0.74576,0.003685,-0.745785,0.666176
plantview__langdon_4__05-03-24,45,48,3,4,4,2.2001,3.7044,4.3478,0.104163,OK,0.999871,0.013202,0.009096,-0.013816,0.421725,0.906618,0.008134,-0.906627,0.421854
plantview__langdon_4__05-03-24,46,47,1,12,12,0.6383,1.1871,1.2225,0.610375,OK,0.999943,-0.009387,-0.005101,0.010645,0.915935,0.401185,0.000906,-0.401217,0.915983
plantview__langdon_4__05-03-24,46,48,2,8,8,0.2254,0.9177,1.0417,0.544018,OK,0.999933,0.007643,-0.008694,-0.000171,0.760742,0.649055,0.011575,-0.64901,0.760692
plantview__langdon_4__05-03-24,46,49,3,4,4,1.0207,1.2165,1.281,0.164962,OK,0.999991,0.003614,-0.002354,-0.002754,0.955116,0.296219,0.003319,-0.29621,0.955117
plantview__langdon_4__05-03-24,47,48,1,12,12,0.6104,1.692,3.4827,0.620963,OK,0.999755,0.022135,0.000153,-0.02123,0.956849,0.289808,0.006269,-0.28974,0.957085
plantview__langdon_4__05-03-24,47,49,2,8,8,0.7136,1.5801,2.3055,0.389053,OK,0.999774,0.021005,0.00332,-0.020536,0.994175,-0.105804,-0.005523,0.105712,0.994381
plantview__langdon_4__05-03-24,47,50,3,4,4,1.6505,2.3008,2.4592,0.125764,OK,0.999936,0.004196,0.010473,0.001824,0.855907,-0.517126,-0.011134,0.517112,0.855845
plantview__langdon_4__05-03-24,48,49,1,12,8,0.3691,2.9503,3.219,0.730384,OK,0.999946,-0.004011,0.009596,0.007391,0.923182,-0.384291,-0.007318,0.384342,0.923162
plantview__langdon_4__05-03-24,48,50,2,8,8,2.6683,3.4834,3.6472,0.181736,OK,0.999197,-0.021523,0.03379,0.039544,0.665063,-0.745739,-0.006422,0.746477,0.66538
plantview__langdon_4__05-03-24,48,51,3,4,4,2.7241,3.1105,3.118,0.089508,OK,0.99944,-0.01452,0.030133,0.0332,0.320905,-0.946529,0.004074,0.947,0.321207
plantview__langdon_4__05-03-24,49,50,1,12,12,0.0,4.2242,4.5656,1.0,OK,0.999674,-0.018003,0.018122,0.02417,0.896179,-0.443033,-0.008264,0.443326,0.896322
plantview__langdon_4__05-03-24,49,51,2,8,6,0.7297,4.2908,4.443,0.385431,OK,0.999834,-0.012873,0.012888,0.018162,0.650054,-0.759671,0.001401,0.759779,0.65018
plantview__langdon_4__05-03-24,49,52,3,4,4,1.477,3.8397,4.2193,0.134572,OK,0.956039,-0.067806,-0.285291,-0.238299,0.387316,-0.890618,0.170887,0.91945,0.354131
plantview__langdon_4__05-03-24,50,51,1,12,12,0.5067,2.0701,2.1215,0.66371,OK,0.999934,-0.001932,-0.011298,-0.00261,0.921416,-0.388568,0.011161,0.388572,0.921351
plantview__langdon_4__05-03-24,50,52,2,8,8,0.5483,1.6231,1.862,0.43058,OK,0.952459,-0.064362,-0.29779,-0.149315,0.753385,-0.640403,0.265568,0.654422,0.707959
plantview__langdon_4__05-03-24,50,53,3,4,4,0.7321,1.5898,1.6435,0.192443,OK,0.953078,0.074941,-0.293301,-0.157713,0.94992,-0.269774,0.258395,0.303373,0.917168
plantview__langdon_4__05-03-24,51,52,1,12,12,1.4364,1.9896,3.2489,0.410444,OK,0.957867,-0.061747,-0.280497,-0.03117,0.9485,-0.31524,0.285517,0.310701,0.906612
plantview__langdon_4__05-03-24,51,53,2,8,8,0.6333,1.6523,1.9283,0.408171,OK,0.95959,0.07233,-0.271948,-0.041628,0.992256,0.117023,0.278306,-0.100973,0.95517
plantview__langdon_4__05-03-24,51,54,3,4,4,0.1827,1.3776,1.8114,0.281838,OK,0.957411,0.196713,-0.211349,-0.05923,0.850242,0.52305,0.282589,-0.488255,0.825682
plantview__langdon_4__05-03-24,52,53,1,12,10,0.0,4.3237,5.6926,1.0,OK,0.999915,0.012891,0.001723,-0.012374,0.902141,0.431263,0.004005,-0.431248,0.902224
plantview__langdon_4__05-03-24,52,54,2,8,8,1.7345,4.0893,4.5344,0.243796,OK,0.999167,0.040535,0.00473,-0.029408,0.634792,0.772123,0.028296,-0.771619,0.635455
plantview__langdon_4__05-03-24,52,55,3,4,4,2.8758,4.542,4.8479,0.086005,OK,0.99954,0.023271,0.019437,-0.024915,0.265038,0.963916,0.01728,-0.963957,0.265496
plantview__langdon_4__05-03-24,53,54,1,12,11,0.1764,2.5776,2.9349,0.850085,OK,0.999604,0.028122,-0.001054,-0.025071,0.906911,0.420575,0.012783,-0.420382,0.907257
plantview__langdon_4__05-03-24,53,55,2,8,8,0.0,2.9679,2.9821,0.666667,OK,0.999927,0.010157,0.006543,-0.011608,0.657591,0.753285,0.003348,-0.753306,0.657661
plantview__langdon_4__05-03-24,53,56,3,4,4,0.0,2.051,2.93,0.333333,OK,0.999704,0.019765,0.014206,-0.020895,0.397524,0.917354,0.012485,-0.917379,0.397819
plantview__langdon_4__05-03-24,54,55,1,12,12,0.0,1.0819,1.3561,1.0,OK,0.999779,-0.020148,-0.00603,0.020871,0.915201,0.402457,-0.00259,-0.402494,0.915419
plantview__langdon_4__05-03-24,54,56,2,8,8,0.0,1.7073,2.1464,0.666667,OK,0.999979,0.002064,-0.006101,0.002482,0.750522,0.660841,0.005943,-0.660842,0.750501
plantview__langdon_4__05-03-24,54,57,3,4,4,0.8545,1.0994,1.1086,0.179744,OK,0.999996,0.002295,0.00134,-0.002592,0.953372,0.301787,-0.000585,-0.30179,0.953374
plantview__langdon_4__05-03-24,55,56,1,12,10,0.3986,2.2048,2.8681,0.714986,OK,0.9997,0.023305,0.007591,-0.02451,0.951941,0.305298,-0.000111,-0.305392,0.952227
plantview__langdon_4__05-03-24,55,57,2,8,8,0.6104,1.1579,1.2397,0.41398,OK,0.999627,0.026667,0.005841,-0.02595,0.994644,-0.100048,-0.008478,0.099859,0.994965
plantview__langdon_4__05-03-24,55,58,3,4,4,0.0,0.8113,1.159,0.333333,OK,0.999923,0.009625,0.007857,-0.004233,0.858447,-0.512884,-0.011681,0.512811,0.858422
plantview__langdon_4__05-03-24,56,57,1,12,12,0.0,3.4276,4.1874,1.0,OK,0.999975,-0.001543,0.00687,0.004151,0.917305,-0.398163,-0.005687,0.398181,0.917289
plantview__langdon_4__05-03-24,56,58,2,8,5,0.0,3.5001,4.5395,0.666667,OK,0.999567,-0.017611,0.023558,0.029345,0.65138,-0.758184,-0.001993,0.758547,0.651615
plantview__langdon_4__05-03-24,56,59,3,4,4,1.5483,4.1653,4.6233,0.130806,OK,0.999701,-0.010796,0.021925,0.024187,0.308544,-0.950902,0.003501,0.951149,0.308713
plantview__langdon_4__05-03-24,57,58,1,12,11,0.0,3.8645,4.4953,1.0,OK,0.999723,-0.018213,0.014904,0.022909,0.898129,-0.439135,-0.005387,0.439355,0.898297
plantview__langdon_4__05-03-24,57,59,2,8,8,1.235,4.2093,4.4027,0.298288,OK,0.999818,-0.013532,0.013478,0.019048,0.654771,-0.755587,0.0014,0.755706,0.654909
plantview__langdon_4__05-03-24,57,60,3,4,4,2.5633,4.3946,4.493,0.093546,OK,0.957823,-0.06084,-0.280844,-0.235946,0.391356,-0.889477,0.164026,0.918226,0.360495
plantview__langdon_4__05-03-24,58,59,1,12,12,0.0,1.1533,1.9238,1.0,OK,1.0,-0.000645,0.000134,0.000646,0.921105,-0.389314,0.000128,0.389314,0.921105
plantview__langdon_4__05-03-24,58,60,2,8,7,0.3072,1.5358,1.7703,0.510002,OK,0.955369,-0.051119,-0.29096,-0.153194,0.756408,-0.635907,0.252591,0.652099,0.714818
plantview__langdon_4__05-03-24,58,61,3,4,3,0.1274,1.0942,1.4539,0.295665,OK,0.957815,0.075899,-0.27718,-0.153861,0.950052,-0.271529,0.242727,0.302722,0.921652
plantview__langdon_4__05-03-24,59,60,1,12,11,0.5141,1.8375,5.4055,0.660437,OK,0.954616,-0.050254,-0.293571,-0.044779,0.950243,-0.308273,0.294456,0.307428,0.904867
plantview__langdon_4__05-03-24,59,61,2,8,8,0.0,1.9168,3.0529,0.666667,OK,0.956873,0.079878,-0.279309,-0.049569,0.992249,0.113952,0.286246,-0.095192,0.953416
plantview__langdon_4__05-03-24,59,62,3,4,3,0.0,2.1923,3.1318,0.333333,OK,0.952273,0.20872,-0.22274,-0.065308,0.852112,0.519269,0.298181,-0.479939,0.825074
plantview__langdon_4__05-03-24,60,61,1,12,8,0.1401,4.4829,5.4484,0.877084,OK,0.999968,0.003503,0.007226,-0.00619,0.909424,0.415824,-0.005115,-0.415855,0.909417
plantview__langdon_4__05-03-24,60,62,2,8,8,1.7497,4.5973,4.9472,0.242447,OK,0.99974,0.022412,0.00408,-0.017678,0.650314,0.75946,0.014368,-0.759335,0.650541
plantview__langdon_4__05-03-24,60,63,3,4,4,2.8367,4.1937,4.6916,0.08688,OK,0.999912,0.012705,0.003882,-0.007116,0.265433,0.964103,0.011218,-0.964046,0.2655
plantview__langdon_4__05-03-24,61,62,1,12,12,0.0,3.1846,3.3922,1.0,OK,0.99986,0.016357,-0.003642,-0.013292,0.906502,0.421992,0.010204,-0.421884,0.906592
plantview__langdon_4__05-03-24,61,63,2,8,8,1.0371,3.5251,3.5595,0.32726,OK,0.999925,0.008498,-0.008768,0.001297,0.640086,0.768302,0.012141,-0.768256,0.640028
plantview__langdon_4__05-03-24,61,64,3,4,4,1.0945,3.1191,3.5178,0.15915,OK,0.999926,0.012138,0.000745,-0.005399,0.388223,0.92155,0.010897,-0.921486,0.38826
plantview__langdon_4__05-03-24,62,63,1,12,9,0.0,1.0933,1.9899,1.0,OK,0.999893,-0.007475,-0.012576,0.012084,0.906531,0.421967,0.008246,-0.422074,0.906524
plantview__langdon_4__05-03-24,62,64,2,8,8,0.5126,1.336,1.3847,0.440731,OK,0.999974,0.005978,-0.00403,-0.001742,0.742761,0.669554,0.006996,-0.66953,0.742752
plantview__langdon_4__05-03-24,62,65,3,4,4,0.4841,0.9806,1.1115,0.224597,OK,0.999989,0.004795,6.2e-05,-0.004566,0.948049,0.318093,0.001467,-0.318089,0.94806
plantview__langdon_4__05-03-24,63,64,1,12,11,0.8618,1.6559,4.0351,0.537123,OK,0.999863,0.011653,0.011735,-0.014596,0.955403,0.294945,-0.007774,-0.295076,0.955442
plantview__langdon_4__05-03-24,63,65,2,8,7,0.374,1.4232,2.2502,0.485195,OK,0.99975,0.018795,0.012073,-0.017482,0.99474,-0.100925,-0.013906,0.100689,0.994821
plantview__langdon_4__05-03-24,63,66,3,4,4,0.0,1.2532,1.7903,0.333333,OK,0.999912,0.008328,0.01033,-0.001708,0.852822,-0.522198,-0.013159,0.522135,0.852762
plantview__langdon_4__05-03-24,64,65,1,12,12,1.4631,3.4651,4.708,0.405994,OK,0.999971,-0.001221,0.007476,0.004011,0.922567,-0.385817,-0.006426,0.385836,0.922545
plantview__langdon_4__05-03-24,64,66,2,8,6,0.615,4.6161,5.1759,0.41279,OK,0.999716,-0.01671,0.016989,0.02379,0.658823,-0.751922,0.001372,0.752113,0.659033
plantview__langdon_4__05-03-24,64,67,3,4,4,1.329,4.2865,4.9844,0.143125,OK,0.999688,-0.010405,0.022721,0.024768,0.291581,-0.956225,0.003325,0.95649,0.291747
plantview__langdon_4__05-03-24,65,66,1,12,12,0.0,2.2463,2.6745,1.0,OK,0.999772,-0.01971,0.008173,0.021284,0.894022,-0.447516,0.001514,0.447588,0.894238
plantview__langdon_4__05-03-24,65,67,2,8,8,0.2577,2.003,2.4661,0.530081,OK,0.999765,-0.016965,0.013509,0.021124,0.620775,-0.783704,0.004909,0.783805,0.620987
plantview__langdon_4__05-03-24,65,68,3,4,4,0.0,0.0,0.0,0.333333,OK,0.959027,-0.064014,-0.275988,-0.236559,0.355142,-0.904386,0.155908,0.932618,0.325448
plantview__langdon_4__05-03-24,66,67,1,12,12,0.0,1.1504,1.4379,1.0,OK,0.999999,-0.000519,-0.001418,-0.000121,0.908382,-0.418142,0.001505,0.418142,0.908381
plantview__langdon_4__05-03-24,66,68,2,8,7,0.3511,1.4556,2.2537,0.493411,OK,0.954846,-0.05424,-0.29211,-0.159377,0.736245,-0.65768,0.250737,0.674538,0.694355
plantview__langdon_4__05-03-24,66,69,3,4,4,0.7731,1.4007,1.5447,0.187992,OK,0.956519,0.075067,-0.281843,-0.159508,0.943639,-0.290005,0.244188,0.322351,0.914583
plantview__langdon_4__05-03-24,67,68,1,12,12,0.5821,1.9025,2.0673,0.632081,OK,0.955851,-0.05362,-0.288918,-0.04149,0.948735,-0.313339,0.290908,0.311492,0.904624
plantview__langdon_4__05-03-24,67,69,2,8,7,0.3491,1.7265,2.2274,0.494166,OK,0.957372,0.076456,-0.278557,-0.045632,0.992257,0.115513,0.285232,-0.097878,0.953448
plantview__langdon_4__05-03-24,67,70,3,4,4,1.4007,2.2933,2.6559,0.13885,OK,0.953424,0.206413,-0.219946,-0.063384,0.850005,0.522947,0.294899,-0.484649,0.823499
plantview__langdon_4__05-03-24,68,69,1,12,11,0.747,3.0455,4.2756,0.572408,OK,0.999969,0.004902,0.006219,-0.007095,0.903421,0.428695,-0.003517,-0.428726,0.903428
plantview__langdon_4__05-03-24,68,70,2,8,8,0.0,3.1183,3.8954,0.666667,OK,0.999786,0.020307,0.004015,-0.016033,0.636998,0.770699,0.013093,-0.770598,0.637187
plantview__langdon_4__05-03-24,68,71,3,4,4,2.4856,3.8354,4.1811,0.095632,OK,0.99986,0.016726,0.000875,-0.00493,0.243969,0.969771,0.016007,-0.969639,0.244017
plantview__langdon_4__05-03-24,69,70,1,12,12,0.0,1.7768,1.8708,1.0,OK,0.999885,0.014649,-0.003976,-0.01163,0.907671,0.419521,0.009755,-0.419426,0.907737
plantview__langdon_4__05-03-24,69,71,2,8,8,0.5937,2.2691,3.0327,0.418305,OK,0.999856,0.013714,-0.009985,-0.001057,0.637822,0.770183,0.016931,-0.770061,0.637745
plantview__langdon_4__05-03-24,69,72,3,4,4,0.0,0.8111,1.1587,0.333333,OK,0.999846,0.017544,0.000846,-0.007651,0.391687,0.920067,0.015811,-0.919931,0.391761
plantview__langdon_4__05-03-24,70,71,1,12,12,0.1672,1.4474,1.9925,0.856741,OK,0.999923,-0.001713,-0.012265,0.006782,0.904419,0.426591,0.010363,-0.426641,0.904362
plantview__langdon_4__05-03-24,70,72,2,8,8,0.0,1.5903,2.0167,0.666667,OK,0.999947,0.008819,-0.00539,-0.002937,0.742462,0.669882,0.00991,-0.66983,0.742448
plantview__langdon_4__05-03-24,70,73,3,4,4,0.2956,0.9591,1.1168,0.257275,OK,0.999987,0.005008,-0.00086,-0.004469,0.947444,0.319892,0.002416,-0.319884,0.947454
plantview__langdon_4__05-03-24,71,72,1,12,11,0.3103,1.3195,3.1062,0.763212,OK,0.999918,0.010171,0.007777,-0.012008,0.955732,0.293992,-0.004442,-0.294061,0.955776
plantview__langdon_4__05-03-24,71,73,2,8,8,0.7633,1.089,1.2829,0.378079,OK,0.999803,0.016715,0.01069,-0.015624,0.995347,-0.09508,-0.01223,0.094894,0.995412
plantview__langdon_4__05-03-24,71,74,3,4,4,1.086,1.6136,1.8068,0.159795,OK,0.999965,0.006436,0.005379,-0.002897,0.866792,-0.498661,-0.007872,0.498628,0.86678
plantview__langdon_4__05-03-24,72,73,1,12,11,0.4803,2.4664,4.392,0.675528,OK,0.999966,0.001666,0.008136,0.001567,0.924243,-0.3818,-0.008156,0.3818,0.924209
plantview__langdon_4__05-03-24,72,74,2,8,8,2.0026,3.1096,3.4414,0.222027,OK,0.999855,-0.012719,0.011291,0.016928,0.679868,-0.733139,0.001648,0.733224,0.679985
plantview__langdon_4__05-03-24,72,75,3,4,4,2.4517,2.9319,3.1214,0.09657,OK,0.999859,-0.005139,0.016013,0.016815,0.322272,-0.946498,-0.000296,0.946633,0.322313
plantview__langdon_4__05-03-24,73,74,1,12,12,0.0,3.4695,4.1332,1.0,OK,0.999822,-0.018831,-0.000795,0.016692,0.904236,-0.426706,0.008754,0.426617,0.90439
plantview__langdon_4__05-03-24,73,75,2,8,8,1.0002,4.0635,4.3957,0.333301,OK,0.999866,-0.013512,0.009212,0.015763,0.646217,-0.762991,0.004357,0.763034,0.646344
plantview__langdon_4__05-03-24,73,76,3,4,4,2.0091,3.4776,3.8755,0.110775,OK,0.955467,-0.068342,-0.287074,-0.240385,0.384005,-0.89149,0.171164,0.920798,0.350476
plantview__langdon_4__05-03-24,74,75,1,12,12,0.3384,1.5826,2.0051,0.747157,OK,0.999981,0.00572,0.002293,-0.004272,0.911688,-0.410862,-0.004441,0.410844,0.911695
plantview__langdon_4__05-03-24,74,76,2,8,8,0.3858,1.5915,1.8695,0.481055,OK,0.955373,-0.049871,-0.291161,-0.160763,0.739124,-0.654103,0.247825,0.671721,0.698122
plantview__langdon_4__05-03-24,75,76,1,12,12,0.0,2.6058,4.7698,1.0,OK,0.955059,-0.056404,-0.291,-0.039553,0.948698,-0.3137,0.293765,0.311112,0.903832
plantview__langdon_4__12-03-24,0,1,1,12,12,1.1841,4.1997,4.7772,0.457848,OK,0.999989,0.004526,0.001373,-0.003719,0.931807,-0.362935,-0.002922,0.362926,0.931813
plantview__langdon_4__12-03-24,0,2,2,8,8,0.9551,4.3017,4.3478,0.340993,OK,0.999878,-0.013395,0.008006,0.015056,0.693121,-0.720664,0.004104,0.720696,0.693239
plantview__langdon_4__12-03-24,0,3,3,4,4,0.0,3.1132,4.4474,0.333333,OK,0.999684,-0.008823,0.023537,0.02513,0.370938,-0.928317,-0.00054,0.928616,0.371043
plantview__langdon_4__12-03-24,1,2,1,12,12,0.6409,2.7422,2.8614,0.60941,OK,0.999869,-0.015578,0.004416,0.015954,0.90138,-0.432735,0.002761,0.432749,0.90151
plantview__langdon_4__12-03-24,1,3,2,8,8,2.2101,3.2018,3.5377,0.20768,OK,0.99978,-0.004531,0.020502,0.018245,0.670726,-0.741481,-0.010391,0.741692,0.67066
plantview__langdon_4__12-03-24,1,4,3,4,4,1.4494,3.1587,3.27,0.136086,OK,0.953722,-0.049695,-0.296554,-0.251088,0.410997,-0.876376,0.165435,0.910281,0.379499
plantview__langdon_4__12-03-24,2,3,1,12,11,0.2184,1.0521,1.6115,0.820719,OK,0.999893,0.008142,0.012119,-0.002991,0.926692,-0.37581,-0.014291,0.375734,0.926617
plantview__langdon_4__12-03-24,2,4,2,8,8,0.0,1.9536,2.0697,0.666667,OK,0.956373,-0.040342,-0.289351,-0.157354,0.763356,-0.62652,0.246153,0.644717,0.723705
plantview__langdon_4__12-03-24,2,5,3,4,4,0.491,1.248,1.362,0.223567,OK,0.959429,0.079302,-0.270569,-0.155307,0.949567,-0.2724,0.235322,0.30337,0.923358
plantview__langdon_4__12-03-24,3,4,1,12,10,0.2967,1.733,2.158,0.77117,OK,0.955957,-0.051537,-0.288945,-0.041956,0.950358,-0.308317,0.290491,0.306861,0.90634
plantview__langdon_4__12-03-24,3,5,2,8,8,0.0,0.56,0.8463,0.666667,OK,0.957958,0.077001,-0.276384,-0.048296,0.992845,0.109212,0.282816,-0.091272,0.954822
plantview__langdon_4__12-03-24,3,6,3,4,4,0.2475,0.604,0.6507,0.267191,OK,0.961117,0.178332,-0.210834,-0.048331,0.860355,0.507398,0.271878,-0.477479,0.835521
plantview__langdon_4__12-03-24,4,5,1,12,12,0.0,1.1304,2.6532,1.0,OK,0.999966,0.007717,0.002908,-0.008228,0.909213,0.416249,0.000568,-0.416259,0.909246
plantview__langdon_4__12-03-24,4,6,2,8,8,0.0,1.871,2.0827,0.666667,OK,0.999956,0.007243,0.005935,-0.009216,0.649056,0.760685,0.001657,-0.760706,0.649095
plantview__langdon_4__12-03-24,4,7,3,4,4,0.0,0.0,0.0,0.333333,OK,0.999903,0.013402,0.003887,-0.007531,0.28374,0.958872,0.011748,-0.958808,0.283814
plantview__langdon_4__12-03-24,5,6,1,12,12,0.4717,2.5405,3.2525,0.679473,OK,0.999999,-0.001052,0.000683,0.00067,0.908607,0.417653,-0.00106,-0.417652,0.908607
plantview__langdon_4__12-03-24,5,7,2,8,5,0.4732,3.2766,3.5298,0.452543,OK,0.99999,0.003801,-0.002221,-0.000902,0.670576,0.74184,0.004309,-0.741831,0.670573
plantview__langdon_4__12-03-24,5,8,3,4,3,0.2483,2.3695,3.1722,0.267034,OK,0.999972,0.007373,-0.001561,-0.001825,0.43787,0.899037,0.007312,-0.899008,0.437871
plantview__langdon_4__12-03-24,6,7,1,12,12,0.6538,1.1204,1.2938,0.604674,OK,0.999971,0.006407,-0.004175,-0.004245,0.919153,0.393879,0.006361,-0.393849,0.919153
plantview__langdon_4__12-03-24,6,8,2,8,8,0.4575,1.4108,1.5862,0.457401,OK,0.999844,0.017456,-0.002577,-0.011822,0.771105,0.636599,0.0131,-0.636469,0.771191
plantview__langdon_4__12-03-24,6,9,3,4,4,1.0759,1.32,1.3382,0.160573,OK,0.99982,0.018783,-0.002596,-0.017222,0.956829,0.290141,0.007934,-0.290044,0.956981
plantview__langdon_4__12-03-24,7,8,1,12,11,1.1082,2.6696,3.7576,0.474333,OK,0.999919,0.012745,0.000369,-0.012341,0.96016,0.279179,0.003204,-0.279161,0.960239
plantview__langdon_4__12-03-24,7,9,2,8,8,0.8139,1.7261,2.1844,0.367539,OK,0.999913,0.013171,0.000682,-0.013014,0.993762,-0.110761,-0.002137,0.110743,0.993847
plantview__langdon_4__12-03-24,7,10,3,4,3,0.4923,2.4582,3.0897,0.223364,OK,0.999997,0.002349,0.000396,-0.001827,0.863263,-0.504751,-0.001527,0.504749,0.863265
plantview__langdon_4__12-03-24,8,9,1,12,12,1.1657,2.4696,3.5535,0.461734,OK,0.999968,-0.006094,0.005175,0.007591,0.92683,-0.375404,-0.002509,0.375431,0.926847
plantview__langdon_4__12-03-24,8,10,2,8,7,0.5848,2.5114,2.9734,0.420651,OK,0.999624,-0.018837,0.019949,0.027435,0.694594,-0.718879,-0.000315,0.719156,0.694849
plantview__langdon_4__12-03-24,8,11,3,4,4,0.0,0.0,0.0,0.333333,OK,0.999756,-0.013453,0.017495,0.021258,0.37416,-0.92712,0.005926,0.927266,0.374355
plantview__langdon_4__12-03-24,9,10,1,12,12,0.9743,3.4622,3.6924,0.506517,OK,0.999935,-0.008487,0.007647,0.010898,0.909484,-0.415597,-0.003428,0.415653,0.909517
plantview__langdon_4__12-03-24,9,11,2,8,8,2.5276,3.4592,3.4611,0.188984,OK,0.999994,-0.002265,0.002557,0.003415,0.681247,-0.732046,-8.4e-05,0.73205,0.681251
plantview__langdon_4__12-03-24,9,12,3,4,4,2.1408,3.0125,3.2456,0.106129,OK,0.956747,-0.050004,-0.286592,-0.239198,0.425509,-0.872769,0.165589,0.903571,0.395144
plantview__langdon_4__12-03-24,10,11,1,12,12,0.4591,1.3012,1.6773,0.685352,OK,0.999967,0.000713,-0.00807,-0.003739,0.924309,-0.381627,0.007187,0.381645,0.924281
plantview__langdon_4__12-03-24,10,12,2,8,6,0.1197,1.3045,1.4599,0.595396,OK,0.955855,-0.051342,-0.289317,-0.149103,0.763687,-0.628132,0.253197,0.643542,0.722319
plantview__langdon_4__12-03-24,10,13,3,4,4,0.807,1.5387,1.7867,0.184471,OK,0.955082,0.07756,-0.286011,-0.154433,0.953993,-0.256998,0.25292,0.289624,0.923119
plantview__langdon_4__12-03-24,11,12,1,12,12,1.313,3.2365,3.4092,0.432341,OK,0.958668,-0.048308,-0.280395,-0.039231,0.953626,-0.298425,0.281809,0.297091,0.912316
plantview__langdon_4__12-03-24,11,13,2,8,8,0.0,1.7376,1.9031,0.666667,OK,0.959241,0.08208,-0.270407,-0.047334,0.990038,0.132604,0.278598,-0.1144,0.95357
plantview__langdon_4__12-03-24,11,14,3,4,4,0.0,1.0592,1.5132,0.333333,OK,0.958241,0.188991,-0.214609,-0.054748,0.857843,0.510988,0.280673,-0.4779,0.832367
plantview__langdon_4__12-03-24,12,13,1,12,10,0.474,4.6134,5.5272,0.678427,OK,0.99997,0.007178,0.002883,-0.007723,0.905208,0.424899,0.00044,-0.424909,0.905236
plantview__langdon_4__12-03-24,12,14,2,8,8,1.4091,4.4692,4.6082,0.276731,OK,0.999852,0.017,0.002664,-0.013271,0.663264,0.748268,0.010954,-0.748193,0.663391
plantview__langdon_4__12-03-24,12,15,3,4,4,0.0,3.2393,4.6275,0.333333,OK,0.999849,0.017382,0.000875,-0.006027,0.298602,0.954359,0.016328,-0.954219,0.298662
plantview__langdon_4__12-03-24,13,14,1,12,12,0.0,2.5582,2.6966,1.0,OK,0.999954,0.009235,-0.002757,-0.007442,0.921675,0.387891,0.006123,-0.387852,0.921701
plantview__langdon_4__12-03-24,13,15,2,8,5,0.0,2.9057,2.9531,0.666667,OK,0.999866,0.012707,-0.010329,-0.001137,0.683123,0.730302,0.016336,-0.730193,0.683046
plantview__langdon_4__12-03-24,13,16,3,4,4,0.0,0.6846,0.978,0.333333,OK,0.999921,0.012571,-0.000923,-0.004875,0.453221,0.891385,0.011624,-0.89131,0.453246
plantview__langdon_4__12-03-24,14,15,1,12,12,0.4387,1.0805,1.3962,0.695068,OK,0.999912,0.005181,-0.012199,9.8e-05,0.917509,0.397715,0.013253,-0.397681,0.917428
plantview__langdon_4__12-03-24,14,16,2,8,8,0.0,0.7088,0.9713,0.666667,OK,0.999884,0.014444,-0.004835,-0.007898,0.763072,0.646265,0.013024,-0.646152,0.763098
plantview__langdon_4__12-03-24,14,17,3,4,4,0.2868,0.8063,0.9565,0.259033,OK,0.999821,0.018336,-0.004623,-0.016095,0.953515,0.300917,0.009926,-0.300788,0.953639
plantview__langdon_4__12-03-24,15,16,1,12,10,0.4734,2.632,2.924,0.678713,OK,0.999968,0.004429,0.006649,-0.006163,0.957231,0.289259,-0.005083,-0.289291,0.957228
plantview__langdon_4__12-03-24,15,17,2,8,7,0.2259,1.0526,1.1932,0.543819,OK,0.999878,0.012805,0.008955,-0.011856,0.995015,-0.099018,-0.010179,0.0989,0.995045
plantview__langdon_4__12-03-24,15,18,3,4,4,0.0,1.9082,2.726,0.333333,OK,0.999933,7e-06,0.01161,0.00582,0.864991,-0.501753,-0.010046,0.501787,0.864933
plantview__langdon_4__12-03-24,16,17,1,12,12,0.6752,3.9791,4.8729,0.596944,OK,0.999981,0.002815,0.005513,-0.000529,0.926157,-0.377138,-0.006167,0.377128,0.92614
plantview__langdon_4__12-03-24,16,18,2,8,8,2.1788,3.4417,3.4864,0.209724,OK,0.999759,-0.014219,0.016702,0.021914,0.681172,-0.731796,-0.000972,0.731985,0.68132
plantview__langdon_4__12-03-24,16,19,3,4,4,1.9788,4.1161,4.7379,0.111901,OK,0.99975,-0.007873,0.020905,0.022338,0.351091,-0.936075,3e-05,0.936308,0.351179
plantview__langdon_4__12-03-24,17,18,1,12,12,1.8042,2.869,3.0679,0.356613,OK,0.99992,-0.012336,0.002624,0.012252,0.900834,-0.43399,0.00299,0.433988,0.900914
plantview__langdon_4__12-03-24,17,19,2,8,8,1.8654,2.9093,2.9443,0.232663,OK,0.999864,-0.007672,0.014592,0.016019,0.661304,-0.749947,-0.003896,0.750078,0.661337
plantview__langdon_4__12-03-24,17,20,3,4,4,1.6507,2.3523,2.6188,0.125752,OK,0.956009,-0.048268,-0.289338,-0.244668,0.412907,-0.877294,0.161815,0.909493,0.382933
plantview__langdon_4__12-03-24,18,19,1,12,12,1.0101,1.6585,2.1026,0.497492,OK,0.999887,-0.000634,0.015044,0.00643,0.921421,-0.388512,-0.013615,0.388565,0.921321
plantview__langdon_4__12-03-24,18,20,2,8,8,0.8706,1.7438,1.7654,0.356385,OK,0.96311,-0.040759,-0.266003,-0.141577,0.763868,-0.629652,0.228855,0.644084,0.729919
plantview__langdon_4__12-03-24,18,21,3,4,4,1.0673,1.4406,1.525,0.161241,OK,0.965521,0.066181,-0.251772,-0.138499,0.949501,-0.281543,0.220424,0.306706,0.925929
plantview__langdon_4__12-03-24,19,20,1,12,12,1.3031,3.8508,6.3753,0.434197,OK,0.959184,-0.042833,-0.27952,-0.040873,0.957083,-0.286918,0.279813,0.286631,0.916268
plantview__langdon_4__12-03-24,19,21,2,8,8,0.9557,3.0829,4.0346,0.340892,OK,0.962399,0.078421,-0.260073,-0.044604,0.990048,0.133475,0.267952,-0.116856,0.956319
plantview__langdon_4__12-03-24,19,22,3,4,4,2.2894,4.0765,4.532,0.101337,OK,0.963247,0.17687,-0.202171,-0.048855,0.855431,0.515607,0.264138,-0.486779,0.832632
plantview__langdon_4__12-03-24,20,21,1,12,9,0.2549,3.4896,4.6245,0.796883,OK,0.999984,0.005545,0.001184,-0.005535,0.909425,0.415831,0.001229,-0.415831,0.909441
plantview__langdon_4__12-03-24,20,22,2,8,8,1.09,4.281,4.4163,0.318973,OK,0.999915,0.013018,0.000732,-0.009282,0.671215,0.741205,0.009157,-0.741148,0.671279
plantview__langdon_4__12-03-24,20,23,3,4,4,0.0,3.2447,4.6353,0.333333,OK,0.999863,0.01643,0.0018,-0.006553,0.294098,0.955753,0.015174,-0.955634,0.294166
plantview__langdon_4__12-03-24,21,22,1,12,12,0.4569,3.0971,3.2859,0.686373,OK,0.999988,0.004094,-0.002847,-0.002657,0.920609,0.390477,0.00422,-0.390464,0.920608
plantview__langdon_4__12-03-24,21,23,2,8,8,1.4308,3.3583,3.5215,0.274262,OK,0.999931,0.008567,-0.007979,0.000196,0.669155,0.743123,0.011706,-0.743073,0.669108
plantview__langdon_4__12-03-24,21,24,3,4,4,1.4682,3.2712,3.5753,0.135052,OK,0.999954,0.009606,0.000776,-0.00485,0.432031,0.901846,0.008327,-0.901808,0.432058
plantview__langdon_4__12-03-24,22,23,1,12,12,0.9662,1.1896,1.2748,0.508589,OK,0.99996,0.005082,-0.007377,-0.001536,0.908582,0.417704,0.008826,-0.417676,0.908553
plantview__langdon_4__12-03-24,22,24,2,8,5,0.106,1.0148,1.1165,0.602757,OK,0.999903,0.013897,0.001096,-0.011178,0.752265,0.658766,0.008331,-0.658714,0.752347
plantview__langdon_4__12-03-24,22,25,3,4,4,0.7291,0.9574,1.0334,0.192773,OK,0.999907,0.012948,0.00417,-0.013602,0.948322,0.317019,0.00015,-0.317047,0.94841
plantview__langdon_4__12-03-24,23,24,1,12,12,0.6915,2.1305,2.3399,0.591191,OK,0.999962,0.006115,0.006181,-0.007616,0.95898,0.283372,-0.004195,-0.283409,0.95899
plantview__langdon_4__12-03-24,23,25,2,8,8,0.6032,1.23,1.5593,0.415822,OK,0.9999,0.008265,0.011459,-0.007143,0.995476,-0.094748,-0.012191,0.094657,0.995435
plantview__langdon_4__12-03-24,23,26,3,4,4,0.0,2.1637,3.0911,0.333333,OK,0.999943,-0.001394,0.010545,0.006459,0.86728,-0.497778,-0.008452,0.497818,0.86724
plantview__langdon_4__12-03-24,24,25,1,12,12,1.0804,4.0866,4.5033,0.480673,OK,0.999919,-0.005771,0.011333,0.009514,0.930749,-0.365534,-0.008438,0.365612,0.930729
plantview__langdon_4__12-03-24,24,26,2,8,8,0.0,3.4428,4.4268,0.666667,OK,0.999564,-0.018609,0.02292,0.029422,0.692151,-0.721153,-0.002444,0.721513,0.692397
plantview__langdon_4__12-03-24,24,27,3,4,4,0.0,3.124,4.4628,0.333333,OK,0.999314,-0.007926,0.036163,0.036542,0.367812,-0.929182,-0.005937,0.929866,0.367849
plantview__langdon_4__12-03-24,25,26,1,12,12,0.7137,3.0297,4.2501,0.583534,OK,0.999903,-0.01365,0.002827,0.013528,0.901312,-0.43296,0.003362,0.432956,0.901409
plantview__langdon_4__12-03-24,25,27,2,8,8,1.147,3.7015,4.4979,0.310509,OK,0.999973,-0.006456,0.003442,0.006854,0.662143,-0.749346,0.002558,0.749349,0.66217
plantview__langdon_4__12-03-24,25,28,3,4,4,0.0,2.2019,3.1456,0.333333,OK,0.956264,-0.055641,-0.287164,-0.242123,0.400271,-0.883832,0.164121,0.914706,0.369293
plantview__langdon_4__12-03-24,26,27,1,12,12,0.291,1.8375,1.9967,0.774606,OK,0.99997,0.005924,-0.005034,-0.007399,0.923891,-0.382585,0.002384,0.38261,0.923907
plantview__langdon_4__12-03-24,26,28,2,8,8,0.0,1.5841,1.9853,0.666667,OK,0.9583,-0.043487,-0.282437,-0.150094,0.76445,-0.626967,0.243174,0.643214,0.726045
plantview__langdon_4__12-03-24,26,29,3,4,3,0.567,1.2007,1.4672,0.212723,OK,0.961755,0.079792,-0.262031,-0.15069,0.952985,-0.262894,0.228735,0.292325,0.928562
plantview__langdon_4__12-03-24,27,28,1,12,12,1.0422,2.8226,3.8426,0.489662,OK,0.962888,-0.045622,-0.266019,-0.037569,0.953361,-0.299484,0.267275,0.298364,0.916266
plantview__langdon_4__12-03-24,27,29,2,8,7,0.2668,1.7976,1.9493,0.526244,OK,0.967218,0.074897,-0.24265,-0.045565,0.991195,0.124322,0.249825,-0.10919,0.962115
plantview__langdon_4__12-03-24,27,30,3,4,4,0.0,0.0,0.0,0.333333,OK,0.968133,0.162411,-0.190635,-0.043086,0.857874,0.512051,0.246703,-0.48752,0.837533
plantview__langdon_4__12-03-24,28,29,1,12,12,0.0,3.9687,4.3234,1.0,OK,0.999902,0.010552,0.009224,-0.013454,0.907093,0.420715,-0.003928,-0.420798,0.907146
plantview__langdon_4__12-03-24,28,30,2,8,8,1.4949,3.5275,4.4248,0.267216,OK,0.999923,0.009429,0.00801,-0.012235,0.657526,0.753332,0.001836,-0.753373,0.657591
plantview__langdon_4__12-03-24,28,31,3,4,4,1.2128,2.5271,2.5707,0.150639,OK,0.999882,0.014011,0.006246,-0.010034,0.289373,0.957164,0.011603,-0.957114,0.28948
plantview__langdon_4__12-03-24,29,30,1,12,12,0.3539,3.0205,3.533,0.738622,OK,0.999988,-0.001419,-0.004741,0.003205,0.915692,0.401868,0.003771,-0.401878,0.915685
plantview__langdon_4__12-03-24,29,31,2,8,5,0.0,3.2267,3.5766,0.666667,OK,0.999846,0.0066,-0.016288,0.007507,0.677637,0.735358,0.015891,-0.735367,0.677483
plantview__langdon_4__12-03-24,29,32,3,4,4,1.5496,3.2576,3.4446,0.130739,OK,0.999947,0.008282,-0.006094,0.001867,0.436571,0.899668,0.010112,-0.899632,0.436533
plantview__langdon_4__12-03-24,30,31,1,12,12,0.3451,0.9646,1.4327,0.743451,OK,0.99993,0.003648,-0.011298,0.001053,0.920614,0.390474,0.011825,-0.390458,0.920545
plantview__langdon_4__12-03-24,30,32,2,8,8,0.3664,0.6144,0.8228,0.487917,OK,0.999871,0.015901,0.00241,-0.01367,0.761352,0.648194,0.008472,-0.648143,0.761471
plantview__langdon_4__12-03-24,30,33,3,4,4,0.6169,0.9074,0.919,0.206156,OK,0.999856,0.016259,0.004961,-0.016997,0.95131,0.307768,0.000285,-0.307808,0.951449
plantview__langdon_4__12-03-24,31,32,1,12,12,0.5326,1.3095,2.9634,0.652491,OK,0.999864,0.010184,0.012954,-0.013677,0.951388,0.307691,-0.009191,-0.307827,0.951398
plantview__langdon_4__12-03-24,31,33,2,8,8,0.4899,1.4892,1.495,0.447449,OK,0.999811,0.012884,0.014541,-0.011895,0.997739,-0.066151,-0.01536,0.065965,0.997704
plantview__langdon_4__12-03-24,31,34,3,4,4,0.0,0.0,0.0,0.333333,OK,0.9999,0.004543,0.013427,0.00235,0.881016,-0.473081,-0.013979,0.473065,0.880917
plantview__langdon_4__12-03-24,32,33,1,12,12,0.6609,2.9125,3.1355,0.602085,OK,0.999963,-0.003877,0.00765,0.006446,0.928114,-0.37224,-0.005657,0.372276,0.928105
plantview__langdon_4__12-03-24,32,34,2,8,6,0.1816,3.0054,3.0243,0.5642,OK,0.999814,-0.013116,0.014163,0.019304,0.680144,-0.732824,-2.1e-05,0.732961,0.680271
plantview__langdon_4__12-03-24,32,35,3,4,4,0.3805,1.2094,1.4015,0.241461,OK,0.999618,-0.005961,0.026976,0.027377,0.344642,-0.938335,-0.003704,0.938715,0.344674
plantview__langdon_4__12-03-24,33,34,1,12,12,1.2975,2.7853,3.1125,0.435258,OK,0.999932,-0.011123,-0.003362,0.008535,0.89941,-0.437022,0.007885,0.436964,0.899444
plantview__langdon_4__12-03-24,33,35,2,8,8,1.4572,3.1056,3.5274,0.271315,OK,0.999814,-0.010865,0.015917,0.019141,0.655847,-0.754651,-0.00224,0.754816,0.655933
plantview__langdon_4__12-03-24,33,36,3,4,4,1.042,2.0206,2.3924,0.163235,OK,0.951657,-0.061801,-0.30088,-0.253723,0.393949,-0.883419,0.173128,0.917052,0.359224
plantview__langdon_4__12-03-24,34,35,1,12,12,0.2654,1.759,2.1568,0.790246,OK,0.999761,0.000952,0.021848,0.007601,0.921634,-0.387985,-0.020506,0.388058,0.921407
plantview__langdon_4__12-03-24,34,36,2,8,8,0.0,1.4654,1.6925,0.666667,OK,0.956271,-0.042485,-0.289381,-0.156972,0.760284,-0.630339,0.246791,0.6482,0.720369
plantview__langdon_4__12-03-24,34,37,3,4,4,0.4561,1.0925,1.1697,0.228918,OK,0.957954,0.078026,-0.276107,-0.153677,0.952173,-0.264102,0.242295,0.295429,0.924129
plantview__langdon_4__12-03-24,35,36,1,12,9,0.3068,2.0035,4.2351,0.765248,OK,0.948173,-0.050224,-0.31376,-0.047948,0.953509,-0.297527,0.314116,0.297151,0.901683
plantview__langdon_4__12-03-24,35,37,2,8,7,0.4093,2.2404,2.4005,0.473061,OK,0.949778,0.08908,-0.299979,-0.048696,0.989022,0.139516,0.309113,-0.117902,0.943689
plantview__langdon_4__12-03-24,35,38,3,4,4,0.0,1.5523,2.2175,0.333333,OK,0.951439,0.199665,-0.234301,-0.049862,0.851028,0.522748,0.303771,-0.485681,0.819657
plantview__langdon_4__12-03-24,36,37,1,12,12,0.0,3.8208,4.2663,1.0,OK,0.999998,0.001058,0.001426,-0.001567,0.90358,0.428417,-0.000835,-0.428418,0.90358
plantview__langdon_4__12-03-24,36,38,2,8,8,2.1638,3.2762,4.4257,0.210719,OK,0.999983,4.3e-05,0.005869,-0.004456,0.656459,0.754349,-0.00382,-0.754362,0.656448
plantview__langdon_4__12-03-24,36,39,3,4,4,1.2188,2.4915,2.5146,0.150234,OK,0.999952,0.0098,-5.6e-05,-0.002786,0.289718,0.957108,0.009396,-0.957062,0.289732
plantview__langdon_4__12-03-24,37,38,1,12,12,0.0,2.8473,3.1586,1.0,OK,0.99997,-0.003413,0.007003,0.000383,0.91935,0.393441,-0.007781,-0.393427,0.919323
plantview__langdon_4__12-03-24,37,39,2,8,8,0.0,3.0317,3.0493,0.666667,OK,0.999998,0.001867,0.000204,-0.001432,0.687495,0.726188,0.001215,-0.726187,0.687496
plantview__langdon_4__12-03-24,37,40,3,4,4,1.5467,3.1619,3.1913,0.130891,OK,0.99999,0.004299,0.000805,-0.00265,0.449023,0.893516,0.00348,-0.89351,0.44903
plantview__langdon_4__12-03-24,38,39,1,12,12,0.547,1.4182,1.4292,0.646427,OK,0.999948,0.009211,-0.004435,-0.006746,0.920502,0.39068,0.007681,-0.39063,0.920516
plantview__langdon_4__12-03-24,38,40,2,8,8,0.0,1.1478,1.4396,0.666667,OK,0.999865,0.016446,-0.000356,-0.012318,0.762878,0.646425,0.010903,-0.646333,0.762978
plantview__langdon_4__12-03-24,38,41,3,4,4,0.8481,1.1953,1.3167,0.180363,OK,0.999857,0.016867,0.001109,-0.016376,0.950318,0.31085,0.004189,-0.310824,0.950458
plantview__langdon_4__12-03-24,39,40,1,12,12,0.603,1.5332,3.825,0.623845,OK,0.999968,0.007968,0.000277,-0.007684,0.953943,0.299888,0.002125,-0.299881,0.953974
plantview__langdon_4__12-03-24,39,41,2,8,8,0.6297,1.2137,1.5154,0.409082,OK,0.999961,0.008463,0.00239,-0.008268,0.997352,-0.072251,-0.002995,0.072229,0.997384
plantview__langdon_4__12-03-24,39,42,3,4,3,0.122,1.2238,1.6437,0.297086,OK,0.999933,-0.009327,0.006784,0.011412,0.885253,-0.464969,-0.001669,0.465016,0.885301
plantview__langdon_4__12-03-24,40,41,1,12,10,0.2211,3.767,4.9219,0.818947,OK,0.999973,-0.001873,0.007128,0.004375,0.929188,-0.369583,-0.005931,0.369604,0.929171
plantview__langdon_4__12-03-24,40,42,2,8,8,0.3876,3.6822,3.8909,0.480441,OK,0.999568,-0.020861,0.020687,0.029376,0.699253,-0.71427,0.000435,0.714569,0.699564
plantview__langdon_4__12-03-24,40,43,3,4,4,0.8837,3.0943,3.663,0.176957,OK,0.999618,-0.01308,0.024359,0.027443,0.362134,-0.931722,0.003366,0.932034,0.362355
plantview__langdon_4__12-03-24,41,42,1,12,12,0.0,2.8741,3.5145,1.0,OK,0.999729,-0.019523,0.012711,0.023045,0.908723,-0.416763,-0.003414,0.416943,0.908926
plantview__langdon_4__12-03-24,41,43,2,8,8,1.7504,3.3096,3.7023,0.242386,OK,0.9999,-0.012708,-0.006155,0.003978,0.671786,-0.740735,0.013548,0.740636,0.671769
plantview__langdon_4__12-03-24,41,44,3,4,4,0.0,1.7582,2.5118,0.333333,OK,0.965286,-0.035831,-0.258728,-0.219643,0.424708,-0.878282,0.141353,0.904621,0.402094
plantview__langdon_4__12-03-24,42,43,1,12,12,0.8047,1.5189,1.8046,0.554121,OK,0.9996,0.00112,-0.028244,-0.011947,0.922327,-0.386225,0.025618,0.386408,0.921972
plantview__langdon_4__12-03-24,42,44,2,8,8,0.0,0.5673,0.8125,0.666667,OK,0.964831,-0.027773,-0.2614,-0.147288,0.766535,-0.625085,0.217732,0.641602,0.735486
plantview__langdon_4__12-03-24,42,45,3,4,4,1.1487,1.4455,1.5055,0.155131,OK,0.968567,0.077314,-0.236433,-0.142997,0.950782,-0.274892,0.203544,0.30006,0.931952
plantview__langdon_4__12-03-24,43,44,1,12,12,0.8177,2.4321,3.0615,0.55015,OK,0.975722,-0.016862,-0.218361,-0.048487,0.955659,-0.290455,0.213576,0.293991,0.931641
plantview__langdon_4__12-03-24,43,45,2,8,8,0.5906,2.028,2.1088,0.41912,OK,0.97736,0.072094,-0.198922,-0.050252,0.992352,0.112749,0.205529,-0.1002,0.973508
plantview__langdon_4__12-03-24,43,46,3,4,4,0.0,1.6427,2.3467,0.333333,OK,0.978811,0.139835,-0.149587,-0.048257,0.867466,0.49515,0.199,-0.47744,0.855833
plantview__langdon_4__12-03-24,44,45,1,12,12,0.0,3.6536,5.5414,1.0,OK,0.999989,0.003728,-0.002909,-0.00225,0.916184,0.400751,0.004159,-0.40074,0.916183
plantview__langdon_4__12-03-24,44,46,2,8,8,1.4363,3.9737,4.3426,0.273643,OK,0.999986,0.002896,-0.004438,0.001244,0.685755,0.727831,0.005151,-0.727826,0.685742
plantview__langdon_4__12-03-24,44,47,3,4,4,1.8465,4.5476,4.9139,0.117105,OK,0.999861,0.014718,-0.007867,0.002855,0.313621,0.949544,0.016442,-0.949434,0.313535
plantview__langdon_4__12-03-24,45,46,1,12,12,0.0,1.921,2.607,1.0,OK,0.999977,-0.006328,-0.002619,0.006849,0.921271,0.388861,-4.8e-05,-0.38887,0.921293
plantview__langdon_4__12-03-24,45,47,2,8,8,0.2551,2.7088,2.9949,0.531152,OK,0.999957,-0.000737,-0.009192,0.007284,0.674342,0.738383,0.005654,-0.738419,0.674319
plantview__langdon_4__12-03-24,45,48,3,4,3,0.2514,1.9378,2.5527,0.266365,OK,0.999838,0.002206,-0.017836,0.01511,0.434079,0.900748,0.00973,-0.900872,0.433976
plantview__langdon_4__12-03-24,46,47,1,12,12,0.707,1.2236,1.2269,0.585824,OK,0.999982,0.005671,-0.002031,-0.004322,0.910359,0.413797,0.004196,-0.41378,0.910367
plantview__langdon_4__12-03-24,46,48,2,8,8,0.786,1.4874,1.7824,0.373271,OK,0.999912,0.011182,-0.007128,-0.003717,0.752328,0.658778,0.012729,-0.658694,0.752303
plantview__langdon_4__12-03-24,46,49,3,4,4,0.8074,0.8853,0.9087,0.184428,OK,0.999904,0.013242,-0.003979,-0.011328,0.949553,0.313402,0.007928,-0.313327,0.949612
plantview__langdon_4__12-03-24,47,48,1,12,10,0.6057,1.8673,3.1051,0.622788,OK,0.999975,0.003916,-0.005852,-0.002088,0.958648,0.284588,0.006724,-0.284569,0.958632
plantview__langdon_4__12-03-24,47,49,2,8,8,0.8115,1.3645,1.5671,0.368022,OK,0.999987,0.004966,-0.001409,-0.005082,0.994988,-0.099861,0.000906,0.099867,0.995
plantview__langdon_4__12-03-24,47,50,3,4,4,1.0915,2.19,2.6215,0.159372,OK,0.999873,-0.013957,0.007743,0.015957,0.863801,-0.50358,0.00034,0.50364,0.863914
plantview__langdon_4__12-03-24,48,49,1,12,12,1.9836,3.6171,3.8169,0.335165,OK,0.999982,0.001417,0.00585,0.000777,0.933345,-0.35898,-0.005969,0.358978,0.933327
plantview__langdon_4__12-03-24,48,50,2,8,8,0.8594,3.8436,5.0629,0.358531,OK,0.999629,-0.016872,0.021389,0.027054,0.707126,-0.70657,-0.003203,0.706886,0.70732
plantview__langdon_4__12-03-24,48,51,3,4,4,1.7902,4.5322,4.94,0.119464,OK,0.999556,-0.01313,0.026747,0.029764,0.398915,-0.916505,0.001364,0.916894,0.399128
plantview__langdon_4__12-03-24,49,50,1,12,12,0.0,1.8369,3.806,1.0,OK,0.999792,-0.015032,0.013785,0.019452,0.905967,-0.422902,-0.006132,0.423082,0.906071
plantview__langdon_4__12-03-24,49,51,2,8,7,0.3487,2.5618,3.3923,0.494307,OK,0.999791,-0.012593,0.016119,0.0204,0.671477,-0.740745,-0.001495,0.740918,0.671593
plantview__langdon_4__12-03-24,49,52,3,4,4,0.9308,3.3009,3.9177,0.172636,OK,0.95419,-0.058451,-0.293435,-0.245778,0.406167,-0.880126,0.170628,0.911928,0.373195
plantview__langdon_4__12-03-24,50,51,1,12,12,0.0,1.4229,1.9702,1.0,OK,0.999981,-0.005911,-0.001701,0.00479,0.921865,-0.387481,0.003859,0.387466,0.921876
plantview__langdon_4__12-03-24,50,52,2,8,8,0.0,0.6882,0.6973,0.666667,OK,0.951781,-0.057829,-0.301279,-0.153378,0.760819,-0.630578,0.265685,0.646382,0.715263
plantview__langdon_4__12-03-24,50,53,3,4,4,0.4417,0.9815,1.0236,0.231207,OK,0.951754,0.076791,-0.297099,-0.157961,0.952657,-0.259793,0.263083,0.294189,0.918825
plantview__langdon_4__12-03-24,51,52,1,12,12,0.0,1.9496,3.8235,1.0,OK,0.952314,-0.049417,-0.301092,-0.043438,0.954789,-0.294095,0.302012,0.29315,0.907112
plantview__langdon_4__12-03-24,51,53,2,8,8,0.0,1.0085,1.6016,0.666667,OK,0.952465,0.087238,-0.291892,-0.049943,0.989874,0.132876,0.300528,-0.111982,0.947176
plantview__langdon_4__12-03-24,51,54,3,4,4,0.0,0.6246,0.8923,0.333333,OK,0.954062,0.194507,-0.227886,-0.049101,0.851836,0.521502,0.295557,-0.486356,0.822256
plantview__langdon_4__12-03-24,52,53,1,12,12,0.0,3.8057,4.1822,1.0,OK,0.999965,0.008106,-0.001959,-0.006558,0.909483,0.41569,0.005151,-0.415663,0.909504
plantview__langdon_4__12-03-24,52,54,2,8,8,1.518,3.4258,4.3196,0.264757,OK,0.999952,0.00968,-0.001156,-0.005626,0.669766,0.742551,0.007962,-0.742509,0.669789
plantview__langdon_4__12-03-24,52,55,3,4,4,0.8667,2.2802,2.5146,0.178567,OK,0.999919,0.011929,-0.004503,0.000846,0.290263,0.956947,0.012722,-0.956873,0.290229
plantview__langdon_4__12-03-24,53,54,1,12,12,1.0958,3.0407,4.2192,0.477136,OK,0.999988,-0.004849,0.001011,0.004059,0.919161,0.393861,-0.002839,-0.393852,0.91917
plantview__langdon_4__12-03-24,53,55,2,8,8,2.4517,3.5399,4.4443,0.193141,OK,0.999963,-0.003283,-0.007957,0.008109,0.669439,0.742823,0.002888,-0.74286,0.66944
plantview__langdon_4__12-03-24,53,56,3,4,3,1.3773,3.4642,4.345,0.140214,OK,0.999765,0.009009,-0.019711,0.01402,0.424743,0.905205,0.016527,-0.905269,0.424517
plantview__langdon_4__12-03-24,54,55,1,12,12,1.1139,2.0376,2.3198,0.473057,OK,0.999953,0.006292,-0.007316,-0.00274,0.912102,0.409955,0.009253,-0.409916,0.912076
plantview__langdon_4__12-03-24,54,56,2,8,8,1.2221,1.6324,1.7165,0.300017,OK,0.999354,0.032362,-0.015628,-0.013987,0.750821,0.660357,0.033104,-0.659712,0.750789
plantview__langdon_4__12-03-24,54,57,3,4,4,1.1193,1.5076,1.6239,0.157288,OK,0.99935,0.030363,-0.019443,-0.02301,0.952269,0.304392,0.027758,-0.303746,0.952349
plantview__langdon_4__12-03-24,55,56,1,12,12,1.0745,2.0631,4.0281,0.482045,OK,0.99969,0.022794,-0.010035,-0.018711,0.953304,0.301433,0.016437,-0.301151,0.953435
plantview__langdon_4__12-03-24,55,57,2,8,8,0.6371,1.9326,2.7081,0.407225,OK,0.999688,0.022649,-0.010541,-0.023458,0.996168,-0.084256,0.008592,0.084477,0.996388
plantview__langdon_4__12-03-24,55,58,3,4,4,1.0299,2.7445,3.038,0.164213,OK,0.999971,-0.000711,-0.007614,-0.003199,0.865493,-0.50091,0.006946,0.50092,0.865466
plantview__langdon_4__12-03-24,56,57,1,12,12,1.4554,2.4313,3.9791,0.407259,OK,0.999958,2.3e-05,0.009183,0.003408,0.927641,-0.373457,-0.008527,0.373472,0.927602
plantview__langdon_4__12-03-24,56,58,2,8,8,1.8007,2.7308,2.733,0.238038,OK,0.999518,-0.016675,0.026191,0.030531,0.68133,-0.731339,-0.00565,0.731786,0.681511
plantview__langdon_4__12-03-24,56,59,3,4,4,2.0082,2.4837,2.6246,0.110808,OK,0.999347,-0.004718,0.035819,0.035179,0.352892,-0.935003,-0.008229,0.935652,0.352827
plantview__langdon_4__12-03-24,57,58,1,12,12,0.0,1.6466,2.2715,1.0,OK,0.999675,-0.020057,0.015738,0.02489,0.901453,-0.43216,-0.005519,0.432411,0.90166
plantview__langdon_4__12-03-24,57,59,2,8,8,1.3343,2.6084,2.7459,0.285594,OK,0.999688,-0.008165,0.023608,0.023049,0.665801,-0.745773,-0.009629,0.746085,0.665781
plantview__langdon_4__12-03-24,57,60,3,4,3,0.0,1.8499,2.6428,0.333333,OK,0.95863,-0.054354,-0.279416,-0.234454,0.405902,-0.883332,0.161428,0.912299,0.376366
plantview__langdon_4__12-03-24,58,59,1,12,12,0.0,1.7208,2.4809,1.0,OK,0.999998,0.001841,-0.001053,-0.002105,0.922323,-0.386414,0.00026,0.386416,0.922325
plantview__langdon_4__12-03-24,58,60,2,8,8,0.0,1.1772,1.8272,0.666667,OK,0.951267,-0.052127,-0.30393,-0.160193,0.758646,-0.631502,0.263493,0.649415,0.713325
plantview__langdon_4__12-03-24,58,61,3,4,4,0.7052,1.4466,1.4622,0.195478,OK,0.951959,0.078171,-0.29608,-0.161527,0.949604,-0.268629,0.26016,0.303548,0.916611
plantview__langdon_4__12-03-24,59,60,1,12,12,1.0186,2.7357,5.3848,0.495404,OK,0.952217,-0.053881,-0.300632,-0.042511,0.951354,-0.305154,0.302449,0.303353,0.903605
plantview__langdon_4__12-03-24,59,61,2,8,7,0.5452,2.7468,3.7198,0.431446,OK,0.953159,0.082541,-0.29099,-0.0493,0.991576,0.119781,0.298425,-0.099824,0.949198
plantview__langdon_4__12-03-24,59,62,3,4,3,0.6349,3.3928,4.3027,0.20389,OK,0.954336,0.191389,-0.229374,-0.049149,0.857947,0.511382,0.294664,-0.476757,0.828176
plantview__langdon_4__12-03-24,60,61,1,12,12,0.9822,3.0001,3.0522,0.5045,OK,0.999969,0.007901,-0.000633,-0.006899,0.906861,0.421373,0.003904,-0.421355,0.906887
plantview__langdon_4__12-03-24,60,62,2,8,8,1.8431,3.1983,3.634,0.234488,OK,0.999971,0.00703,0.002936,-0.006863,0.663886,0.747802,0.003308,-0.747801,0.663915
plantview__langdon_4__12-03-24,60,63,3,4,4,0.0,0.0,0.0,0.333333,OK,0.999726,0.023051,-0.004127,-0.002271,0.270826,0.962626,0.023307,-0.962352,0.270804
plantview__langdon_4__12-03-24,61,62,1,12,12,0.0,1.4255,3.5604,1.0,OK,0.999986,-0.004469,0.002791,0.003006,0.918949,0.394365,-0.004327,-0.394351,0.91895
plantview__langdon_4__12-03-24,61,63,2,8,8,0.0,1.7566,2.9976,0.666667,OK,0.999945,0.007239,-0.007621,0.000945,0.66022,0.751072,0.010469,-0.751037,0.660177
plantview__langdon_4__12-03-24,61,64,3,4,4,0.0,0.7486,1.0695,0.333333,OK,0.999813,0.01045,-0.016302,0.010531,0.413035,0.910654,0.01625,-0.910655,0.412848
plantview__langdon_4__12-03-24,62,63,1,12,12,0.9976,2.1849,2.3613,0.500594,OK,0.999889,0.012411,-0.008291,-0.007787,0.907687,0.419576,0.012733,-0.419465,0.907682
plantview__langdon_4__12-03-24,62,64,2,8,8,0.7652,1.4432,1.8757,0.377673,OK,0.999586,0.024291,-0.01544,-0.008026,0.750399,0.660936,0.027641,-0.660538,0.750283
plantview__langdon_4__12-03-24,62,65,3,4,4,0.7541,1.0124,1.0523,0.190034,OK,0.999732,0.017982,-0.014607,-0.012564,0.950559,0.310291,0.019465,-0.310024,0.950529
plantview__langdon_4__12-03-24,63,64,1,12,9,0.9074,3.4688,3.5904,0.524265,OK,0.999872,0.01234,-0.010215,-0.008843,0.956895,0.290301,0.013357,-0.290173,0.956881
plantview__langdon_4__12-03-24,63,65,2,8,8,0.3906,1.0807,1.1785,0.479415,OK,0.999943,0.008985,-0.005688,-0.009466,0.995803,-0.091029,0.004846,0.091077,0.995832
plantview__langdon_4__12-03-24,63,66,3,4,4,0.0,2.1398,3.0568,0.333333,OK,0.999967,-0.008061,0.000793,0.007379,0.866171,-0.499694,0.003341,0.499683,0.866202
plantview__langdon_4__12-03-24,64,65,1,12,12,1.4342,3.6718,4.0171,0.410813,OK,0.999977,-0.00211,0.006394,0.004255,0.934002,-0.357242,-0.005218,0.357261,0.93399
plantview__langdon_4__12-03-24,64,66,2,8,5,0.4317,3.9991,4.16,0.465651,OK,0.999721,-0.018351,0.014904,0.023522,0.70886,-0.704957,0.002372,0.70511,0.709094
plantview__langdon_4__12-03-24,64,67,3,4,4,0.0,0.0,0.0,0.333333,OK,0.999822,-0.009809,0.016114,0.018637,0.381369,-0.924235,0.00292,0.924371,0.381484
plantview__langdon_4__12-03-24,65,66,1,12,11,0.3285,2.7628,4.0268,0.752737,OK,0.999887,-0.013883,0.005839,0.015048,0.905056,-0.425027,0.000616,0.425067,0.905162
plantview__langdon_4__12-03-24,65,67,2,8,8,0.5672,3.3911,4.2843,0.425398,OK,0.999903,-0.009689,0.010048,0.013949,0.666784,-0.745121,0.00052,0.745188,0.666854
plantview__langdon_4__12-03-24,65,68,3,4,4,0.0,2.6789,3.827,0.333333,OK,0.956253,-0.050767,-0.288101,-0.243785,0.406081,-0.88072,0.161704,0.912426,0.37594
plantview__langdon_4__12-03-24,66,67,1,12,12,0.0,1.5907,1.7043,1.0,OK,0.999999,0.000852,0.000549,-0.000576,0.923265,-0.384164,-0.000835,0.384164,0.923265
plantview__langdon_4__12-03-24,66,68,2,8,8,0.0753,0.9935,1.5863,0.620002,OK,0.955584,-0.044746,-0.291303,-0.154784,0.764924,-0.625246,0.250802,0.642564,0.724023
plantview__langdon_4__12-03-24,66,69,3,4,4,0.6019,1.4202,1.5129,0.208092,OK,0.954019,0.080024,-0.288867,-0.160268,0.950564,-0.265973,0.253303,0.300039,0.919682
plantview__langdon_4__12-03-24,67,68,1,12,12,0.0,1.7873,2.7759,1.0,OK,0.955232,-0.045503,-0.292337,-0.046892,0.952326,-0.301457,0.292117,0.30167,0.907559
plantview__langdon_4__12-03-24,67,69,2,8,8,0.4943,1.5021,1.6988,0.446131,OK,0.956581,0.080384,-0.280163,-0.052551,0.993031,0.10549,0.28669,-0.086187,0.954139
plantview__langdon_4__12-03-24,67,70,3,4,4,0.3793,1.5202,1.8466,0.241669,OK,0.953966,0.195623,-0.227334,-0.055492,0.860037,0.507206,0.294737,-0.471242,0.831301
plantview__langdon_4__12-03-24,68,69,1,12,12,0.0,3.1175,4.547,1.0,OK,0.999964,0.007474,0.004107,-0.008495,0.91537,0.402524,-0.000751,-0.402544,0.9154
plantview__langdon_4__12-03-24,68,70,2,8,6,0.5071,3.2533,3.2679,0.442347,OK,0.999879,0.015515,-0.000562,-0.009878,0.663662,0.747968,0.011977,-0.747872,0.663735
plantview__langdon_4__12-03-24,68,71,3,4,4,0.8364,2.5487,2.9241,0.181513,OK,0.999756,0.021644,0.004397,-0.01052,0.291638,0.956471,0.01942,-0.956284,0.291795
plantview__langdon_4__12-03-24,69,70,1,12,12,1.8535,2.9565,3.792,0.350449,OK,0.999999,0.000243,-0.001482,0.000399,0.908355,0.418201,0.001447,-0.418201,0.908354
plantview__langdon_4__12-03-24,69,71,2,8,8,1.925,3.1696,3.6603,0.227919,OK,0.999987,0.004737,-0.001686,-0.001793,0.649242,0.76058,0.004698,-0.760567,0.649242
plantview__langdon_4__12-03-24,69,72,3,4,4,1.7114,2.3948,2.6611,0.122939,OK,0.999771,0.005523,-0.020693,0.016634,0.408351,0.912673,0.013491,-0.912808,0.408165
plantview__langdon_4__12-03-24,70,71,1,12,12,1.3355,1.9697,2.0129,0.428174,OK,0.999931,0.011296,-0.003269,-0.00898,0.912984,0.407897,0.007593,-0.407839,0.913022
plantview__langdon_4__12-03-24,70,72,2,8,8,0.9785,1.787,2.3359,0.336952,OK,0.999292,0.032495,-0.018939,-0.012737,0.766148,0.642538,0.035389,-0.641842,0.76602
plantview__langdon_4__12-03-24,70,73,3,4,4,0.9657,1.0804,1.0891,0.169578,OK,0.999151,0.033171,-0.024417,-0.024698,0.956914,0.28932,0.032962,-0.288471,0.956921
plantview__langdon_4__12-03-24,71,72,1,12,12,0.4161,1.227,2.0887,0.706152,OK,0.999599,0.021443,-0.018468,-0.015521,0.961081,0.275829,0.023664,-0.275432,0.961029
plantview__langdon_4__12-03-24,71,73,2,8,7,0.3173,1.8844,3.0184,0.506095,OK,0.999685,0.018027,-0.017459,-0.0198,0.994022,-0.107365,0.015419,0.107677,0.994066
plantview__langdon_4__12-03-24,71,74,3,4,4,0.0,2.1518,3.0739,0.333333,OK,0.999836,0.000945,-0.018092,-0.009844,0.866679,-0.49877,0.015208,0.498866,0.866546
plantview__langdon_4__12-03-24,72,73,1,12,7,0.2687,3.4573,4.661,0.788206,OK,0.99998,0.005007,0.003744,-0.003251,0.927946,-0.372699,-0.00534,0.37268,0.927945
plantview__langdon_4__12-03-24,72,74,2,8,8,0.0,3.3485,3.4088,0.666667,OK,0.999916,-0.00969,0.008568,0.012901,0.699133,-0.714875,0.000937,0.714925,0.6992
plantview__langdon_4__12-03-24,72,75,3,4,4,1.9167,3.9052,4.0917,0.114286,OK,0.999956,-0.000782,0.009323,0.00891,0.383551,-0.923477,-0.002854,0.923519,0.383541
plantview__langdon_4__12-03-24,73,74,1,12,12,0.0,1.4021,3.0467,1.0,OK,0.999907,-0.012967,0.004229,0.013556,0.910643,-0.412971,0.001504,0.41299,0.910735
plantview__langdon_4__12-03-24,73,75,2,8,8,0.0,1.4187,3.1008,0.666667,OK,0.999933,3.2e-05,0.011597,0.008345,0.692382,-0.721483,-0.008052,0.721531,0.692335
plantview__langdon_4__12-03-24,73,76,3,4,4,0.0,0.1416,0.2023,0.333333,OK,0.958918,-0.045058,-0.280083,-0.234589,0.429207,-0.87221,0.159513,0.902082,0.401004
plantview__langdon_4__12-03-24,74,75,1,12,12,0.0,0.0,0.7129,1.0,OK,0.999935,0.01141,-0.000609,-0.010834,0.929837,-0.367812,-0.003631,0.367795,0.9299
plantview__langdon_4__12-03-24,74,76,2,8,8,0.0,0.0,0.0,0.666667,OK,0.95895,-0.040242,-0.280705,-0.150185,0.767584,-0.623105,0.24054,0.639684,0.730031
plantview__langdon_4__12-03-24,75,76,1,12,11,0.6264,2.7583,4.4412,0.614837,OK,0.960497,-0.052794,-0.273236,-0.037427,0.948415,-0.314816,0.275762,0.312606,0.908974
plantview__langdon_4__15-04-24,0,1,1,12,12,1.4989,4.0681,4.63,0.400177,OK,0.999634,-0.0176,0.020566,0.024176,0.922225,-0.385897,-0.012174,0.386253,0.922312
plantview__langdon_4__15-04-24,0,2,2,8,8,0.8945,3.1413,3.2193,0.351898,OK,0.999749,-0.01039,0.019831,0.022173,0.582015,-0.812875,-0.003096,0.813111,0.5821
plantview__langdon_4__15-04-24,0,3,3,4,4,1.3305,3.9598,4.5164,0.14303,OK,0.996639,0.00959,0.081356,0.079386,0.132014,-0.988064,-0.020216,0.991202,0.130808
plantview__langdon_4__15-04-24,1,2,1,12,12,2.4029,4.1294,4.6976,0.293864,OK,0.999557,0.007784,-0.028709,-0.021612,0.853217,-0.521108,0.020439,0.521498,0.853007
plantview__langdon_4__15-04-24,1,3,2,8,8,2.1129,3.2952,3.7496,0.214162,OK,0.999822,0.001126,0.018842,0.015676,0.506557,-0.862064,-0.010515,0.862206,0.506449
plantview__langdon_4__15-04-24,1,4,3,4,4,1.4099,2.4426,2.8824,0.138317,OK,0.95417,0.01783,-0.298733,-0.250514,0.593668,-0.764723,0.163713,0.804512,0.570927
plantview__langdon_4__15-04-24,2,3,1,12,11,1.9457,3.9034,4.4465,0.339474,OK,0.997599,0.003975,0.069136,0.029716,0.877195,-0.479214,-0.062551,0.480118,0.874971
plantview__langdon_4__15-04-24,2,4,2,8,8,1.6314,2.2278,2.296,0.253351,OK,0.973943,0.006359,-0.226704,-0.096277,0.916657,-0.387905,0.205343,0.399624,0.893384
plantview__langdon_4__15-04-24,2,5,3,4,4,1.1053,1.2274,1.2463,0.158329,OK,0.976393,0.095362,-0.193812,-0.094068,0.995439,0.01589,0.194443,0.002717,0.98091
plantview__langdon_4__15-04-24,3,4,1,12,7,0.256,1.9147,2.2031,0.796204,OK,0.955893,0.00744,-0.29362,0.021018,0.995383,0.093648,0.292961,-0.095689,0.951324
plantview__langdon_4__15-04-24,3,5,2,8,8,0.3508,1.7551,1.7893,0.493525,OK,0.954475,0.138027,-0.264436,0.015295,0.862689,0.505504,0.297899,-0.486535,0.821304
plantview__langdon_4__15-04-24,3,6,3,4,4,0.0,0.0,0.0,0.333333,OK,0.954737,0.239473,-0.176436,0.009545,0.568187,0.822844,0.297298,-0.787284,0.540183
plantview__langdon_4__15-04-24,4,5,1,12,11,0.7112,3.5185,5.6064,0.584389,OK,0.999959,0.008646,-0.002642,-0.006663,0.902331,0.430992,0.00611,-0.430957,0.902352
plantview__langdon_4__15-04-24,4,6,2,8,5,0.2328,3.8309,4.9488,0.540767,OK,0.999895,0.014149,0.003164,-0.011456,0.637301,0.77053,0.008886,-0.770485,0.637396
plantview__langdon_4__15-04-24,4,7,3,4,4,1.7298,4.0634,4.8894,0.122108,OK,0.999944,0.009162,-0.005368,0.002919,0.248809,0.968548,0.01021,-0.968509,0.248768
plantview__langdon_4__15-04-24,5,6,1,12,12,0.6493,2.7079,2.8276,0.606334,OK,0.999994,0.002891,0.001659,-0.003318,0.910442,0.413623,-0.000315,-0.413626,0.910447
plantview__langdon_4__15-04-24,5,7,2,8,8,0.7569,2.8338,2.9928,0.379462,OK,0.999899,0.002163,-0.014063,0.009147,0.659402,0.751735,0.010899,-0.751788,0.659315
plantview__langdon_4__15-04-24,5,8,3,4,4,0.0,0.5883,0.8404,0.333333,OK,0.999888,0.000417,-0.014948,0.009803,0.736604,0.676254,0.011293,-0.676324,0.736517
plantview__langdon_4__15-04-24,6,7,1,12,12,0.5422,1.4904,1.8488,0.64841,OK,0.999835,0.008131,-0.016261,-0.000686,0.910639,0.413202,0.018168,-0.413123,0.910494
plantview__langdon_4__15-04-24,6,8,2,8,8,1.1301,1.332,1.4684,0.312975,OK,0.999834,0.008496,-0.016118,-0.003032,0.949873,0.312623,0.017966,-0.312522,0.949741
plantview__langdon_4__15-04-24,6,9,3,4,4,0.6392,0.8181,0.8884,0.203348,OK,0.999806,0.010895,-0.016411,-0.012375,0.995591,-0.092982,0.015325,0.093167,0.995533
plantview__langdon_4__15-04-24,7,8,1,12,12,0.3948,1.7666,2.359,0.716952,OK,0.999996,-0.002795,0.000378,0.002818,0.994925,-0.100582,-9.5e-05,0.100583,0.994929
plantview__langdon_4__15-04-24,7,9,2,8,7,0.3797,2.0227,3.5718,0.483213,OK,0.99997,-0.001715,0.007608,0.005216,0.87228,-0.48898,-0.005798,0.489004,0.872262
plantview__langdon_4__15-04-24,7,10,3,4,4,0.0,2.0915,2.9878,0.333333,OK,0.999907,-0.010899,0.008137,0.012973,0.584486,-0.8113,0.004087,0.811331,0.584573
plantview__langdon_4__15-04-24,8,9,1,12,12,0.4818,2.7182,3.2991,0.674833,OK,0.999971,0.002421,0.007224,0.000623,0.918962,-0.394345,-0.007593,0.394338,0.918934
plantview__langdon_4__15-04-24,8,10,2,8,8,1.1146,2.9364,3.0695,0.315264,OK,0.999887,-0.006167,0.013673,0.014317,0.664253,-0.747371,-0.004474,0.747483,0.664266
plantview__langdon_4__15-04-24,8,11,3,4,4,1.1844,2.5529,2.6319,0.152601,OK,0.999821,0.003237,0.01866,0.016736,0.310196,-0.950525,-0.008865,0.950667,0.310086
plantview__langdon_4__15-04-24,9,10,1,12,12,0.9486,1.8402,1.9624,0.513187,OK,0.999901,-0.01099,0.008737,0.013668,0.904251,-0.426782,-0.00321,0.42686,0.904312
plantview__langdon_4__15-04-24,9,11,2,8,8,0.0,2.0915,2.7324,0.666667,OK,0.99991,-0.004558,0.012653,0.012518,0.65945,-0.751645,-0.004918,0.751735,0.659447
plantview__langdon_4__15-04-24,9,12,3,4,4,0.0,0.8779,1.2541,0.333333,OK,0.955638,0.010039,-0.294373,-0.204168,0.742937,-0.637464,0.212302,0.669287,0.712028
plantview__langdon_4__15-04-24,10,11,1,12,12,1.3236,2.2021,2.7667,0.430373,OK,0.99999,-0.000676,-0.004446,-0.001149,0.917426,-0.397904,0.004348,0.397905,0.917416
plantview__langdon_4__15-04-24,10,12,2,8,8,0.4294,1.8127,2.0194,0.466388,OK,0.951495,0.014306,-0.30733,-0.101149,0.957936,-0.268567,0.29056,0.286626,0.912918
plantview__langdon_4__15-04-24,10,13,3,4,4,1.6881,1.8055,1.8219,0.124002,OK,0.951225,0.139654,-0.275079,-0.106618,0.985545,0.13166,0.289489,-0.09591,0.952364
plantview__langdon_4__15-04-24,11,12,1,12,12,0.0,1.8455,2.0723,1.0,OK,0.953039,0.015514,-0.302451,0.020727,0.993004,0.116247,0.302138,-0.117057,0.94605
plantview__langdon_4__15-04-24,11,13,2,8,8,0.5999,1.9818,2.7615,0.416683,OK,0.952419,0.140256,-0.270602,0.012042,0.869821,0.49322,0.304552,-0.473011,0.826746
plantview__langdon_4__15-04-24,11,14,3,4,4,0.0,0.9061,1.2944,0.333333,OK,0.948955,0.257468,-0.182196,0.003312,0.56948,0.821999,0.315395,-0.780643,0.539558
plantview__langdon_4__15-04-24,12,13,1,12,10,0.0,2.4186,2.713,1.0,OK,0.999966,0.007353,0.003839,-0.008267,0.92119,0.389026,-0.000675,-0.389044,0.921219
plantview__langdon_4__15-04-24,12,14,2,8,8,0.0,3.0106,3.5356,0.666667,OK,0.999866,0.011045,0.012117,-0.016395,0.665702,0.746038,0.000174,-0.746136,0.665793
plantview__langdon_4__15-04-24,12,15,3,4,4,0.0,2.6537,3.791,0.333333,OK,0.999966,-0.006118,-0.005465,0.007057,0.30193,0.953304,-0.004182,-0.953311,0.301963
plantview__langdon_4__15-04-24,13,14,1,12,12,0.0,1.148,2.6525,1.0,OK,0.999941,0.000465,0.010887,-0.005089,0.903347,0.42888,-0.009635,-0.42891,0.903296
plantview__langdon_4__15-04-24,13,15,2,8,7,0.0,2.2306,2.7961,0.666667,OK,0.999893,0.002431,-0.014455,0.009121,0.668804,0.743383,0.011475,-0.743434,0.66871
plantview__langdon_4__15-04-24,13,16,3,4,4,0.0,0.8488,1.2126,0.333333,OK,0.999891,0.009282,-0.011496,0.001067,0.730683,0.682716,0.014737,-0.682653,0.730594
plantview__langdon_4__15-04-24,14,15,1,12,12,1.7874,3.0761,3.3444,0.358763,OK,0.999068,0.028467,-0.032457,-0.013756,0.922527,0.385687,0.040922,-0.384881,0.922059
plantview__langdon_4__15-04-24,14,16,2,8,8,1.2371,2.2887,2.7438,0.298006,OK,0.998506,0.044038,-0.032363,-0.032212,0.952621,0.30245,0.044149,-0.300956,0.952616
plantview__langdon_4__15-04-24,14,17,3,4,4,0.5968,1.2831,1.4748,0.208749,OK,0.997943,0.041068,-0.049221,-0.04564,0.994365,-0.095681,0.045014,0.09773,0.994194
plantview__langdon_4__15-04-24,15,16,1,12,11,0.8883,4.0209,5.721,0.52957,OK,0.999956,0.004929,0.007991,-0.004327,0.99728,-0.073575,-0.008332,0.073537,0.997258
plantview__langdon_4__15-04-24,15,17,2,8,8,1.7172,3.5033,4.6726,0.24535,OK,0.999892,0.006446,0.01322,0.000233,0.891793,-0.452444,-0.014706,0.452398,0.891695
plantview__langdon_4__15-04-24,15,18,3,4,4,2.6263,4.0265,4.4477,0.09192,OK,0.999972,0.003598,0.0066,0.002932,0.621793,-0.783176,-0.006922,0.783174,0.621765
plantview__langdon_4__15-04-24,16,17,1,12,12,0.0,2.9158,3.7413,1.0,OK,0.999965,-0.000817,0.008333,0.003915,0.925387,-0.379003,-0.007402,0.379022,0.925358
plantview__langdon_4__15-04-24,16,18,2,8,8,1.3984,3.2639,3.7727,0.277959,OK,0.999901,-0.008228,0.011391,0.013959,0.674274,-0.738349,-0.001606,0.738435,0.674323
plantview__langdon_4__15-04-24,16,19,3,4,4,1.9874,2.7761,3.1131,0.11158,OK,0.999784,0.009397,0.018533,0.014494,0.323738,-0.946036,-0.01489,0.9461,0.323532
plantview__langdon_4__15-04-24,17,18,1,12,12,0.4033,2.0485,2.19,0.712601,OK,0.999942,-0.010705,0.001512,0.010303,0.901125,-0.433437,0.003277,0.433427,0.901183
plantview__langdon_4__15-04-24,17,19,2,8,8,0.6141,2.2255,2.8001,0.413025,OK,0.999961,-0.00022,0.008772,0.006799,0.651397,-0.758707,-0.005548,0.758737,0.651373
plantview__langdon_4__15-04-24,17,20,3,4,4,1.7279,2.3528,2.5326,0.122193,OK,0.950771,0.008844,-0.309769,-0.215757,0.736423,-0.641195,0.22245,0.676464,0.702077
plantview__langdon_4__15-04-24,18,19,1,12,12,0.2038,2.0157,2.3631,0.830682,OK,0.999945,0.007594,0.007294,-0.004033,0.916117,-0.40089,-0.009727,0.400839,0.916097
plantview__langdon_4__15-04-24,18,20,2,8,8,0.4851,1.5549,1.917,0.448898,OK,0.953344,0.016315,-0.301444,-0.104781,0.954345,-0.279726,0.283118,0.298261,0.911529
plantview__langdon_4__15-04-24,18,21,3,4,4,1.0376,1.4962,1.526,0.163588,OK,0.956393,0.13353,-0.259773,-0.104084,0.986803,0.124041,0.272908,-0.091593,0.95767
plantview__langdon_4__15-04-24,19,20,1,12,12,1.1991,2.6488,4.3072,0.454726,OK,0.951049,0.014184,-0.308713,0.021091,0.993638,0.110626,0.308318,-0.111722,0.9447
plantview__langdon_4__15-04-24,19,21,2,8,8,0.0,2.6302,3.8371,0.666667,OK,0.952063,0.14137,-0.271275,0.013612,0.866349,0.499254,0.305598,-0.479014,0.822895
plantview__langdon_4__15-04-24,19,22,3,4,4,0.0,2.3876,3.4108,0.333333,OK,0.950749,0.251504,-0.181167,0.008996,0.56185,0.827191,0.30983,-0.788081,0.531916
plantview__langdon_4__15-04-24,20,21,1,12,9,0.0,3.1134,3.3988,1.0,OK,0.999995,0.00197,0.002338,-0.002757,0.911607,0.411054,-0.001322,-0.411059,0.911608
plantview__langdon_4__15-04-24,20,22,2,8,8,1.1751,3.2091,3.5583,0.306494,OK,0.999963,0.00742,0.004258,-0.008023,0.640693,0.767755,0.002968,-0.767761,0.640729
plantview__langdon_4__15-04-24,20,23,3,4,4,0.1768,0.5087,0.5752,0.283247,OK,0.999983,0.002018,-0.005434,0.004687,0.26997,0.962857,0.00341,-0.962867,0.269956
plantview__langdon_4__15-04-24,21,22,1,12,12,0.0,1.8055,2.2641,1.0,OK,0.999987,0.00514,-0.000479,-0.004402,0.897523,0.440947,0.002696,-0.440939,0.897533
plantview__langdon_4__15-04-24,21,23,2,8,8,0.0,2.6139,2.7975,0.666667,OK,0.999939,0.005465,-0.009625,0.003556,0.664927,0.7469,0.010482,-0.746889,0.664866
plantview__langdon_4__15-04-24,21,24,3,4,4,0.9746,2.051,2.0946,0.16881,OK,0.999784,0.004163,-0.020357,0.010824,0.731978,0.681242,0.017737,-0.681316,0.731775
plantview__langdon_4__15-04-24,22,23,1,12,12,1.0577,1.9197,1.984,0.485981,OK,0.999902,0.006589,-0.01235,-0.001533,0.928543,0.371222,0.013913,-0.371167,0.928462
plantview__langdon_4__15-04-24,22,24,2,8,8,0.4734,1.0898,1.1888,0.452469,OK,0.999751,0.004023,-0.021969,0.002487,0.957476,0.288502,0.022196,-0.288484,0.957227
plantview__langdon_4__15-04-24,22,25,3,4,4,0.7007,0.9709,1.0674,0.195996,OK,0.999774,0.004428,-0.020816,-0.006495,0.994935,-0.100307,0.020266,0.100419,0.994739
plantview__langdon_4__15-04-24,23,24,1,12,10,0.3672,3.7432,5.0417,0.731449,OK,0.999939,-0.00634,-0.009048,0.005627,0.997033,-0.076763,0.009508,0.076707,0.997008
plantview__langdon_4__15-04-24,23,25,2,8,8,0.0,3.9144,4.3896,0.666667,OK,0.99998,-0.003849,-0.005083,0.001104,0.889671,-0.4566,0.00628,0.456585,0.889658
plantview__langdon_4__15-04-24,23,26,3,4,4,2.0496,4.3673,4.4822,0.109303,OK,0.999759,-0.020639,0.007481,0.018835,0.631366,-0.775256,0.011278,0.77521,0.631603
plantview__langdon_4__15-04-24,24,25,1,12,12,1.219,2.8137,2.9799,0.450653,OK,0.999973,0.007383,6.5e-05,-0.006793,0.923374,-0.383842,-0.002894,0.383832,0.923399
plantview__langdon_4__15-04-24,24,26,2,8,8,2.636,3.519,4.2125,0.183349,OK,0.999963,-0.006779,0.005365,0.008565,0.692461,-0.721405,0.001175,0.721424,0.692493
plantview__langdon_4__15-04-24,24,27,3,4,4,3.3674,3.8935,4.0338,0.076323,OK,0.999399,0.005641,0.034214,0.030092,0.349184,-0.936571,-0.01723,0.937037,0.348804
plantview__langdon_4__15-04-24,25,26,1,12,12,0.0,2.585,2.9875,1.0,OK,0.999935,-0.010621,0.004155,0.011394,0.915235,-0.402758,0.000475,0.40278,0.915297
plantview__langdon_4__15-04-24,25,27,2,8,8,0.2114,2.5961,2.7126,0.550325,OK,0.999223,0.003737,0.03924,0.026005,0.685627,-0.727489,-0.029623,0.727944,0.684997
plantview__langdon_4__15-04-24,25,28,3,4,4,0.5575,2.1232,2.5553,0.214024,OK,0.969363,0.008013,-0.245502,-0.167908,0.75111,-0.638468,0.179283,0.660129,0.729443
plantview__langdon_4__15-04-24,26,27,1,12,9,0.0,2.0264,3.1267,1.0,OK,0.998606,0.012819,0.051198,0.008098,0.921354,-0.388639,-0.052153,0.388512,0.919967
plantview__langdon_4__15-04-24,26,28,2,8,8,0.7795,1.372,1.5279,0.374643,OK,0.973702,0.012463,-0.227485,-0.078738,0.955383,-0.284683,0.213787,0.295108,0.931239
plantview__langdon_4__15-04-24,26,29,3,4,4,0.5945,1.7193,2.0911,0.209046,OK,0.976089,0.098868,-0.193586,-0.076889,0.990039,0.117946,0.203318,-0.100241,0.973968
plantview__langdon_4__15-04-24,27,28,1,12,10,0.0,2.9299,4.3838,1.0,OK,0.96116,0.004899,-0.275949,0.023148,0.994889,0.098286,0.27502,-0.100856,0.956134
plantview__langdon_4__15-04-24,27,29,2,8,6,0.0,2.5347,2.906,0.666667,OK,0.962918,0.114771,-0.244167,0.020771,0.870783,0.491228,0.268995,-0.478084,0.836109
plantview__langdon_4__15-04-24,27,30,3,4,4,2.2608,2.9385,3.0443,0.102225,OK,0.963092,0.213473,-0.16396,0.010583,0.578627,0.815524,0.268964,-0.78716,0.555012
plantview__langdon_4__15-04-24,28,29,1,12,12,1.4574,3.7307,4.7044,0.406936,OK,0.999988,0.004663,0.001665,-0.00494,0.916609,0.399754,0.000339,-0.399758,0.916621
plantview__langdon_4__15-04-24,28,30,2,8,8,1.7552,3.8723,4.6737,0.241969,OK,0.999861,0.012222,0.011353,-0.016601,0.66214,0.749196,0.001639,-0.74928,0.662251
plantview__langdon_4__15-04-24,28,31,3,4,3,1.8928,3.9778,4.8586,0.115227,OK,0.999992,0.003305,0.00208,-0.003011,0.31328,0.949656,0.002487,-0.949655,0.313287
plantview__langdon_4__15-04-24,29,30,1,12,12,0.5839,2.7276,3.6852,0.631355,OK,0.999953,0.007838,0.005745,-0.009524,0.907876,0.419131,-0.001931,-0.419166,0.907908
plantview__langdon_4__15-04-24,29,31,2,8,7,0.7719,3.0338,3.4595,0.376235,OK,0.999875,0.014087,-0.007168,-0.00406,0.667203,0.744865,0.015275,-0.744743,0.667177
plantview__langdon_4__15-04-24,29,32,3,4,4,0.0659,0.6518,0.8747,0.312727,OK,0.999761,0.007786,-0.020431,0.007682,0.749793,0.661628,0.020471,-0.661627,0.749553
plantview__langdon_4__15-04-24,30,31,1,12,12,0.9115,1.3589,1.8809,0.523149,OK,0.999796,0.015258,-0.013252,-0.008791,0.918786,0.394658,0.018198,-0.394461,0.918733
plantview__langdon_4__15-04-24,30,32,2,8,8,0.3247,0.8757,0.9453,0.50324,OK,0.999702,0.004466,-0.024005,0.002638,0.957622,0.288016,0.024273,-0.287993,0.957325
plantview__langdon_4__15-04-24,30,33,3,4,4,0.6251,0.9249,1.0146,0.205111,OK,0.999803,6.4e-05,-0.019869,-0.002325,0.993504,-0.113774,0.019732,0.113798,0.993308
plantview__langdon_4__15-04-24,31,32,1,12,9,0.1965,1.5061,4.843,0.835773,OK,0.999822,-0.01633,-0.009486,0.015141,0.993351,-0.114127,0.011287,0.113963,0.993421
plantview__langdon_4__15-04-24,31,33,2,8,7,0.4191,2.1742,3.3757,0.469788,OK,0.999759,-0.021839,0.00237,0.020102,0.866024,-0.499597,0.008858,0.499525,0.866254
plantview__langdon_4__15-04-24,31,34,3,4,4,1.4228,3.4799,3.7518,0.137582,OK,0.998945,-0.034442,0.030365,0.044793,0.585662,-0.809317,0.01009,0.809824,0.586587
plantview__langdon_4__15-04-24,32,33,1,12,12,1.0357,3.822,4.1037,0.491234,OK,0.999996,-0.002533,0.000918,0.002688,0.916281,-0.400527,0.000173,0.400528,0.916284
plantview__langdon_4__15-04-24,32,34,2,8,8,3.3793,4.5593,4.8965,0.152232,OK,0.999674,-0.015067,0.020619,0.025398,0.670832,-0.741175,-0.002664,0.741457,0.670996
plantview__langdon_4__15-04-24,32,35,3,4,4,3.7152,4.3354,4.5688,0.070693,OK,0.999837,-0.007038,-0.016655,-0.013454,0.32581,-0.94534,0.01208,0.945409,0.325662
plantview__langdon_4__15-04-24,33,34,1,12,11,0.0,3.4127,4.3856,1.0,OK,0.999919,-0.005808,0.011351,0.009937,0.912769,-0.408356,-0.00799,0.408436,0.912752
plantview__langdon_4__15-04-24,33,35,2,8,6,0.0,4.7972,5.3012,0.666667,OK,0.999145,0.004113,-0.04113,-0.032064,0.705085,-0.708398,0.026087,0.709111,0.704614
plantview__langdon_4__15-04-24,33,36,3,4,4,0.5267,1.3816,1.5223,0.21834,OK,0.956455,0.021043,-0.291121,-0.20722,0.751375,-0.626494,0.205558,0.659539,0.723017
plantview__langdon_4__15-04-24,34,35,1,12,12,0.8834,2.5807,3.9729,0.530944,OK,0.999404,-0.00084,-0.034523,-0.011764,0.931625,-0.363231,0.032468,0.36342,0.931059
plantview__langdon_4__15-04-24,34,36,2,8,8,1.5082,2.1135,2.2693,0.265799,OK,0.961822,0.015485,-0.273237,-0.094942,0.955275,-0.280065,0.25668,0.295314,0.920275
plantview__langdon_4__15-04-24,34,37,3,4,4,0.4948,1.1279,1.2963,0.222998,OK,0.968327,0.110844,-0.223731,-0.087986,0.990063,0.109702,0.233668,-0.086542,0.968458
plantview__langdon_4__15-04-24,35,36,1,12,12,0.9316,2.662,3.1029,0.517713,OK,0.971605,0.018598,-0.235878,-0.00197,0.997507,0.070536,0.236602,-0.068068,0.969219
plantview__langdon_4__15-04-24,35,37,2,8,8,0.0,2.4672,2.5192,0.666667,OK,0.973947,0.110797,-0.197865,-0.008718,0.890168,0.455549,0.226607,-0.441956,0.867943
plantview__langdon_4__15-04-24,35,38,3,4,4,0.0,2.0902,2.986,0.333333,OK,0.972569,0.191813,-0.131598,-0.015597,0.618231,0.785842,0.232093,-0.762233,0.604263
plantview__langdon_4__15-04-24,36,37,1,12,12,2.0314,4.6301,5.0399,0.329881,OK,0.999989,0.002524,0.003952,-0.003885,0.91792,0.396747,-0.002626,-0.396758,0.91792
plantview__langdon_4__15-04-24,36,38,2,8,8,2.953,3.9616,4.0643,0.16865,OK,0.999957,0.009258,-0.00045,-0.005896,0.672719,0.739874,0.007152,-0.73984,0.672745
plantview__langdon_4__15-04-24,36,39,3,4,4,2.9947,3.6921,3.891,0.083444,OK,0.999949,0.001222,-0.010024,0.009082,0.325113,0.945631,0.004415,-0.945674,0.325086
plantview__langdon_4__15-04-24,37,38,1,12,8,0.3623,3.3896,3.4439,0.734038,OK,0.999973,0.005856,-0.004496,-0.003513,0.913077,0.407773,0.006493,-0.407746,0.913072
plantview__langdon_4__15-04-24,37,39,2,8,8,1.65,3.3669,3.4862,0.251576,OK,0.999879,0.004529,-0.0149,0.007785,0.683301,0.730095,0.013488,-0.730123,0.683183
plantview__langdon_4__15-04-24,37,40,3,4,4,0.0761,0.2629,0.3103,0.309751,OK,0.99996,0.001306,-0.008808,0.004749,0.75858,0.651562,0.007532,-0.651578,0.758544
plantview__langdon_4__15-04-24,38,39,1,12,12,0.6003,0.9995,1.5267,0.624885,OK,0.999956,0.001338,-0.009262,0.002431,0.918578,0.395231,0.009036,-0.395237,0.918535
plantview__langdon_4__15-04-24,38,40,2,8,8,0.5457,1.0746,1.3372,0.431294,OK,0.999997,-0.000756,-0.002187,0.001363,0.95628,0.292449,0.00187,-0.292451,0.956279
plantview__langdon_4__15-04-24,38,41,3,4,4,0.6869,1.0249,1.127,0.197601,OK,0.999986,0.003538,0.004018,-0.003086,0.994206,-0.107444,-0.004375,0.10743,0.994203
plantview__langdon_4__15-04-24,39,40,1,12,9,0.1955,2.394,3.6512,0.836495,OK,0.999962,-0.006388,0.005908,0.007008,0.993699,-0.111859,-0.005156,0.111896,0.993707
plantview__langdon_4__15-04-24,39,41,2,8,8,0.0,2.6931,2.7648,0.666667,OK,0.999949,-0.003346,0.009573,0.007648,0.86876,-0.495174,-0.00666,0.495222,0.868741
plantview__langdon_4__15-04-24,39,42,3,4,4,1.2347,2.7592,2.8835,0.149166,OK,0.999854,-0.011083,0.013018,0.017038,0.582693,-0.812514,0.001419,0.812617,0.582797
plantview__langdon_4__15-04-24,40,41,1,12,12,0.7283,2.5171,3.0603,0.578589,OK,0.999983,0.005305,0.00244,-0.003912,0.91891,-0.394447,-0.004334,0.394431,0.918915
plantview__langdon_4__15-04-24,40,42,2,8,8,2.2399,3.6636,3.9995,0.20577,OK,0.999969,-0.004431,0.006446,0.007756,0.668833,-0.743372,-0.001017,0.743399,0.668847
plantview__langdon_4__15-04-24,40,43,3,4,4,3.4691,3.9355,4.1079,0.074587,OK,0.999736,0.00462,0.022529,0.01976,0.32863,-0.944252,-0.011766,0.944447,0.328452
plantview__langdon_4__15-04-24,41,42,1,12,12,0.0,2.0935,2.3748,1.0,OK,0.999956,-0.009308,0.000865,0.008809,0.907198,-0.420612,0.00313,0.420601,0.90724
plantview__langdon_4__15-04-24,41,43,2,8,8,0.0,2.2278,2.76,0.666667,OK,0.999683,-0.002155,0.025103,0.020065,0.670664,-0.74149,-0.015238,0.741758,0.670494
plantview__langdon_4__15-04-24,41,44,3,4,4,0.8764,2.0409,2.1644,0.177647,OK,0.952307,0.002919,-0.305128,-0.20547,0.745419,-0.63414,0.225597,0.66659,0.710467
plantview__langdon_4__15-04-24,42,43,1,12,12,1.5134,2.4992,2.6043,0.397871,OK,0.99953,0.00515,0.030216,0.007182,0.918991,-0.394214,-0.029798,0.394246,0.918522
plantview__langdon_4__15-04-24,42,44,2,8,8,0.6781,1.3514,1.4083,0.397282,OK,0.95885,0.009232,-0.283764,-0.090704,0.957053,-0.275358,0.269035,0.289765,0.918508
plantview__langdon_4__15-04-24,42,45,3,4,4,1.2452,1.4043,1.4694,0.148462,OK,0.962199,0.119997,-0.244489,-0.091384,0.987911,0.125226,0.25656,-0.09815,0.961532
plantview__langdon_4__15-04-24,43,44,1,12,12,0.5624,1.7314,2.7892,0.640034,OK,0.947958,0.011124,-0.318201,0.028272,0.992501,0.118922,0.317138,-0.121729,0.940535
plantview__langdon_4__15-04-24,43,45,2,8,8,0.0,1.6823,2.0679,0.666667,OK,0.948868,0.143062,-0.281395,0.019077,0.863794,0.503484,0.315097,-0.483108,0.816897
plantview__langdon_4__15-04-24,43,46,3,4,4,0.0,0.0,0.0,0.333333,OK,0.947464,0.258911,-0.187819,0.010406,0.56193,0.82712,0.319692,-0.785621,0.529714
plantview__langdon_4__15-04-24,44,45,1,12,9,0.2456,3.3549,5.3982,0.802818,OK,0.999926,0.011237,0.004642,-0.012156,0.918288,0.395726,0.000184,-0.395753,0.918357
plantview__langdon_4__15-04-24,44,46,2,8,8,1.0226,3.8257,4.4997,0.329616,OK,0.999645,0.022511,0.014283,-0.025594,0.660335,0.750535,0.007464,-0.750634,0.660676
plantview__langdon_4__15-04-24,44,47,3,4,4,0.0,3.2461,4.6373,0.333333,OK,0.999799,0.011313,0.016523,-0.019162,0.300934,0.953452,0.005814,-0.953578,0.301091
plantview__langdon_4__15-04-24,45,46,1,12,12,0.505,2.0132,2.5612,0.664463,OK,0.999938,0.010445,0.003893,-0.011105,0.902845,0.429822,0.000975,-0.429839,0.902905
plantview__langdon_4__15-04-24,45,47,2,8,8,0.551,2.1166,2.8594,0.429828,OK,0.99996,0.007068,-0.005489,-0.000501,0.656593,0.754245,0.008935,-0.754212,0.656571
plantview__langdon_4__15-04-24,45,48,3,4,4,0.0,0.9392,1.3418,0.333333,OK,0.999974,0.007176,0.001099,-0.006032,0.737137,0.675717,0.004039,-0.675706,0.737161
plantview__langdon_4__15-04-24,46,47,1,12,11,0.4408,1.303,2.7342,0.694076,OK,0.999906,0.000904,-0.013676,0.004639,0.916618,0.399737,0.012897,-0.399763,0.916528
plantview__langdon_4__15-04-24,46,48,2,8,7,1.0778,1.5369,2.1274,0.320856,OK,0.999979,0.005192,-0.004001,-0.003776,0.955236,0.295819,0.005357,-0.295798,0.955236
plantview__langdon_4__15-04-24,46,49,3,4,4,0.2831,0.9859,1.1658,0.259792,OK,0.999978,0.006471,-0.001601,-0.006612,0.993385,-0.114642,0.000848,0.11465,0.993406
plantview__langdon_4__15-04-24,47,48,1,12,12,0.29,1.5693,1.8345,0.775186,OK,0.999962,0.004568,0.007453,-0.003726,0.994004,-0.109284,-0.007908,0.109252,0.993983
plantview__langdon_4__15-04-24,47,49,2,8,8,0.0,2.9399,3.2363,0.666667,OK,0.999942,0.004147,0.009977,0.001487,0.861803,-0.507242,-0.010702,0.507227,0.861746
plantview__langdon_4__15-04-24,47,50,3,4,4,0.0,2.4149,3.4498,0.333333,OK,0.999941,-0.00415,0.010072,0.010596,0.585089,-0.8109,-0.002528,0.810958,0.585098
plantview__langdon_4__15-04-24,48,49,1,12,12,1.8118,4.9424,5.0393,0.355649,OK,0.999766,-0.012472,0.017663,0.018711,0.908401,-0.417681,-0.010836,0.417914,0.908422
plantview__langdon_4__15-04-24,48,50,2,8,8,2.4688,3.3552,3.5538,0.192192,OK,0.999338,-0.015069,0.033117,0.034698,0.668578,-0.742832,-0.010947,0.743489,0.668659
plantview__langdon_4__15-04-24,48,51,3,4,4,4.9011,5.2707,5.4005,0.056487,OK,0.99589,0.01301,0.08963,0.080647,0.322989,-0.94296,-0.041217,0.946313,0.320612
plantview__langdon_4__15-04-24,49,50,1,12,12,0.9293,2.6092,3.0253,0.518316,OK,0.99998,-0.005851,-0.002419,0.004442,0.920543,-0.390615,0.004512,0.390597,0.920551
plantview__langdon_4__15-04-24,49,51,2,8,8,0.5921,4.1306,4.365,0.418733,OK,0.99888,0.006478,0.046871,0.029413,0.690938,-0.722315,-0.037064,0.722885,0.689974
plantview__langdon_4__15-04-24,49,52,3,4,4,0.0,0.0,0.0,0.333333,OK,0.954084,0.010612,-0.299353,-0.203555,0.756133,-0.621955,0.21975,0.654332,0.723574
plantview__langdon_4__15-04-24,50,51,1,12,9,0.0653,3.8609,4.9105,0.938709,OK,0.997144,0.013218,0.074361,0.017954,0.91486,-0.403372,-0.073362,0.403554,0.91201
plantview__langdon_4__15-04-24,50,52,2,8,8,1.2052,1.6799,1.6914,0.302321,OK,0.963628,0.015262,-0.26681,-0.096155,0.951306,-0.292866,0.249349,0.307869,0.918173
plantview__langdon_4__15-04-24,50,53,3,4,4,0.8131,1.5596,1.7667,0.183848,OK,0.969104,0.115777,-0.217792,-0.09483,0.990012,0.10432,0.227694,-0.080443,0.970404
plantview__langdon_4__15-04-24,51,52,1,12,8,0.1076,3.394,4.2681,0.902849,OK,0.941738,0.013179,-0.336088,0.02214,0.994636,0.101038,0.335617,-0.102593,0.936395
plantview__langdon_4__15-04-24,51,53,2,8,8,1.4411,3.3367,3.8536,0.273096,OK,0.945112,0.151328,-0.289593,0.009592,0.873057,0.487524,0.326607,-0.463542,0.823685
plantview__langdon_4__15-04-24,51,54,3,4,4,3.04,3.6699,3.8241,0.082509,OK,0.942949,0.269849,-0.195009,0.001419,0.582459,0.812859,0.332934,-0.766761,0.548846
plantview__langdon_4__15-04-24,52,53,1,12,12,0.6976,2.3424,3.2258,0.589084,OK,0.999932,0.009295,0.007078,-0.011357,0.915552,0.402038,-0.002743,-0.402091,0.915596
plantview__langdon_4__15-04-24,52,54,2,8,8,1.4173,3.2829,3.3946,0.275787,OK,0.9998,0.018175,0.008323,-0.018229,0.6581,0.75271,0.008203,-0.752711,0.6583
plantview__langdon_4__15-04-24,52,55,3,4,4,2.6086,3.4948,3.5122,0.092373,OK,0.999981,0.005065,0.003466,-0.004777,0.287905,0.957647,0.003852,-0.957645,0.287924
plantview__langdon_4__15-04-24,53,54,1,12,12,0.0,1.8306,1.9454,1.0,OK,0.999943,0.010059,-0.003705,-0.00754,0.905697,0.423859,0.007619,-0.423807,0.90572
plantview__langdon_4__15-04-24,53,55,2,8,8,0.7567,2.3199,2.8476,0.379497,OK,0.999892,0.005878,-0.013491,0.006276,0.658838,0.752259,0.01331,-0.752262,0.658729
plantview__langdon_4__15-04-24,53,56,3,4,4,0.6858,1.8021,1.9866,0.19773,OK,0.999968,0.004792,-0.00647,0.000843,0.736894,0.676008,0.008007,-0.675992,0.736866
plantview__langdon_4__15-04-24,54,55,1,12,12,0.0,1.9444,2.8271,1.0,OK,0.999924,-0.001463,-0.012219,0.006231,0.916414,0.400182,0.010612,-0.400228,0.916354
plantview__langdon_4__15-04-24,54,56,2,8,8,0.8184,1.5253,1.5662,0.366625,OK,0.999996,-0.000637,-0.002625,0.001384,0.955337,0.295517,0.00232,-0.295519,0.955334
plantview__langdon_4__15-04-24,54,57,3,4,4,0.9319,1.2647,1.2845,0.172538,OK,0.999966,0.007452,0.003434,-0.007034,0.994047,-0.108727,-0.004224,0.108699,0.994066
plantview__langdon_4__15-04-24,55,56,1,12,11,0.5177,2.4334,2.978,0.658893,OK,0.999952,-0.002324,0.009515,0.003306,0.994507,-0.10462,-0.00922,0.104647,0.994467
plantview__langdon_4__15-04-24,55,57,2,8,8,0.0,3.2231,3.7122,0.666667,OK,0.999919,0.007194,0.010527,-0.001182,0.874393,-0.485218,-0.012695,0.485166,0.87433
plantview__langdon_4__15-04-24,55,58,3,4,4,0.0,2.6681,3.8116,0.333333,OK,0.999376,-0.010059,0.033852,0.03312,0.599626,-0.799595,-0.012255,0.800217,0.599585
plantview__langdon_4__15-04-24,56,57,1,12,11,0.0923,3.5772,5.045,0.91548,OK,0.999987,0.002417,0.004585,-0.000429,0.920176,-0.391504,-0.005165,0.391496,0.920165
plantview__langdon_4__15-04-24,56,58,2,8,6,0.5077,3.3134,3.4818,0.442162,OK,0.999405,-0.015682,0.030729,0.03325,0.675384,-0.736716,-0.009201,0.737299,0.675503
plantview__langdon_4__15-04-24,56,59,3,4,4,1.1353,2.9817,3.2864,0.156107,OK,0.99996,-0.001339,0.008867,0.008817,0.327084,-0.944954,-0.001635,0.944994,0.327083
plantview__langdon_4__15-04-24,57,58,1,12,12,2.7284,3.3102,3.7015,0.268212,OK,0.999961,-0.007872,-0.003988,0.005496,0.909107,-0.416527,0.006904,0.416489,0.909115
plantview__langdon_4__15-04-24,57,59,2,8,8,1.6966,3.6571,3.9858,0.247228,OK,0.999305,-0.010774,-0.035693,-0.019543,0.663898,-0.747568,0.031751,0.747746,0.663226
plantview__langdon_4__15-04-24,57,60,3,4,4,0.9488,2.3017,2.4749,0.171049,OK,0.947267,0.003243,-0.32043,-0.218013,0.739379,-0.637015,0.234854,0.673281,0.701096
plantview__langdon_4__15-04-24,58,59,1,12,12,0.5551,2.832,3.335,0.643047,OK,0.999988,6.3e-05,-0.00494,-0.002067,0.913522,-0.406785,0.004487,0.40679,0.913511
plantview__langdon_4__15-04-24,58,60,2,8,8,0.9247,1.6952,1.8752,0.346377,OK,0.966822,0.011561,-0.255191,-0.088031,0.952864,-0.290347,0.239805,0.303178,0.922267
plantview__langdon_4__15-04-24,58,61,3,4,4,0.9576,1.4857,1.5687,0.170277,OK,0.972209,0.110674,-0.206305,-0.088219,0.989434,0.115059,0.216859,-0.093662,0.971699
plantview__langdon_4__15-04-24,59,60,1,12,12,0.6056,2.8089,4.7303,0.622813,OK,0.967024,0.013235,-0.254342,0.017681,0.992751,0.118884,0.254071,-0.11946,0.95978
plantview__langdon_4__15-04-24,59,61,2,8,8,1.8497,2.5623,3.071,0.233941,OK,0.968774,0.118778,-0.217643,0.007946,0.862465,0.506054,0.247818,-0.491982,0.83459
plantview__langdon_4__15-04-24,59,62,3,4,4,2.2351,3.022,3.3084,0.103038,OK,0.967737,0.206346,-0.144588,0.002609,0.565612,0.824668,0.251947,-0.798439,0.546825
plantview__langdon_4__15-04-24,60,61,1,12,10,0.3625,2.4187,3.8704,0.733946,OK,0.999976,0.005116,0.004595,-0.006526,0.916587,0.399782,-0.002167,-0.399803,0.916599
plantview__langdon_4__15-04-24,60,62,2,8,8,1.7381,2.4869,3.6214,0.243481,OK,0.999918,0.012246,0.003612,-0.010806,0.661001,0.750307,0.0068,-0.750285,0.66108
plantview__langdon_4__15-04-24,60,63,3,4,4,0.849,2.2082,2.427,0.18028,OK,0.999969,0.003469,-0.007075,0.005736,0.295078,0.955456,0.005402,-0.955467,0.295049
plantview__langdon_4__15-04-24,61,62,1,12,12,0.0,1.4534,2.6327,1.0,OK,0.999973,0.006727,-0.00285,-0.004877,0.905142,0.425081,0.005439,-0.425056,0.905151
plantview__langdon_4__15-04-24,61,63,2,8,8,0.0,2.0261,2.9777,0.666667,OK,0.99986,0.006107,-0.015574,0.007724,0.657287,0.753601,0.014838,-0.753615,0.657148
plantview__langdon_4__15-04-24,61,64,3,4,4,0.0,0.9685,1.3835,0.333333,OK,0.999998,0.000855,0.001691,-0.001775,0.734562,0.678539,-0.000662,-0.678541,0.734563
plantview__langdon_4__15-04-24,62,63,1,12,10,0.0788,1.136,1.5201,0.926975,OK,0.999842,0.005293,-0.01697,0.00201,0.914856,0.403775,0.017662,-0.403745,0.914701
plantview__langdon_4__15-04-24,62,64,2,8,8,0.7686,1.2475,1.2514,0.376953,OK,0.999981,0.003596,0.00501,-0.004947,0.952812,0.303522,-0.003682,-0.303541,0.952811
plantview__langdon_4__15-04-24,62,65,3,4,4,0.6548,1.2846,1.4716,0.201436,OK,0.999924,0.008987,0.008409,-0.008084,0.994767,-0.101846,-0.00928,0.10177,0.994765
plantview__langdon_4__15-04-24,63,64,1,12,8,0.2327,1.8813,2.2416,0.811252,OK,0.999686,-0.006344,0.024245,0.00867,0.995238,-0.097085,-0.023513,0.097265,0.994981
plantview__langdon_4__15-04-24,63,65,2,8,8,0.0,1.9146,2.3498,0.666667,OK,0.999553,0.00104,0.029884,0.013468,0.876623,-0.480989,-0.026697,0.481177,0.876217
plantview__langdon_4__15-04-24,63,66,3,4,4,0.0,1.846,2.6371,0.333333,OK,0.99937,-0.000327,0.035489,0.028808,0.591489,-0.805798,-0.020728,0.806313,0.591126
plantview__langdon_4__15-04-24,64,65,1,12,7,0.2168,3.3857,3.923,0.821805,OK,0.999984,-0.003413,0.004523,0.004941,0.915928,-0.401311,-0.002773,0.401327,0.915931
plantview__langdon_4__15-04-24,64,66,2,8,5,0.0,3.068,3.0978,0.666667,OK,0.99981,-0.014565,0.012991,0.019335,0.648634,-0.760855,0.002656,0.760961,0.648792
plantview__langdon_4__15-04-24,64,67,3,4,4,0.2814,2.5965,3.4681,0.260123,OK,0.999907,-0.004717,0.012818,0.013635,0.2903,-0.956839,0.000792,0.956924,0.290337
plantview__langdon_4__15-04-24,65,66,1,12,12,0.9661,2.2306,2.508,0.508608,OK,0.999846,-0.016567,0.005788,0.017433,0.899693,-0.436175,0.002018,0.436209,0.899843
plantview__langdon_4__15-04-24,65,67,2,8,8,2.085,2.7433,2.8292,0.216098,OK,0.999935,-0.009946,0.005555,0.010667,0.646375,-0.762945,0.003998,0.762955,0.646439
plantview__langdon_4__15-04-24,65,68,3,4,4,1.4764,2.491,2.543,0.134603,OK,0.942005,0.004019,-0.335574,-0.229293,0.737852,-0.634822,0.245052,0.674951,0.695982
plantview__langdon_4__15-04-24,66,67,1,12,12,1.599,2.117,2.4091,0.384762,OK,0.999969,0.007587,0.002271,-0.006009,0.913649,-0.406459,-0.005159,0.406433,0.913666
plantview__langdon_4__15-04-24,66,68,2,8,8,0.4704,1.5299,1.5383,0.453387,OK,0.94478,0.026381,-0.326642,-0.117164,0.958064,-0.261506,0.306046,0.285336,0.908251
plantview__langdon_4__15-04-24,66,69,3,4,4,0.2542,1.1612,1.441,0.265779,OK,0.949967,0.149383,-0.274311,-0.115349,0.983922,0.136355,0.29027,-0.097892,0.951925
plantview__langdon_4__15-04-24,67,68,1,12,12,1.5035,2.9909,4.7569,0.399436,OK,0.944785,0.020716,-0.327035,0.026073,0.990083,0.138041,0.326651,-0.138946,0.934876
plantview__langdon_4__15-04-24,67,69,2,8,8,1.0535,3.219,3.3087,0.324654,OK,0.945988,0.149659,-0.287592,0.021804,0.8557,0.517013,0.323468,-0.495358,0.806219
plantview__langdon_4__15-04-24,67,70,3,4,4,1.3896,2.9366,3.0041,0.139496,OK,0.945651,0.264096,-0.189729,0.010764,0.557713,0.829964,0.325004,-0.786899,0.52456
plantview__langdon_4__15-04-24,68,69,1,12,7,0.2111,2.3161,4.2825,0.825703,OK,0.99999,0.004385,-0.000758,-0.003712,0.915902,0.401386,0.002454,-0.401379,0.915909
plantview__langdon_4__15-04-24,68,70,2,8,5,0.3754,3.258,3.9545,0.484712,OK,0.999762,0.021138,0.005451,-0.018065,0.660942,0.75022,0.012256,-0.750139,0.661166
plantview__langdon_4__15-04-24,68,71,3,4,4,0.0,0.2915,0.4164,0.333333,OK,0.999946,0.009251,-0.004696,0.001642,0.305847,0.952079,0.010244,-0.952036,0.305815
plantview__langdon_4__15-04-24,69,70,1,12,12,0.0,1.8702,1.9996,1.0,OK,0.999932,0.010705,0.004624,-0.011656,0.906021,0.423073,0.000339,-0.423098,0.906084
plantview__langdon_4__15-04-24,69,71,2,8,8,0.0,1.3768,1.8472,0.666667,OK,0.999921,0.002238,-0.012396,0.007753,0.666275,0.745666,0.009928,-0.745703,0.666205
plantview__langdon_4__15-04-24,69,72,3,4,4,0.0,0.0,0.0,0.333333,OK,0.999945,0.005437,0.008927,-0.01007,0.730021,0.683351,-0.002801,-0.683403,0.730036
plantview__langdon_4__15-04-24,70,71,1,12,12,0.6827,1.2419,2.2416,0.594288,OK,0.99975,-0.00101,-0.022336,0.009743,0.918828,0.394538,0.020125,-0.394657,0.918608
plantview__langdon_4__15-04-24,70,72,2,8,8,0.9984,1.6638,2.2272,0.333605,OK,0.99998,0.005779,0.002616,-0.006306,0.950599,0.310358,-0.000693,-0.310369,0.950616
plantview__langdon_4__15-04-24,70,73,3,4,4,0.9697,1.405,1.4677,0.169227,OK,0.999868,0.016166,0.001818,-0.015946,0.996055,-0.087295,-0.003222,0.087254,0.996181
plantview__langdon_4__15-04-24,71,72,1,12,12,0.5674,1.3969,1.5484,0.638,OK,0.999632,0.004649,0.026727,-0.002304,0.996196,-0.087109,-0.02703,0.087016,0.99584
plantview__langdon_4__15-04-24,71,73,2,8,8,0.0,0.5843,1.9476,0.666667,OK,0.999512,0.021597,0.022553,-0.008267,0.879494,-0.475839,-0.030112,0.47542,0.879243
plantview__langdon_4__15-04-24,71,74,3,4,4,0.0,0.0,0.0,0.333333,OK,0.999641,0.014113,0.022769,0.009846,0.5969,-0.802255,-0.024913,0.802191,0.596547
plantview__langdon_4__15-04-24,72,73,1,12,12,1.3456,1.8634,2.0765,0.426334,OK,0.999969,0.007411,-0.002675,-0.007858,0.913089,-0.407683,-0.000579,0.407692,0.913119
plantview__langdon_4__15-04-24,72,74,2,8,8,1.0112,2.9038,3.2347,0.331471,OK,0.99982,-0.013838,0.012947,0.018825,0.647084,-0.762186,0.002169,0.762293,0.647228
plantview__langdon_4__15-04-24,72,75,3,4,4,0.8327,2.8406,3.3443,0.181885,OK,0.999898,-6e-05,0.014273,0.013677,0.290038,-0.956917,-0.004082,0.957015,0.290009
plantview__langdon_4__15-04-24,73,74,1,12,12,1.08,2.2305,2.3123,0.48077,OK,0.999475,-0.020332,0.025207,0.029183,0.902904,-0.428851,-0.01404,0.429362,0.903023
plantview__langdon_4__15-04-24,73,75,2,8,8,0.9718,2.7963,3.379,0.338108,OK,0.999655,0.000825,0.026255,0.0191,0.663331,-0.748082,-0.018033,0.748326,0.663086
plantview__langdon_4__15-04-24,73,76,3,4,4,0.9834,2.0356,2.065,0.168058,OK,0.955268,0.014783,-0.295373,-0.210687,0.734912,-0.644605,0.207544,0.678002,0.705152
plantview__langdon_4__15-04-24,74,75,1,12,12,1.7725,2.382,2.7257,0.360686,OK,0.999951,0.007433,0.006551,-0.004241,0.918649,-0.395052,-0.008954,0.395005,0.918635
plantview__langdon_4__15-04-24,74,76,2,8,8,2.117,2.4035,2.6606,0.213884,OK,0.953178,0.020249,-0.301733,-0.11005,0.95257,-0.283725,0.281676,0.303646,0.910196
plantview__langdon_4__15-04-24,75,76,1,12,9,0.3167,3.7589,4.2173,0.759454,OK,0.949354,0.017045,-0.313745,0.017113,0.994241,0.105797,0.313741,-0.105808,0.943595
plantview__langdon_4__19-03-24,0,1,1,12,12,0.5003,2.3286,3.4967,0.666512,OK,0.99997,0.007771,-0.000213,-0.007277,0.925975,-0.377515,-0.002736,0.377505,0.926003
plantview__langdon_4__19-03-24,0,2,2,8,8,1.8325,3.4975,3.9536,0.235361,OK,0.999815,-0.014649,0.01243,0.019048,0.67138,-0.740868,0.002508,0.740968,0.671535
plantview__langdon_4__19-03-24,0,3,3,4,4,0.9268,2.6953,3.056,0.172997,OK,0.999619,-0.010446,0.025547,0.027537,0.314574,-0.948834,0.001875,0.949176,0.314741
plantview__langdon_4__19-03-24,1,2,1,12,11,0.0,1.597,3.5964,1.0,OK,0.999798,-0.017562,0.009791,0.020088,0.893469,-0.448676,-0.000868,0.448782,0.893641
plantview__langdon_4__19-03-24,1,3,2,8,8,0.0,2.9818,3.6203,0.666667,OK,0.999752,-0.011815,0.018857,0.022085,0.630791,-0.775639,-0.00273,0.775863,0.630896
plantview__langdon_4__19-03-24,1,4,3,4,3,0.4075,2.8049,3.6577,0.236825,OK,0.957106,-0.058644,-0.283742,-0.243783,0.366251,-0.898015,0.156584,0.928666,0.336244
plantview__langdon_4__19-03-24,2,3,1,12,12,0.0,0.8589,0.8703,1.0,OK,0.999988,-0.002481,0.004298,0.004006,0.914672,-0.404178,-0.002928,0.40419,0.91467
plantview__langdon_4__19-03-24,2,4,2,8,8,0.0,1.2178,1.3017,0.666667,OK,0.954037,-0.053741,-0.294832,-0.156179,0.750485,-0.642168,0.255778,0.658699,0.707597
plantview__langdon_4__19-03-24,2,5,3,4,3,0.0,0.7001,1.0002,0.333333,OK,0.951567,0.075236,-0.298094,-0.159784,0.949384,-0.270442,0.262658,0.304975,0.915424
plantview__langdon_4__19-03-24,3,4,1,12,11,0.6115,2.303,4.6811,0.620524,OK,0.951525,-0.052675,-0.303028,-0.042637,0.953124,-0.299561,0.304602,0.29796,0.904675
plantview__langdon_4__19-03-24,3,5,2,8,8,0.0,1.7986,3.1145,0.666667,OK,0.950495,0.082561,-0.299571,-0.045093,0.990501,0.129905,0.307451,-0.109966,0.945189
plantview__langdon_4__19-03-24,3,6,3,4,4,0.858,2.9752,3.5148,0.179404,OK,0.949673,0.198825,-0.242056,-0.046766,0.854069,0.518054,0.309734,-0.480661,0.820384
plantview__langdon_4__19-03-24,4,5,1,12,12,0.7421,4.0771,4.5042,0.574013,OK,0.999991,0.001678,-0.00391,0.000137,0.905817,0.42367,0.004252,-0.423666,0.905808
plantview__langdon_4__19-03-24,4,6,2,8,8,1.4121,4.0048,5.5662,0.276389,OK,0.999984,0.00427,-0.003807,2.1e-05,0.662706,0.74888,0.00572,-0.748867,0.662695
plantview__langdon_4__19-03-24,4,7,3,4,4,2.1195,4.3385,4.8714,0.106856,OK,0.999875,0.015744,-0.001554,-0.00255,0.257344,0.966316,0.015614,-0.966191,0.257352
plantview__langdon_4__19-03-24,5,6,1,12,12,0.0,0.9176,1.3778,1.0,OK,0.999999,-0.001187,-0.000209,0.001172,0.917085,0.398689,-0.000282,-0.398689,0.917086
plantview__langdon_4__19-03-24,5,7,2,8,8,0.0,2.3331,3.6134,0.666667,OK,0.999976,0.00658,-0.002062,-0.002598,0.636483,0.771286,0.006388,-0.771262,0.636485
plantview__langdon_4__19-03-24,5,8,3,4,4,0.7781,1.981,2.1632,0.18747,OK,0.99996,0.007449,-0.005047,0.001976,0.365441,0.930833,0.008778,-0.930805,0.365411
plantview__langdon_4__19-03-24,6,7,1,12,12,0.4672,1.9296,2.7141,0.681573,OK,0.999979,0.006423,0.000207,-0.005837,0.894308,0.447415,0.002688,-0.447407,0.894327
plantview__langdon_4__19-03-24,6,8,2,8,8,0.0,0.4485,0.6864,0.666667,OK,0.99996,0.008919,0.001198,-0.007236,0.717681,0.696335,0.00535,-0.696315,0.717716
plantview__langdon_4__19-03-24,6,9,3,4,4,0.8742,1.1123,1.156,0.177857,OK,0.999917,0.011926,0.004838,-0.012861,0.940249,0.340246,-0.000491,-0.34028,0.940324
plantview__langdon_4__19-03-24,7,8,1,12,9,0.1338,2.6628,2.85,0.882001,OK,0.999981,0.00609,0.000383,-0.005916,0.952112,0.305692,0.001497,-0.305689,0.95213
plantview__langdon_4__19-03-24,7,9,2,8,8,0.0,1.0067,1.2901,0.666667,OK,0.999961,0.008795,0.000607,-0.008696,0.995376,-0.095661,-0.001446,0.095652,0.995414
plantview__langdon_4__19-03-24,7,10,3,4,4,0.0377,0.9838,1.3731,0.321219,OK,0.999956,-0.009263,0.001696,0.008818,0.857871,-0.513789,0.003304,0.513782,0.857915
plantview__langdon_4__19-03-24,8,9,1,12,12,0.9093,2.2525,3.3581,0.523751,OK,0.999981,-0.005145,0.003518,0.006086,0.927607,-0.373509,-0.001342,0.373523,0.92762
plantview__langdon_4__19-03-24,8,10,2,8,8,0.8095,2.9675,3.6228,0.368424,OK,0.999533,-0.024812,0.017839,0.029929,0.676976,-0.735396,0.00617,0.735587,0.677402
plantview__langdon_4__19-03-24,8,11,3,4,4,1.0718,2.3854,2.4891,0.160892,OK,0.998996,-0.020278,0.039942,0.044434,0.335668,-0.940932,0.005673,0.941762,0.336232
plantview__langdon_4__19-03-24,9,10,1,12,12,0.0,0.7131,2.997,1.0,OK,0.999885,-0.013609,0.006722,0.015178,0.896345,-0.443098,5e-06,0.443149,0.896448
plantview__langdon_4__19-03-24,9,11,2,8,8,0.5207,2.4545,2.5628,0.43839,OK,0.999566,-0.00989,0.027741,0.027618,0.641857,-0.766327,-0.010227,0.766761,0.641852
plantview__langdon_4__19-03-24,9,12,3,4,4,1.4201,2.8798,2.8968,0.137734,OK,0.955521,-0.059197,-0.288921,-0.24527,0.384508,-0.889942,0.163774,0.921222,0.352886
plantview__langdon_4__19-03-24,10,11,1,12,12,0.0,1.1166,2.6069,1.0,OK,0.999903,-0.001137,0.013873,0.006552,0.917807,-0.396972,-0.012281,0.397024,0.917726
plantview__langdon_4__19-03-24,10,12,2,8,8,0.0,1.0897,1.1983,0.666667,OK,0.952403,-0.05634,-0.299591,-0.155959,0.754367,-0.637658,0.261928,0.654031,0.709674
plantview__langdon_4__19-03-24,10,13,3,4,4,0.3701,0.7778,0.794,0.243295,OK,0.948283,0.078641,-0.307531,-0.164175,0.950688,-0.263132,0.271673,0.300013,0.914432
plantview__langdon_4__19-03-24,11,12,1,12,12,0.0,1.5863,2.4448,1.0,OK,0.947744,-0.060371,-0.313266,-0.039761,0.951924,-0.303743,0.316543,0.300327,0.89978
plantview__langdon_4__19-03-24,11,13,2,8,7,0.0,1.8625,2.5211,0.666667,OK,0.946975,0.082173,-0.310621,-0.043692,0.990697,0.128882,0.318322,-0.108477,0.941756
plantview__langdon_4__19-03-24,11,14,3,4,4,0.5064,2.0279,2.4629,0.221282,OK,0.948998,0.197337,-0.245889,-0.042265,0.852487,0.521038,0.312437,-0.484071,0.817348
plantview__langdon_4__19-03-24,12,13,1,12,9,0.1725,2.5558,3.1721,0.852899,OK,0.999979,0.004741,-0.004339,-0.002454,0.905693,0.423927,0.00594,-0.423907,0.905686
plantview__langdon_4__19-03-24,12,14,2,8,8,1.5556,4.0283,4.7598,0.260868,OK,0.999984,0.005534,-0.000951,-0.002977,0.666202,0.745765,0.004761,-0.745751,0.666208
plantview__langdon_4__19-03-24,12,15,3,4,4,2.3848,3.8547,4.2467,0.098481,OK,0.999815,0.018995,-0.002979,-0.001889,0.251221,0.967928,0.019135,-0.967743,0.25121
plantview__langdon_4__19-03-24,13,14,1,12,11,0.1674,2.3072,4.4402,0.856614,OK,0.999955,-0.007465,0.005898,0.004561,0.920203,0.391415,-0.00835,-0.39137,0.920196
plantview__langdon_4__19-03-24,13,15,2,8,8,0.0,2.6008,3.0401,0.666667,OK,0.999993,0.000487,-0.003769,0.002585,0.639674,0.768642,0.002785,-0.768646,0.639668
plantview__langdon_4__19-03-24,13,16,3,4,4,0.0,1.5249,2.1784,0.333333,OK,0.999906,0.004776,-0.012879,0.010228,0.366932,0.930191,0.009168,-0.930235,0.366849
plantview__langdon_4__19-03-24,14,15,1,12,12,1.1966,2.7445,3.5272,0.455255,OK,0.999946,0.008649,-0.005846,-0.005055,0.891073,0.453832,0.009134,-0.453777,0.891068
plantview__langdon_4__19-03-24,14,16,2,8,8,0.8322,2.0371,2.8597,0.36386,OK,0.999656,0.023297,-0.012047,-0.008129,0.711925,0.702209,0.024936,-0.701869,0.711869
plantview__langdon_4__19-03-24,14,17,3,4,4,0.8001,1.1982,1.3156,0.185178,OK,0.99959,0.024078,-0.015509,-0.017161,0.937065,0.348733,0.022929,-0.348324,0.937094
plantview__langdon_4__19-03-24,15,16,1,12,12,0.8097,1.6041,2.6955,0.552576,OK,0.999742,0.021102,-0.008443,-0.017455,0.950778,0.309381,0.014556,-0.309153,0.950901
plantview__langdon_4__19-03-24,15,17,2,8,8,0.7725,1.5659,1.9203,0.376112,OK,0.999471,0.029318,-0.014053,-0.030368,0.996212,-0.081485,0.011611,0.081869,0.996575
plantview__langdon_4__19-03-24,15,18,3,4,4,0.0,0.5638,0.8055,0.333333,OK,0.999822,0.0027,-0.01865,-0.011738,0.863475,-0.504255,0.014743,0.504384,0.863353
plantview__langdon_4__19-03-24,16,17,1,12,12,0.0,2.2986,4.7967,1.0,OK,0.999976,0.006067,0.003428,-0.004381,0.929887,-0.36782,-0.005419,0.367796,0.929891
plantview__langdon_4__19-03-24,16,18,2,8,8,1.5797,2.6921,2.8767,0.258431,OK,0.999768,-0.014683,0.015755,0.021536,0.676793,-0.735859,0.000142,0.736027,0.676952
plantview__langdon_4__19-03-24,16,19,3,4,4,0.9201,1.8554,1.8619,0.173606,OK,0.999748,-0.007551,0.021136,0.022443,0.327066,-0.944735,0.000221,0.944971,0.327153
plantview__langdon_4__19-03-24,17,18,1,12,10,0.2689,3.1002,4.2957,0.788094,OK,0.99974,-0.019693,0.011533,0.022775,0.89323,-0.449024,-0.001459,0.449169,0.893445
plantview__langdon_4__19-03-24,17,19,2,8,8,1.2837,3.7019,4.1117,0.291927,OK,0.999757,-0.011624,0.018743,0.021892,0.626178,-0.779373,-0.002677,0.779594,0.62628
plantview__langdon_4__19-03-24,17,20,3,4,4,1.8234,3.0677,3.2601,0.118059,OK,0.957504,-0.062508,-0.281564,-0.240734,0.364458,-0.899565,0.158848,0.92912,0.333922
plantview__langdon_4__19-03-24,18,19,1,12,12,0.6145,1.4347,2.4214,0.619372,OK,0.999998,0.001435,-0.001223,-0.001809,0.912556,-0.408948,0.000529,0.408949,0.912557
plantview__langdon_4__19-03-24,18,20,2,8,7,0.264,1.2343,2.0309,0.527424,OK,0.95183,-0.053451,-0.301933,-0.161363,0.749993,-0.641461,0.260734,0.659282,0.705241
plantview__langdon_4__19-03-24,18,21,3,4,4,1.0354,1.3222,1.3821,0.163771,OK,0.951697,0.079733,-0.296505,-0.163368,0.949146,-0.269132,0.259968,0.304572,0.916326
plantview__langdon_4__19-03-24,19,20,1,12,11,0.7147,3.02,5.2386,0.58319,OK,0.951939,-0.054723,-0.301361,-0.038894,0.954348,-0.296155,0.303809,0.293643,0.906352
plantview__langdon_4__19-03-24,19,21,2,8,8,0.5135,2.1204,3.1287,0.440467,OK,0.951941,0.084071,-0.294517,-0.044034,0.989167,0.140035,0.303099,-0.120336,0.945331
plantview__langdon_4__19-03-24,19,22,3,4,4,0.9009,3.4473,4.1524,0.175354,OK,0.952019,0.197778,-0.233545,-0.048005,0.850183,0.524294,0.302249,-0.487927,0.818885
plantview__langdon_4__19-03-24,20,21,1,12,12,2.0324,2.9892,3.7548,0.329775,OK,0.999974,0.006831,0.002156,-0.007097,0.903874,0.427741,0.000973,-0.427745,0.903899
plantview__langdon_4__19-03-24,20,22,2,8,8,2.6264,3.326,3.7271,0.183838,OK,0.999932,0.008905,0.007592,-0.011619,0.678377,0.734622,0.001392,-0.73466,0.678434
plantview__langdon_4__19-03-24,20,23,3,4,4,1.0104,3.0461,3.4855,0.165808,OK,0.999571,0.029269,-0.000831,-0.007503,0.283471,0.958952,0.028303,-0.958534,0.283569
plantview__langdon_4__19-03-24,21,22,1,12,12,2.2663,3.9608,4.5695,0.306156,OK,0.999955,-0.000435,0.009462,-0.003013,0.932469,0.361236,-0.00898,-0.361249,0.932426
plantview__langdon_4__19-03-24,21,23,2,8,8,2.7656,4.0242,4.5143,0.17704,OK,0.999913,0.012318,-0.004794,-0.004762,0.674039,0.738681,0.012331,-0.738593,0.674038
plantview__langdon_4__19-03-24,21,24,3,4,4,3.028,4.0673,4.326,0.082754,OK,0.999828,0.011688,-0.01441,0.008145,0.421344,0.906864,0.016671,-0.906826,0.421176
plantview__langdon_4__19-03-24,22,23,1,12,9,0.5771,3.0223,3.2914,0.634058,OK,0.999719,0.017065,-0.016431,-0.007765,0.891333,0.453282,0.022381,-0.453027,0.891216
plantview__langdon_4__19-03-24,22,24,2,8,8,1.4158,2.0108,2.0392,0.275957,OK,0.999139,0.029603,-0.029079,-0.001701,0.7294,0.684085,0.041461,-0.683446,0.728822
plantview__langdon_4__19-03-24,22,25,3,4,4,1.0479,1.394,1.4539,0.162769,OK,0.999037,0.022712,-0.03755,-0.009472,0.947085,0.320843,0.04285,-0.320179,0.946388
plantview__langdon_4__19-03-24,23,24,1,12,12,0.8825,3.0755,4.3879,0.531209,OK,0.999775,0.015393,-0.014619,-0.010262,0.953268,0.301952,0.018583,-0.301734,0.953211
plantview__langdon_4__19-03-24,23,25,2,8,8,0.8544,1.7179,1.8845,0.35951,OK,0.999674,0.017538,-0.018556,-0.019116,0.995883,-0.088612,0.016925,0.088938,0.995893
plantview__langdon_4__19-03-24,23,26,3,4,4,1.0556,2.2435,2.5716,0.16216,OK,0.999833,-0.015083,-0.010321,0.008106,0.872123,-0.48922,0.01638,0.489054,0.8721
plantview__langdon_4__19-03-24,24,25,1,12,12,1.2154,2.9185,4.2859,0.451388,OK,0.999989,0.004616,-0.00059,-0.0045,0.926927,-0.375214,-0.001185,0.375213,0.926938
plantview__langdon_4__19-03-24,24,26,2,8,8,1.4047,3.4079,3.7242,0.277237,OK,0.999638,-0.020613,0.017306,0.026728,0.684755,-0.728283,0.003161,0.728482,0.685058
plantview__langdon_4__19-03-24,24,27,3,4,4,0.8451,1.966,2.0842,0.180655,OK,0.999874,-0.011862,0.010556,0.014021,0.347587,-0.937543,0.007453,0.937573,0.34771
plantview__langdon_4__19-03-24,25,26,1,12,12,1.3871,3.3912,4.0094,0.418913,OK,0.999531,-0.019861,0.023303,0.027884,0.90485,-0.424815,-0.012649,0.425266,0.90498
plantview__langdon_4__19-03-24,25,27,2,8,8,2.3835,3.6132,3.6529,0.197035,OK,0.999758,-0.004485,0.021531,0.019142,0.659523,-0.75144,-0.01083,0.751671,0.659449
plantview__langdon_4__19-03-24,25,28,3,4,4,0.8593,2.9593,3.491,0.179279,OK,0.957531,-0.053072,-0.283405,-0.23833,0.407515,-0.88155,0.162278,0.911655,0.37756
plantview__langdon_4__19-03-24,26,27,1,12,12,1.0516,2.0812,2.3338,0.487428,OK,0.999934,0.001284,-0.011439,-0.005705,0.918387,-0.395643,0.009998,0.395682,0.918333
plantview__langdon_4__19-03-24,26,28,2,8,8,1.5372,1.992,2.0838,0.262755,OK,0.947311,-0.062755,-0.314109,-0.160425,0.755818,-0.634825,0.277248,0.651767,0.705927
plantview__langdon_4__19-03-24,26,29,3,4,4,0.9526,1.6121,1.74,0.170711,OK,0.947496,0.075512,-0.310724,-0.163278,0.949741,-0.267081,0.274939,0.303793,0.912205
plantview__langdon_4__19-03-24,27,28,1,12,12,0.9674,2.5455,3.2506,0.50828,OK,0.950586,-0.061535,-0.304301,-0.035862,0.951836,-0.304504,0.308382,0.30037,0.902595
plantview__langdon_4__19-03-24,27,29,2,8,8,0.3069,1.9206,2.0519,0.510132,OK,0.951762,0.075076,-0.297511,-0.04188,0.992316,0.116429,0.303965,-0.098353,0.947593
plantview__langdon_4__19-03-24,27,30,3,4,3,0.0,1.1595,1.6564,0.333333,OK,0.952185,0.188233,-0.24065,-0.042622,0.861804,0.505447,0.302535,-0.471022,0.82862
plantview__langdon_4__19-03-24,28,29,1,12,12,1.1998,2.8939,3.1378,0.45458,OK,0.99998,0.00634,0.000493,-0.005969,0.909078,0.416582,0.002193,-0.416577,0.909098
plantview__langdon_4__19-03-24,28,30,2,8,8,1.6592,3.1053,3.4687,0.250703,OK,0.999921,0.012566,9.8e-05,-0.00856,0.675373,0.737427,0.0092,-0.737369,0.675427
plantview__langdon_4__19-03-24,28,31,3,4,4,0.0,2.779,3.97,0.333333,OK,0.999755,0.015582,0.015696,-0.019164,0.25602,0.966481,0.011042,-0.966546,0.256256
plantview__langdon_4__19-03-24,29,30,1,12,11,0.0513,1.5615,3.3575,0.951209,OK,0.99999,0.003113,0.003138,-0.004077,0.923785,0.38289,-0.001707,-0.382899,0.923789
plantview__langdon_4__19-03-24,29,31,2,8,8,0.0,3.046,3.1733,0.666667,OK,0.999836,-0.003851,0.017698,-0.011153,0.639049,0.769085,-0.014272,-0.769156,0.638901
plantview__langdon_4__19-03-24,29,32,3,4,3,0.3463,2.1562,2.7835,0.247587,OK,0.99991,0.008124,-0.0107,0.006565,0.399373,0.916765,0.011722,-0.916753,0.399283
plantview__langdon_4__19-03-24,30,31,1,12,12,2.0592,3.1836,3.4133,0.326882,OK,0.999923,-0.004716,0.0115,-0.001019,0.891026,0.453951,-0.012388,-0.453928,0.890952
plantview__langdon_4__19-03-24,30,32,2,8,8,1.3572,1.8927,1.9315,0.282827,OK,0.999635,0.021761,-0.01599,-0.005077,0.733009,0.6802,0.026523,-0.67987,0.732853
plantview__langdon_4__19-03-24,30,33,3,4,4,1.387,1.5901,1.5943,0.139648,OK,0.999569,0.022327,-0.019082,-0.015154,0.948603,0.316105,0.025159,-0.315679,0.948532
plantview__langdon_4__19-03-24,31,32,1,12,12,0.5791,1.5063,2.6438,0.633285,OK,0.999149,0.033112,-0.02461,-0.024796,0.95873,0.283235,0.032972,-0.282384,0.958735
plantview__langdon_4__19-03-24,31,33,2,8,8,0.0,1.1484,1.8479,0.666667,OK,0.999128,0.027308,-0.031595,-0.030369,0.994438,-0.100848,0.028665,0.10172,0.9944
plantview__langdon_4__19-03-24,31,34,3,4,4,0.6857,1.4996,1.5546,0.197742,OK,0.999515,-0.009389,-0.029706,-0.007165,0.858684,-0.512455,0.03032,0.512419,0.8582
plantview__langdon_4__19-03-24,32,33,1,12,12,0.4899,3.5494,4.9468,0.671186,OK,0.999985,0.004896,0.002292,-0.003687,0.927732,-0.373229,-0.003954,0.373215,0.927736
plantview__langdon_4__19-03-24,32,34,2,8,8,0.8608,2.6268,3.9493,0.358262,OK,0.999655,-0.018985,0.018143,0.026202,0.674818,-0.737519,0.001758,0.73774,0.675083
plantview__langdon_4__19-03-24,32,35,3,4,4,1.2128,2.9829,3.5023,0.150642,OK,0.999853,-0.008207,0.015081,0.016956,0.334029,-0.94241,0.002697,0.942527,0.334119
plantview__langdon_4__19-03-24,33,34,1,12,12,1.2025,2.0784,2.7267,0.454027,OK,0.999539,-0.025486,0.016524,0.030175,0.89531,-0.44442,-0.003467,0.444714,0.895666
plantview__langdon_4__19-03-24,33,35,2,8,8,0.7506,2.8917,3.5754,0.380831,OK,0.999636,-0.014583,0.022707,0.026729,0.650929,-0.758668,-0.003717,0.758998,0.651082
plantview__langdon_4__19-03-24,33,36,3,4,4,0.0,0.0,0.0,0.333333,OK,0.953173,-0.063808,-0.295619,-0.24854,0.391652,-0.88591,0.172308,0.917898,0.357453
plantview__langdon_4__19-03-24,34,35,1,12,12,0.8511,1.7744,2.1677,0.540212,OK,0.999972,0.001774,-0.007314,-0.00443,0.924363,-0.381489,0.006084,0.38151,0.924345
plantview__langdon_4__19-03-24,34,36,2,8,8,1.2725,1.7457,1.7988,0.293364,OK,0.945487,-0.054465,-0.321074,-0.167927,0.763194,-0.623968,0.279026,0.64387,0.712443
plantview__langdon_4__19-03-24,34,37,3,4,4,0.4659,0.832,0.9651,0.227391,OK,0.946977,0.082032,-0.310654,-0.167063,0.951596,-0.257982,0.274454,0.296201,0.914844
plantview__langdon_4__19-03-24,35,36,1,12,12,1.3605,2.651,3.5415,0.423643,OK,0.948912,-0.054957,-0.310719,-0.046742,0.949371,-0.310661,0.31206,0.309313,0.8983
plantview__langdon_4__19-03-24,35,37,2,8,8,0.8039,2.1487,2.5015,0.369571,OK,0.95305,0.082299,-0.291415,-0.050781,0.992168,0.114124,0.298525,-0.093967,0.949765
plantview__langdon_4__19-03-24,35,38,3,4,4,1.8145,2.3292,2.377,0.118433,OK,0.953701,0.189542,-0.233511,-0.050878,0.866903,0.495874,0.296421,-0.461035,0.83641
plantview__langdon_4__19-03-24,36,37,1,12,12,1.757,4.1108,5.2963,0.362708,OK,0.999976,0.005254,0.004509,-0.006675,0.904437,0.426554,-0.001837,-0.426574,0.904451
plantview__langdon_4__19-03-24,36,38,2,8,8,2.0761,3.828,4.9375,0.216727,OK,0.999977,0.006791,-0.000343,-0.004315,0.672644,0.739954,0.005256,-0.739935,0.672658
plantview__langdon_4__19-03-24,36,39,3,4,4,3.4281,4.3765,4.6116,0.075277,OK,0.999734,0.022572,0.004807,-0.010624,0.265199,0.964135,0.020487,-0.963929,0.265369
plantview__langdon_4__19-03-24,37,38,1,12,12,1.5664,3.0635,3.5275,0.389653,OK,0.999991,-0.000419,-0.004282,0.001997,0.926706,0.375783,0.003811,-0.375788,0.926698
plantview__langdon_4__19-03-24,37,39,2,8,8,2.6932,3.1505,3.4335,0.180511,OK,0.999921,0.012429,-0.001729,-0.006904,0.659897,0.751324,0.010479,-0.751253,0.659931
plantview__langdon_4__19-03-24,37,40,3,4,4,1.3213,3.1917,3.4269,0.143595,OK,0.999882,0.012958,-0.008299,0.002076,0.420755,0.907172,0.015247,-0.907082,0.420678
plantview__langdon_4__19-03-24,38,39,1,12,12,1.3843,2.0458,2.5486,0.419408,OK,0.999942,0.010497,0.002296,-0.010431,0.897062,0.441781,0.002578,-0.441779,0.89712
plantview__langdon_4__19-03-24,38,40,2,8,8,0.5339,1.3715,1.4782,0.434635,OK,0.999833,0.017815,-0.004177,-0.010328,0.737871,0.674863,0.015105,-0.674706,0.737932
plantview__langdon_4__19-03-24,38,41,3,4,4,0.9663,1.1709,1.2425,0.169527,OK,0.999839,0.017658,-0.003271,-0.015701,0.947931,0.318089,0.008717,-0.317986,0.948055
plantview__langdon_4__19-03-24,39,40,1,12,12,1.134,2.1668,3.5697,0.468594,OK,0.999885,0.012547,-0.008514,-0.009466,0.955164,0.295925,0.011846,-0.295811,0.955173
plantview__langdon_4__19-03-24,39,41,2,8,8,0.9496,1.8537,3.2266,0.341956,OK,0.999896,0.011966,-0.00808,-0.012665,0.995593,-0.092922,0.006932,0.093014,0.995641
plantview__langdon_4__19-03-24,39,42,3,4,4,0.0,2.6857,3.8367,0.333333,OK,0.999917,-0.011958,-0.004775,0.007972,0.866161,-0.499701,0.010111,0.499621,0.866185
plantview__langdon_4__19-03-24,40,41,1,12,9,0.2561,2.7588,3.9513,0.796123,OK,0.999988,-0.001006,0.004769,0.002765,0.922864,-0.385117,-0.004014,0.385125,0.922856
plantview__langdon_4__19-03-24,40,42,2,8,8,0.0,2.636,3.1206,0.666667,OK,0.999584,-0.021185,0.01956,0.028698,0.665173,-0.746138,0.002796,0.746389,0.665504
plantview__langdon_4__19-03-24,40,43,3,4,4,0.0,1.4271,2.0387,0.333333,OK,0.999012,-0.012157,0.042753,0.044384,0.324347,-0.944896,-0.00238,0.94586,0.324566
plantview__langdon_4__19-03-24,41,42,1,12,12,1.5038,3.799,4.9607,0.399389,OK,0.999593,-0.020347,0.019974,0.027057,0.897861,-0.439447,-0.008993,0.439809,0.898046
plantview__langdon_4__19-03-24,41,43,2,8,8,2.4098,3.946,4.7915,0.195512,OK,0.998702,-0.007801,0.050334,0.043132,0.655163,-0.754255,-0.027093,0.755447,0.654649
plantview__langdon_4__19-03-24,41,44,3,4,4,1.4915,2.7664,3.0707,0.133788,OK,0.953099,-0.05871,-0.296908,-0.250621,0.39688,-0.882993,0.169678,0.915991,0.363552
plantview__langdon_4__19-03-24,42,43,1,12,12,0.8767,1.8613,1.9012,0.53286,OK,0.999905,0.000919,0.013721,0.004445,0.922616,-0.385694,-0.013014,0.385718,0.922525
plantview__langdon_4__19-03-24,42,44,2,8,8,0.0,1.8099,1.8291,0.666667,OK,0.941576,-0.065126,-0.330443,-0.16742,0.760818,-0.626998,0.292241,0.645689,0.705465
plantview__langdon_4__19-03-24,42,45,3,4,4,0.0863,0.7562,1.0063,0.306842,OK,0.942587,0.079821,-0.324281,-0.17035,0.95011,-0.26129,0.287246,0.30153,0.909159
plantview__langdon_4__19-03-24,43,44,1,12,11,1.144,1.8727,3.4687,0.466426,OK,0.940366,-0.066964,-0.333507,-0.04043,0.951481,-0.305041,0.337752,0.300334,0.892033
plantview__langdon_4__19-03-24,43,45,2,8,8,1.3252,1.8672,2.052,0.286716,OK,0.946289,0.082029,-0.312744,-0.045981,0.991592,0.120956,0.320036,-0.100079,0.942105
plantview__langdon_4__19-03-24,43,46,3,4,4,0.0,1.0009,1.4298,0.333333,OK,0.949495,0.196277,-0.244817,-0.047826,0.861618,0.505298,0.310117,-0.468069,0.827489
plantview__langdon_4__19-03-24,44,45,1,12,12,1.3808,3.5997,6.5396,0.420028,OK,0.999969,0.007678,0.001621,-0.007642,0.905787,0.423664,0.001784,-0.423663,0.905818
plantview__langdon_4__19-03-24,44,46,2,8,8,2.2888,3.6354,3.8496,0.202709,OK,0.999946,0.009301,0.004587,-0.009625,0.667741,0.744331,0.00386,-0.744335,0.667795
plantview__langdon_4__19-03-24,44,47,3,4,4,3.1254,4.5608,4.8977,0.080801,OK,0.999604,0.023055,0.016125,-0.021756,0.269981,0.96262,0.01784,-0.96259,0.270375
plantview__langdon_4__19-03-24,45,46,1,12,12,1.3469,3.177,3.2098,0.426103,OK,0.999999,0.000517,0.001008,-0.000862,0.924698,0.380702,-0.000735,-0.380702,0.924697
plantview__langdon_4__19-03-24,45,47,2,8,8,0.0,3.8799,4.417,0.666667,OK,0.999905,0.013013,0.004436,-0.012002,0.66878,0.743364,0.006707,-0.743347,0.668872
plantview__langdon_4__19-03-24,45,48,3,4,4,0.0,2.4933,3.5619,0.333333,OK,0.999907,0.012722,0.004879,-0.009966,0.438651,0.898602,0.009292,-0.898567,0.438737
plantview__langdon_4__19-03-24,46,47,1,12,12,1.4586,2.0683,2.2137,0.406736,OK,0.999914,0.012526,0.003986,-0.013025,0.90316,0.429107,0.001775,-0.429122,0.903245
plantview__langdon_4__19-03-24,46,48,2,8,8,0.0,1.2702,1.8521,0.666667,OK,0.999845,0.01602,0.007255,-0.016765,0.743625,0.668386,0.005313,-0.668404,0.743779
plantview__langdon_4__19-03-24,46,49,3,4,4,0.9629,1.2148,1.3096,0.169814,OK,0.999734,0.022013,0.00689,-0.023058,0.94621,0.32273,0.000585,-0.322803,0.946466
plantview__langdon_4__19-03-24,47,48,1,12,12,0.4141,1.2627,2.8287,0.707185,OK,0.999941,0.010836,0.000783,-0.010591,0.956236,0.292403,0.00242,-0.292394,0.956295
plantview__langdon_4__19-03-24,47,49,2,8,7,0.4062,1.7284,3.67,0.474074,OK,0.999859,0.016806,-0.00045,-0.016778,0.995802,-0.089984,-0.001064,0.089979,0.995943
plantview__langdon_4__19-03-24,47,50,3,4,4,0.6026,2.8241,3.5179,0.207997,OK,0.999974,-0.006754,-0.002526,0.004594,0.866695,-0.498818,0.005558,0.498793,0.866703
plantview__langdon_4__19-03-24,48,49,1,12,12,1.1151,3.2357,4.8882,0.472784,OK,0.999991,0.0039,0.001431,-0.00311,0.931076,-0.364812,-0.002755,0.364804,0.93108
plantview__langdon_4__19-03-24,48,50,2,8,8,0.5979,3.5603,3.7,0.417217,OK,0.999615,-0.022688,0.015954,0.02718,0.68665,-0.72648,0.005528,0.726634,0.687002
plantview__langdon_4__19-03-24,48,51,3,4,4,1.5109,3.5541,3.7822,0.132754,OK,0.999157,-0.014608,0.038361,0.041048,0.354876,-0.934012,3.1e-05,0.934799,0.355176
plantview__langdon_4__19-03-24,49,50,1,12,12,0.6882,3.0003,3.336,0.592354,OK,0.999683,-0.023295,0.00957,0.025122,0.895795,-0.443756,0.001765,0.443856,0.896096
plantview__langdon_4__19-03-24,49,51,2,8,8,1.8143,3.6769,3.9618,0.236888,OK,0.999664,-0.010255,0.023792,0.024802,0.644276,-0.764391,-0.007489,0.764724,0.644314
plantview__langdon_4__19-03-24,49,52,3,4,3,0.3255,2.7921,3.7097,0.251476,OK,0.954628,-0.056448,-0.292402,-0.246804,0.399501,-0.882885,0.166652,0.914993,0.367444
plantview__langdon_4__19-03-24,50,51,1,12,12,0.0,1.4308,2.7227,1.0,OK,0.999983,0.005707,0.00112,-0.0048,0.91861,-0.395137,-0.003284,0.395125,0.918622
plantview__langdon_4__19-03-24,50,52,2,8,8,0.0,0.9881,1.7834,0.666667,OK,0.953791,-0.044887,-0.2971,-0.157096,0.768373,-0.620422,0.256132,0.638426,0.725816
plantview__langdon_4__19-03-24,50,53,3,4,4,0.4909,1.2237,1.3274,0.223581,OK,0.954461,0.078887,-0.287717,-0.156622,0.953314,-0.258189,0.253917,0.291494,0.922256
plantview__langdon_4__19-03-24,51,52,1,12,12,2.1256,3.5514,3.6796,0.319935,OK,0.95963,-0.050151,-0.276758,-0.031415,0.958707,-0.282654,0.279505,0.279938,0.918429
plantview__langdon_4__19-03-24,51,53,2,8,8,0.7159,2.3311,3.1453,0.388526,OK,0.963565,0.068768,-0.258483,-0.03304,0.989585,0.140108,0.265425,-0.126462,0.955802
plantview__langdon_4__19-03-24,51,54,3,4,3,1.0892,2.376,2.794,0.159553,OK,0.968763,0.152128,-0.195848,-0.030151,0.856133,0.515875,0.246151,-0.493855,0.833976
plantview__langdon_4__19-03-24,52,53,1,12,12,0.6971,2.9722,3.3225,0.589256,OK,0.999983,0.003832,0.004454,-0.005347,0.907762,0.419452,-0.002436,-0.419468,0.907767
plantview__langdon_4__19-03-24,52,54,2,8,8,2.3183,3.4382,4.3467,0.200905,OK,0.99997,0.003325,0.006975,-0.007389,0.675571,0.737258,-0.002261,-0.737287,0.675576
plantview__langdon_4__19-03-24,52,55,3,4,4,2.0661,3.6737,4.206,0.108715,OK,0.999779,0.018715,0.009605,-0.014604,0.288846,0.957264,0.015141,-0.957193,0.289055
plantview__langdon_4__19-03-24,53,54,1,12,12,0.0,2.7416,3.3924,1.0,OK,0.999999,-0.001192,0.000829,0.00079,0.926003,0.377515,-0.001218,-0.377514,0.926003
plantview__langdon_4__19-03-24,53,55,2,8,8,0.0569,3.1536,3.5905,0.630784,OK,0.999889,0.014804,-0.001397,-0.008977,0.675858,0.736977,0.011855,-0.736883,0.675916
plantview__langdon_4__19-03-24,53,56,3,4,4,0.1245,2.5435,3.5269,0.296428,OK,0.99993,0.009394,0.0072,-0.010657,0.44996,0.892985,0.005149,-0.892999,0.450029
plantview__langdon_4__19-03-24,54,55,1,12,12,0.989,1.9472,2.07,0.502766,OK,0.99991,0.013209,-0.002288,-0.011006,0.906313,0.422465,0.007654,-0.422401,0.906377
plantview__langdon_4__19-03-24,54,56,2,8,8,0.5693,1.404,1.8875,0.42481,OK,0.999861,0.014153,0.008783,-0.016443,0.754473,0.656125,0.002659,-0.656178,0.754601
plantview__langdon_4__19-03-24,54,57,3,4,4,0.5328,1.1824,1.3861,0.217471,OK,0.999805,0.017268,0.009619,-0.019432,0.94777,0.318363,-0.003619,-0.318488,0.94792
plantview__langdon_4__19-03-24,55,56,1,12,12,1.0013,1.8376,4.1621,0.499682,OK,0.999924,0.007082,0.01013,-0.009661,0.959025,0.283158,-0.00771,-0.283235,0.95902
plantview__langdon_4__19-03-24,55,57,2,8,7,0.5378,1.7514,3.0851,0.433526,OK,0.999815,0.013486,0.013694,-0.012244,0.996128,-0.087058,-0.014815,0.086874,0.996109
plantview__langdon_4__19-03-24,55,58,3,4,3,0.426,3.0701,4.0206,0.233747,OK,0.99999,0.00387,-0.002453,-0.004575,0.872102,-0.489302,0.000246,0.489308,0.872111
plantview__langdon_4__19-03-24,56,57,1,12,12,1.1936,4.1448,4.898,0.455868,OK,0.999988,-0.001401,0.004766,0.003034,0.931875,-0.362768,-0.003933,0.362778,0.931867
plantview__langdon_4__19-03-24,56,58,2,8,8,1.9923,3.7265,4.1477,0.222791,OK,0.999786,-0.019594,-0.006634,0.008621,0.686171,-0.727389,0.018804,0.727176,0.686193
plantview__langdon_4__19-03-24,56,59,3,4,4,1.7387,3.6372,3.7057,0.121712,OK,0.999603,-0.012116,0.025451,0.028122,0.367097,-0.929758,0.001922,0.930104,0.367292
plantview__langdon_4__19-03-24,57,58,1,12,12,2.5554,3.7246,3.9686,0.28126,OK,0.99949,-0.010767,-0.030076,-0.003688,0.896306,-0.443422,0.031731,0.443306,0.895808
plantview__langdon_4__19-03-24,57,59,2,8,8,2.5296,3.4586,3.6925,0.18888,OK,0.999851,-0.007492,0.015542,0.016573,0.667437,-0.744481,-0.004796,0.744628,0.667462
plantview__langdon_4__19-03-24,57,60,3,4,4,2.5888,3.1004,3.149,0.092883,OK,0.948009,-0.059461,-0.312641,-0.260893,0.417377,-0.870478,0.182248,0.906786,0.380164
plantview__langdon_4__19-03-24,58,59,1,12,12,1.6048,2.5068,2.5549,0.383905,OK,0.99842,0.011916,0.05491,0.009303,0.92871,-0.370691,-0.055412,0.370616,0.927132
plantview__langdon_4__19-03-24,58,60,2,8,8,1.3564,2.0944,2.7429,0.282923,OK,0.96686,-0.027497,-0.253821,-0.140357,0.773216,-0.618415,0.213263,0.633546,0.743733
plantview__langdon_4__19-03-24,58,61,3,4,4,1.131,1.6471,1.6961,0.156422,OK,0.968532,0.077916,-0.23638,-0.14252,0.952233,-0.270074,0.204045,0.295264,0.933373
plantview__langdon_4__19-03-24,59,60,1,12,12,1.4568,2.4481,2.9928,0.407039,OK,0.951302,-0.058373,-0.302683,-0.036676,0.953501,-0.299151,0.306071,0.295684,0.904926
plantview__langdon_4__19-03-24,59,61,2,8,8,0.2297,1.8876,1.957,0.542153,OK,0.954234,0.077304,-0.288898,-0.044001,0.991792,0.120052,0.295808,-0.101846,0.949803
plantview__langdon_4__19-03-24,59,62,3,4,3,0.1695,1.3726,1.8155,0.285021,OK,0.956953,0.174257,-0.23211,-0.036861,0.866201,0.498334,0.287892,-0.468327,0.835337
plantview__langdon_4__19-03-24,60,61,1,12,12,0.0,2.7614,3.6941,1.0,OK,0.999939,0.01091,0.00184,-0.010676,0.907705,0.419474,0.002906,-0.419468,0.907766
plantview__langdon_4__19-03-24,60,62,2,8,8,1.3184,3.0651,3.1056,0.287556,OK,0.999942,0.010107,0.003772,-0.009641,0.680341,0.732832,0.00484,-0.732826,0.680399
plantview__langdon_4__19-03-24,60,63,3,4,4,1.2247,2.7778,2.9185,0.149834,OK,0.99971,0.021604,0.010681,-0.01649,0.289933,0.956905,0.017576,-0.956803,0.290205
plantview__langdon_4__19-03-24,61,62,1,12,12,0.3114,2.6602,3.4025,0.762526,OK,0.999994,-0.002555,0.002406,0.001482,0.928862,0.370423,-0.003181,-0.370417,0.92886
plantview__langdon_4__19-03-24,61,63,2,8,5,0.1336,3.2284,3.6603,0.588111,OK,0.999975,0.007087,-0.00073,-0.004203,0.669546,0.742759,0.005753,-0.742737,0.669559
plantview__langdon_4__19-03-24,61,64,3,4,3,0.1983,2.6256,3.581,0.278182,OK,0.999964,0.004858,0.006969,-0.008394,0.439206,0.898347,0.001303,-0.898373,0.439231
plantview__langdon_4__19-03-24,62,63,1,12,12,1.4404,2.0283,2.3332,0.409766,OK,0.999953,0.009058,-0.003414,-0.006674,0.900629,0.434537,0.007011,-0.434494,0.900647
plantview__langdon_4__19-03-24,62,64,2,8,8,0.4205,1.6658,2.214,0.469312,OK,0.999904,0.013201,0.004192,-0.012599,0.741205,0.67116,0.005753,-0.671149,0.7413
plantview__langdon_4__19-03-24,62,65,3,4,4,0.7058,0.8843,0.8903,0.19541,OK,0.999801,0.019683,0.003338,-0.019717,0.947348,0.319599,0.003128,-0.319601,0.947547
plantview__langdon_4__19-03-24,63,64,1,12,12,0.8729,2.3415,3.0729,0.533939,OK,0.999947,0.008158,0.006321,-0.00964,0.95702,0.289863,-0.003685,-0.289908,0.957047
plantview__langdon_4__19-03-24,63,65,2,8,8,0.7739,1.0181,1.0611,0.375813,OK,0.999829,0.017684,0.005398,-0.017136,0.995909,-0.088721,-0.006945,0.088613,0.996042
plantview__langdon_4__19-03-24,63,66,3,4,4,0.0,0.0,0.0,0.333333,OK,0.99999,-0.000148,0.004565,0.002387,0.869022,-0.494767,-0.003894,0.494773,0.869014
plantview__langdon_4__19-03-24,64,65,1,12,12,1.3892,3.9702,4.4244,0.418556,OK,0.999989,0.002705,0.003725,-0.001138,0.929312,-0.369295,-0.004461,0.369286,0.929305
plantview__langdon_4__19-03-24,64,66,2,8,5,0.5683,3.2455,3.386,0.425087,OK,0.999528,-0.021523,0.021936,0.030719,0.679658,-0.732885,0.000865,0.733213,0.679998
plantview__langdon_4__19-03-24,64,67,3,4,3,0.7476,3.7721,4.748,0.190743,OK,0.999639,-0.009223,0.025227,0.02686,0.348802,-0.936812,-0.000159,0.937151,0.348924
plantview__langdon_4__19-03-24,65,66,1,12,12,0.6345,3.2139,4.5808,0.611825,OK,0.999679,-0.021006,0.014169,0.025104,0.896855,-0.441611,-0.003431,0.441825,0.897095
plantview__langdon_4__19-03-24,65,67,2,8,8,1.1648,3.4998,4.509,0.307961,OK,0.999517,-0.00633,0.030415,0.02716,0.653371,-0.756551,-0.015084,0.757012,0.653227
plantview__langdon_4__19-03-24,65,68,3,4,4,0.5322,2.4018,2.975,0.217548,OK,0.952352,-0.053947,-0.300194,-0.255836,0.394562,-0.882536,0.166055,0.917285,0.36196
plantview__langdon_4__19-03-24,66,67,1,12,12,0.2662,1.3207,1.5481,0.789767,OK,0.999939,0.006136,0.009172,-0.002119,0.922452,-0.386105,-0.01083,0.386062,0.922409
plantview__langdon_4__19-03-24,66,68,2,8,8,0.0,1.2414,1.2529,0.666667,OK,0.947552,-0.049806,-0.315696,-0.167294,0.764353,-0.622718,0.272318,0.642872,0.715932
plantview__langdon_4__19-03-24,66,69,3,4,4,0.6642,1.3949,1.4235,0.200302,OK,0.950585,0.080811,-0.299763,-0.162862,0.951813,-0.259862,0.264319,0.295841,0.91794
plantview__langdon_4__19-03-24,67,68,1,12,12,0.0,1.6202,2.2408,1.0,OK,0.944441,-0.05902,-0.323339,-0.040402,0.955439,-0.29241,0.326188,0.289227,0.899971
plantview__langdon_4__19-03-24,67,69,2,8,8,0.0,0.4342,1.4474,0.666667,OK,0.949069,0.079531,-0.304866,-0.0415,0.990742,0.129263,0.312324,-0.110027,0.943582
plantview__langdon_4__19-03-24,67,70,3,4,4,0.0,0.0,0.0,0.333333,OK,0.950002,0.19748,-0.241865,-0.046496,0.855433,0.515822,0.308764,-0.478786,0.821845
plantview__langdon_4__19-03-24,68,69,1,12,10,0.3598,2.5417,2.7512,0.73541,OK,0.999979,0.000986,0.006462,-0.003579,0.909789,0.415055,-0.00547,-0.415069,0.909773
plantview__langdon_4__19-03-24,68,70,2,8,8,0.0,2.5722,3.0443,0.666667,OK,0.999957,0.006391,0.006732,-0.00928,0.671731,0.740737,0.000212,-0.740768,0.671761
plantview__langdon_4__19-03-24,68,71,3,4,3,0.3271,1.8868,2.415,0.251167,OK,0.999784,0.019907,0.00597,-0.011499,0.290568,0.956785,0.017312,-0.956647,0.290734
plantview__langdon_4__19-03-24,69,70,1,12,11,0.5319,3.0964,3.8636,0.652781,OK,0.999986,0.004432,0.002847,-0.005196,0.919108,0.393971,-0.00087,-0.39398,0.919119
plantview__langdon_4__19-03-24,69,71,2,8,8,2.3139,3.1985,3.4615,0.201174,OK,0.99983,0.018388,0.001142,-0.013098,0.665808,0.746008,0.012957,-0.745896,0.665936
plantview__langdon_4__19-03-24,69,72,3,4,4,1.3398,2.8929,2.9844,0.142462,OK,0.999833,0.013213,0.012597,-0.017037,0.427464,0.903872,0.006558,-0.903936,0.427617
plantview__langdon_4__19-03-24,70,71,1,12,12,0.935,1.5368,2.0267,0.516803,OK,0.9999,0.013581,-0.003839,-0.010755,0.909352,0.415888,0.009139,-0.415806,0.909408
plantview__langdon_4__19-03-24,70,72,2,8,8,0.4818,1.2909,1.4815,0.449895,OK,0.999837,0.016045,0.008273,-0.017511,0.750647,0.660472,0.004387,-0.660509,0.750805
plantview__langdon_4__19-03-24,70,73,3,4,4,0.8546,1.0559,1.0679,0.17973,OK,0.999758,0.021063,0.006375,-0.021997,0.948078,0.317275,0.000639,-0.317339,0.948312
plantview__langdon_4__19-03-24,71,72,1,12,12,0.7009,1.3285,1.4564,0.587927,OK,0.999946,0.0056,0.008794,-0.007949,0.955297,0.29554,-0.006746,-0.295594,0.95529
plantview__langdon_4__19-03-24,71,73,2,8,8,0.2961,1.1536,1.2513,0.514353,OK,0.999803,0.018517,0.00715,-0.017909,0.99684,-0.077389,-0.00856,0.077246,0.996975
plantview__langdon_4__19-03-24,71,74,3,4,4,0.0,0.0,0.0,0.333333,OK,0.999942,0.003278,0.010252,0.00217,0.871525,-0.490346,-0.010542,0.49034,0.871468
plantview__langdon_4__19-03-24,72,73,1,12,12,0.4946,1.8977,2.3177,0.669072,OK,0.999942,0.010539,-0.002261,-0.010634,0.930312,-0.366616,-0.001761,0.366618,0.93037
plantview__langdon_4__19-03-24,72,74,2,8,5,0.0,1.4776,2.0537,0.666667,OK,0.999715,-0.015659,0.01804,0.023873,0.681823,-0.731128,-0.000852,0.73135,0.682002
plantview__langdon_4__19-03-24,72,75,3,4,4,0.9598,2.1582,2.2605,0.170085,OK,0.999676,-0.009929,0.023437,0.02541,0.334906,-0.941909,0.001503,0.942199,0.33505
plantview__langdon_4__19-03-24,73,74,1,12,10,0.0,3.0676,4.0789,1.0,OK,0.999631,-0.020738,0.017524,0.026345,0.896957,-0.441332,-0.006566,0.441631,0.897173
plantview__langdon_4__19-03-24,73,75,2,8,8,0.0,3.4943,4.4967,0.666667,OK,0.99905,-0.013457,0.041437,0.040333,0.645308,-0.762857,-0.016474,0.763804,0.645238
plantview__langdon_4__19-03-24,73,76,3,4,3,0.5483,2.7509,3.4599,0.215289,OK,0.953619,-0.0591,-0.295158,-0.25053,0.387737,-0.887071,0.16687,0.919873,0.354947
plantview__langdon_4__19-03-24,74,75,1,12,12,0.0,1.2057,2.0675,1.0,OK,0.999895,-0.000717,0.014473,0.006362,0.919072,-0.394039,-0.013019,0.394089,0.91898
plantview__langdon_4__19-03-24,74,76,2,8,8,0.0,1.6208,1.6849,0.666667,OK,0.949304,-0.053968,-0.309692,-0.162032,0.760204,-0.629155,0.269383,0.647439,0.71292
plantview__langdon_4__19-03-24,75,76,1,12,10,0.2452,2.5187,2.8799,0.803112,OK,0.942139,-0.061306,-0.329569,-0.040831,0.954828,-0.294339,0.332726,0.290765,0.897078
wheat3dgs__plot_461,0,1,1,12,12,0.5911,1.3969,1.4808,0.62849,OK,0.999939,0.001305,-0.010951,0.000523,0.986249,0.165264,0.011016,-0.16526,0.986189
wheat3dgs__plot_461,0,2,2,8,8,0.6367,1.4906,2.5294,0.407312,OK,0.999282,0.009502,-0.03668,0.00374,0.938587,0.345022,0.037705,-0.344912,0.937877
wheat3dgs__plot_461,0,3,3,4,4,1.1017,1.1638,1.166,0.158605,OK,0.999568,-0.027984,0.008951,0.029103,0.984834,-0.17104,-0.004029,0.171227,0.985223
wheat3dgs__plot_461,1,2,1,12,12,0.9833,2.1138,2.4312,0.504211,OK,0.99961,0.006526,-0.027135,-0.001638,0.984322,0.176374,0.027861,-0.176261,0.983949
wheat3dgs__plot_461,1,3,2,8,8,1.0557,1.8463,2.023,0.324307,OK,0.99941,-0.028264,0.019529,0.033336,0.935219,-0.352496,-0.008301,0.352939,0.93561
wheat3dgs__plot_461,1,4,3,4,4,0.6611,1.2044,1.4299,0.200665,OK,0.999677,-0.025279,-0.002625,0.02439,0.983269,-0.180517,0.007145,0.180394,0.983568
wheat3dgs__plot_461,2,3,1,12,12,1.1226,1.966,2.1213,0.471115,OK,0.998694,-0.024326,0.044934,0.043837,0.85973,-0.508864,-0.026252,0.510169,0.859674
wheat3dgs__plot_461,2,4,2,8,8,0.8688,1.401,1.7598,0.35673,OK,0.999383,-0.019831,0.028974,0.028395,0.941866,-0.334788,-0.02065,0.335404,0.941848
wheat3dgs__plot_461,2,5,3,4,4,0.5346,1.1279,1.153,0.217208,OK,0.9999,-0.010223,-0.009795,0.008713,0.989624,-0.143419,0.01116,0.143319,0.989614
wheat3dgs__plot_461,3,4,1,12,12,0.8603,1.4769,1.8635,0.537542,OK,0.999851,0.013896,-0.010228,-0.011685,0.981474,0.191241,0.012696,-0.191093,0.98149
wheat3dgs__plot_461,3,5,2,8,8,1.3749,2.0416,2.5542,0.280718,OK,0.998507,0.033072,-0.043475,-0.014564,0.928261,0.371644,0.052647,-0.370456,0.927357
wheat3dgs__plot_461,4,5,1,12,12,0.8683,1.2324,1.2904,0.535257,OK,0.999196,0.017164,-0.036242,-0.009931,0.981531,0.191043,0.038851,-0.190529,0.980912
wheat3dgs__plot_467,0,1,1,12,12,1.434,2.2339,2.3004,0.410854,OK,0.999601,0.017051,-0.02252,-0.012172,0.979451,0.201313,0.02549,-0.200959,0.979268
wheat3dgs__plot_467,0,2,2,8,8,1.8006,3.2237,3.4504,0.238042,OK,0.998873,0.028726,-0.037777,-0.011896,0.922142,0.386669,0.045943,-0.385784,0.921444
wheat3dgs__plot_467,0,3,3,4,4,1.0915,1.422,1.5331,0.159378,OK,0.999728,-0.017449,-0.015462,0.015377,0.992008,-0.125236,0.017524,0.124964,0.992006
wheat3dgs__plot_467,1,2,1,12,12,1.0484,1.8262,1.9973,0.488182,OK,0.999785,0.008664,-0.018834,-0.004867,0.981182,0.193023,0.020152,-0.192889,0.981014
wheat3dgs__plot_467,1,3,2,8,7,0.9686,1.652,1.6573,0.338651,OK,0.99963,-0.024995,0.010773,0.027124,0.947662,-0.318122,-0.002257,0.318296,0.947989
wheat3dgs__plot_467,1,4,3,4,4,1.0888,1.3216,1.3882,0.159582,OK,0.999873,-0.015374,-0.004114,0.014651,0.990146,-0.139268,0.006214,0.139191,0.990246
wheat3dgs__plot_467,2,3,1,12,11,1.0695,2.1313,2.4713,0.483198,OK,0.999164,-0.024697,0.032594,0.037564,0.869316,-0.492826,-0.016163,0.493638,0.869517
wheat3dgs__plot_467,2,4,2,8,8,0.9232,1.1335,1.2914,0.34664,OK,0.999677,-0.017955,0.017965,0.022796,0.946174,-0.322854,-0.011201,0.32316,0.946278
wheat3dgs__plot_467,2,5,3,4,4,0.5,0.9434,1.1012,0.222216,OK,0.999863,-0.006449,-0.015267,0.004467,0.991955,-0.126511,0.01596,0.126426,0.991848
wheat3dgs__plot_467,3,4,1,12,12,0.9773,1.5653,1.6779,0.50574,OK,0.999858,0.013843,-0.009595,-0.011733,0.981151,0.192886,0.012084,-0.192746,0.981174
wheat3dgs__plot_467,3,5,2,8,8,1.2824,1.7553,2.086,0.292087,OK,0.998818,0.031472,-0.03705,-0.014974,0.924275,0.381433,0.046249,-0.380428,0.923654
wheat3dgs__plot_467,4,5,1,12,12,0.8062,1.3544,1.3823,0.55364,OK,0.999424,0.015782,-0.030041,-0.009521,0.980122,0.198169,0.032571,-0.197769,0.979707
mustc__plot198__230613__ugv__pos00,0,1,1,12,8,0.0,3.7149,4.7563,1.0,OK,-0.423077,-0.734911,0.530011,0.649886,0.161483,0.742678,-0.63139,0.658657,0.409289
