sequence_id,frame_idx,n_fg_valid_pixels,raw_absrel,raw_mae,raw_rmse,raw_logrmse,raw_delta1,raw_delta2,raw_delta3,median_scale,aligned_absrel,aligned_mae,aligned_rmse,aligned_logrmse,aligned_delta1,aligned_delta2,aligned_delta3
plantview__langdon_4__05-03-24,0,12181,0.27939,0.41425,0.56081,0.49934,0.24103,0.5163,0.60159,1.27786,0.25325,0.34422,0.43909,0.35894,0.16115,0.5094,0.73779
plantview__langdon_4__05-03-24,1,17061,0.28723,0.43555,0.56486,0.46214,0.14096,0.4175,0.58437,1.45665,0.24887,0.3245,0.39673,0.28252,0.10316,0.45712,0.92626
plantview__langdon_4__05-03-24,2,18229,0.27826,0.41042,0.51201,0.43322,0.10653,0.41906,0.63141,1.46697,0.2357,0.30032,0.34302,0.26278,0.10972,0.54336,0.93055
plantview__langdon_4__05-03-24,3,18555,0.25534,0.37552,0.47519,0.39774,0.12908,0.47152,0.68801,1.45059,0.22359,0.28335,0.32237,0.24651,0.11377,0.57877,0.9398
plantview__langdon_4__05-03-24,4,20079,0.24168,0.3479,0.43614,0.36054,0.11136,0.48354,0.76199,1.44909,0.20436,0.25894,0.29705,0.22248,0.1519,0.67085,0.96474
plantview__langdon_4__05-03-24,5,21704,0.23693,0.33924,0.42349,0.34566,0.06741,0.49212,0.79953,1.42475,0.18355,0.23736,0.27911,0.2056,0.18011,0.75299,0.97406
plantview__langdon_4__05-03-24,6,23833,0.22832,0.32282,0.39782,0.32576,0.05018,0.55469,0.81857,1.37255,0.15793,0.20881,0.24818,0.1824,0.2484,0.85289,0.99303
plantview__langdon_4__05-03-24,7,25506,0.21701,0.30629,0.39573,0.31431,0.03838,0.63785,0.83541,1.29604,0.13083,0.18216,0.25964,0.17803,0.38803,0.86231,0.96103
plantview__langdon_4__05-03-24,8,51768,0.18645,0.25817,0.36934,0.31293,0.39575,0.68266,0.7681,1.15065,0.15835,0.21338,0.30577,0.24538,0.50709,0.69508,0.87834
plantview__langdon_4__05-03-24,9,28993,0.1447,0.1927,0.28932,0.23998,0.42617,0.78443,0.88439,1.09453,0.09978,0.13877,0.24038,0.1884,0.7171,0.81858,0.91884
plantview__langdon_4__05-03-24,10,27964,0.14037,0.18963,0.29729,0.24297,0.49378,0.79395,0.85989,1.08081,0.1035,0.14522,0.25716,0.20041,0.71041,0.81798,0.89233
plantview__langdon_4__05-03-24,11,29505,0.13838,0.19284,0.31039,0.24658,0.59176,0.79485,0.84769,1.06974,0.1099,0.1574,0.27613,0.21113,0.6585,0.8,0.87789
plantview__langdon_4__05-03-24,12,28713,0.1341,0.18844,0.30744,0.24221,0.62982,0.78828,0.83422,1.06127,0.11262,0.1605,0.27728,0.2119,0.64817,0.79173,0.8851
plantview__langdon_4__05-03-24,13,27213,0.13031,0.1834,0.30534,0.24044,0.63804,0.78587,0.82563,1.05785,0.11445,0.16128,0.27756,0.21297,0.66788,0.78999,0.87888
plantview__langdon_4__05-03-24,14,26770,0.12472,0.17854,0.30986,0.24136,0.68808,0.78883,0.81939,1.06015,0.1127,0.15977,0.28195,0.21429,0.68554,0.78719,0.89249
plantview__langdon_4__05-03-24,15,27029,0.1219,0.17669,0.31583,0.2409,0.69958,0.79681,0.81771,1.05498,0.11677,0.16439,0.29149,0.21843,0.6661,0.79929,0.86751
plantview__langdon_4__05-03-24,16,27476,0.12643,0.18502,0.33579,0.25985,0.7155,0.79844,0.81507,1.0532,0.12014,0.1721,0.31307,0.23773,0.67302,0.80099,0.83476
plantview__langdon_4__05-03-24,17,27987,0.13078,0.18711,0.33043,0.26058,0.67206,0.79641,0.82363,1.06681,0.1152,0.16457,0.3014,0.23091,0.68703,0.81005,0.83939
plantview__langdon_4__05-03-24,18,28397,0.13319,0.19115,0.33288,0.26331,0.65282,0.79984,0.81111,1.06391,0.11459,0.16631,0.3043,0.23358,0.71124,0.8073,0.83949
plantview__langdon_4__05-03-24,19,28169,0.12132,0.16985,0.34801,0.24419,0.6773,0.84344,0.85658,1.06364,0.09733,0.14115,0.32524,0.21614,0.75402,0.85065,0.88139
plantview__langdon_4__05-03-24,20,29435,0.12668,0.17148,0.29475,0.24165,0.63075,0.8373,0.85432,1.07813,0.09827,0.13726,0.26218,0.206,0.72937,0.8476,0.89067
plantview__langdon_4__05-03-24,21,29427,0.13013,0.17456,0.2974,0.24167,0.56125,0.82468,0.86587,1.08227,0.09908,0.13711,0.26252,0.20229,0.73575,0.84385,0.91171
plantview__langdon_4__05-03-24,22,29619,0.13509,0.1793,0.28818,0.24361,0.51811,0.81451,0.86914,1.10634,0.09679,0.13264,0.24217,0.19331,0.74908,0.8454,0.92235
plantview__langdon_4__05-03-24,23,27707,0.15456,0.20588,0.31028,0.26614,0.41163,0.77905,0.86032,1.13841,0.10852,0.14732,0.24948,0.20003,0.69452,0.82329,0.92349
plantview__langdon_4__05-03-24,24,25036,0.2057,0.29148,0.38726,0.31903,0.10393,0.69891,0.81946,1.26359,0.13585,0.18732,0.26932,0.2014,0.45095,0.82266,0.91996
plantview__langdon_4__05-03-24,25,22859,0.22459,0.3162,0.4016,0.33915,0.08006,0.60479,0.80533,1.33193,0.15604,0.20721,0.26537,0.20232,0.30238,0.80804,0.929
plantview__langdon_4__05-03-24,26,21285,0.25089,0.36184,0.45619,0.38765,0.08283,0.53611,0.75466,1.43537,0.2122,0.27596,0.31533,0.24003,0.11863,0.6638,0.94217
plantview__langdon_4__05-03-24,27,19333,0.24409,0.35144,0.44947,0.38845,0.11798,0.52661,0.7765,1.4519,0.22803,0.28698,0.32538,0.25332,0.1365,0.53758,0.93959
plantview__langdon_4__05-03-24,28,17201,0.25087,0.36939,0.47925,0.40811,0.17034,0.46596,0.73025,1.46361,0.2425,0.29954,0.34289,0.26939,0.1536,0.4684,0.9525
plantview__langdon_4__05-03-24,29,15402,0.26749,0.40561,0.53509,0.4527,0.21634,0.46273,0.65524,1.41641,0.2561,0.32655,0.38425,0.30044,0.14608,0.46487,0.86781
plantview__langdon_4__05-03-24,30,13707,0.27399,0.42275,0.56006,0.47871,0.23754,0.49201,0.59422,1.3921,0.26492,0.34801,0.4039,0.31723,0.08193,0.43919,0.83724
plantview__langdon_4__05-03-24,31,13071,0.30507,0.47048,0.60335,0.5252,0.22661,0.436,0.51695,1.46811,0.29555,0.38086,0.42345,0.33392,0.06633,0.31926,0.8512
plantview__langdon_4__05-03-24,32,12799,0.31456,0.48824,0.62111,0.53988,0.17783,0.443,0.50371,1.5701,0.31372,0.38823,0.43158,0.33933,0.11298,0.3012,0.82874
plantview__langdon_4__05-03-24,33,13151,0.29588,0.45724,0.59613,0.51508,0.19611,0.43054,0.57942,1.35971,0.25613,0.35237,0.43438,0.34284,0.13201,0.47411,0.79804
plantview__langdon_4__05-03-24,34,15171,0.28261,0.4411,0.58786,0.50425,0.17889,0.44901,0.65678,1.47791,0.27937,0.36441,0.43079,0.33504,0.11766,0.38831,0.84872
plantview__langdon_4__05-03-24,35,17405,0.28646,0.4452,0.59701,0.49982,0.14019,0.464,0.66653,1.57494,0.31179,0.40527,0.46381,0.33226,0.08567,0.27061,0.8728
plantview__langdon_4__05-03-24,36,19367,0.27063,0.40974,0.53181,0.45618,0.11086,0.50328,0.71632,1.51364,0.27492,0.36105,0.39609,0.29733,0.07064,0.3869,0.89033
plantview__langdon_4__05-03-24,37,21418,0.2504,0.36279,0.46536,0.4038,0.09156,0.55299,0.76137,1.43259,0.22052,0.28773,0.33238,0.25581,0.12041,0.62401,0.92137
plantview__langdon_4__05-03-24,38,24193,0.2299,0.32821,0.4317,0.37339,0.10267,0.62659,0.78018,1.3575,0.19359,0.25406,0.30876,0.24084,0.16959,0.71843,0.91171
plantview__langdon_4__05-03-24,39,25381,0.20435,0.2833,0.37899,0.32498,0.09937,0.6919,0.82617,1.28264,0.14818,0.19573,0.26899,0.21035,0.34482,0.81719,0.937
plantview__langdon_4__05-03-24,40,27240,0.14204,0.18635,0.28904,0.25157,0.48645,0.81307,0.87651,1.14175,0.10757,0.14032,0.23383,0.19139,0.68829,0.84875,0.91714
plantview__langdon_4__05-03-24,41,28234,0.13947,0.18697,0.30438,0.25912,0.5085,0.81894,0.86959,1.11619,0.10479,0.14311,0.25702,0.20662,0.73061,0.82734,0.90827
plantview__langdon_4__05-03-24,42,29005,0.13141,0.17772,0.30254,0.25755,0.59793,0.81724,0.85627,1.0868,0.1074,0.1472,0.26808,0.21881,0.70571,0.82203,0.88443
plantview__langdon_4__05-03-24,43,28258,0.12953,0.17517,0.30502,0.25629,0.62216,0.83559,0.84953,1.07967,0.10518,0.14488,0.27402,0.2215,0.70522,0.83909,0.88336
plantview__langdon_4__05-03-24,44,28006,0.13519,0.1857,0.32351,0.26918,0.62205,0.81993,0.84286,1.0774,0.10928,0.15389,0.29209,0.23381,0.7142,0.83093,0.85849
plantview__langdon_4__05-03-24,45,26355,0.13211,0.18466,0.32995,0.27114,0.6546,0.81567,0.83578,1.07274,0.1152,0.16155,0.30169,0.24018,0.69596,0.82664,0.84606
plantview__langdon_4__05-03-24,46,26256,0.1306,0.18599,0.341,0.27785,0.70605,0.81056,0.82476,1.06846,0.12462,0.17287,0.31547,0.25103,0.6629,0.81147,0.83055
plantview__langdon_4__05-03-24,47,26399,0.14007,0.20376,0.37072,0.29562,0.69025,0.79276,0.81113,1.06182,0.13749,0.19357,0.34778,0.27228,0.60567,0.79397,0.81416
plantview__langdon_4__05-03-24,48,25205,0.11221,0.15471,0.31638,0.26019,0.71422,0.86277,0.86598,1.02777,0.11378,0.15341,0.30848,0.25177,0.68229,0.86328,0.86661
plantview__langdon_4__05-03-24,49,25672,0.11548,0.16556,0.33249,0.27419,0.75323,0.84193,0.84758,1.03809,0.11706,0.16345,0.32042,0.26079,0.71144,0.84224,0.84984
plantview__langdon_4__05-03-24,50,26227,0.12079,0.18117,0.56817,0.2882,0.73756,0.83208,0.83822,1.05075,0.1191,0.17506,0.5577,0.26948,0.7209,0.83551,0.84146
plantview__langdon_4__05-03-24,51,26576,0.12126,0.16841,0.32101,0.27269,0.72897,0.83399,0.84828,1.04784,0.11202,0.15569,0.3047,0.25347,0.73055,0.8388,0.85077
plantview__langdon_4__05-03-24,52,27402,0.12868,0.17936,0.33116,0.28192,0.68294,0.82366,0.84341,1.07704,0.11804,0.16263,0.30501,0.25119,0.68783,0.82957,0.86176
plantview__langdon_4__05-03-24,53,28512,0.12959,0.17636,0.31824,0.27701,0.61374,0.82677,0.86585,1.09246,0.11458,0.15501,0.28693,0.2396,0.68859,0.83056,0.87465
plantview__langdon_4__05-03-24,54,28650,0.14135,0.19167,0.32998,0.28934,0.53948,0.81187,0.86272,1.11856,0.1201,0.16213,0.28933,0.24047,0.65302,0.82321,0.87647
plantview__langdon_4__05-03-24,55,25420,0.1552,0.20778,0.33084,0.29577,0.45173,0.80256,0.85511,1.15123,0.12527,0.16612,0.27721,0.23245,0.59528,0.83851,0.86865
plantview__langdon_4__05-03-24,56,23380,0.22361,0.31826,0.43311,0.37691,0.11202,0.66938,0.79324,1.31282,0.18135,0.24262,0.32206,0.25295,0.2725,0.74405,0.85902
plantview__langdon_4__05-03-24,57,21950,0.24359,0.36056,0.48935,0.42263,0.1236,0.60323,0.75809,1.39572,0.23431,0.31217,0.37192,0.28494,0.10501,0.61535,0.84374
plantview__langdon_4__05-03-24,58,20215,0.25274,0.37489,0.50445,0.43955,0.13757,0.57418,0.75949,1.44914,0.26203,0.3377,0.38786,0.30211,0.08528,0.5259,0.84957
plantview__langdon_4__05-03-24,59,17691,0.26612,0.40333,0.53342,0.46149,0.14098,0.51309,0.73529,1.4885,0.27662,0.35627,0.40223,0.3109,0.08581,0.43565,0.84597
plantview__langdon_4__05-03-24,60,14970,0.29621,0.46561,0.63096,0.52229,0.15217,0.43554,0.66166,1.55433,0.31438,0.40766,0.48529,0.34739,0.08784,0.30114,0.81904
plantview__langdon_4__05-03-24,61,13709,0.31138,0.48806,0.62748,0.54738,0.18827,0.40477,0.58261,1.59127,0.32706,0.40834,0.45496,0.35534,0.09271,0.30513,0.79772
plantview__langdon_4__05-03-24,62,13385,0.32431,0.503,0.62945,0.55558,0.18424,0.40075,0.49436,1.69376,0.33366,0.39641,0.45159,0.35114,0.18252,0.36989,0.78356
plantview__langdon_4__05-03-24,63,13514,0.32033,0.49657,0.6168,0.5376,0.14459,0.41298,0.50015,1.735,0.33806,0.39443,0.44628,0.34537,0.20719,0.35467,0.80184
plantview__langdon_4__05-03-24,64,14733,0.32868,0.5053,0.61052,0.54127,0.12652,0.34379,0.51985,1.67109,0.29415,0.36382,0.4173,0.32198,0.22582,0.40786,0.86459
plantview__langdon_4__05-03-24,65,13650,0.33006,0.50505,0.61954,0.55612,0.18168,0.37392,0.48205,1.70025,0.32458,0.3818,0.44581,0.34804,0.23297,0.39993,0.77634
plantview__langdon_4__05-03-24,66,13152,0.35087,0.54946,0.67258,0.60278,0.19123,0.33721,0.44997,1.77355,0.35994,0.42002,0.48295,0.37659,0.19457,0.39941,0.69883
plantview__langdon_4__05-03-24,67,13673,0.33004,0.50738,0.63319,0.5645,0.1443,0.35976,0.56491,1.70408,0.35485,0.43197,0.47682,0.36407,0.08096,0.30184,0.75616
plantview__langdon_4__05-03-24,68,15907,0.30953,0.46707,0.6074,0.54421,0.11316,0.40586,0.66556,1.58551,0.34446,0.43084,0.47953,0.3721,0.04753,0.26447,0.76136
plantview__langdon_4__05-03-24,69,18109,0.27615,0.42279,0.85579,0.50269,0.14871,0.50224,0.71926,1.48538,0.29929,0.39078,0.77821,0.35282,0.07565,0.39991,0.78497
plantview__langdon_4__05-03-24,70,19618,0.25619,0.37351,0.51677,0.46246,0.17198,0.58706,0.74508,1.41539,0.27236,0.34966,0.41594,0.33017,0.09022,0.51351,0.81746
plantview__langdon_4__05-03-24,71,21548,0.24751,0.4011,1.43609,0.4573,0.13574,0.65361,0.75014,1.35582,0.23866,0.35661,1.39349,0.32869,0.11259,0.62456,0.81242
plantview__langdon_4__05-03-24,72,24085,0.1597,0.21821,0.36461,0.33039,0.49172,0.77343,0.84198,1.15142,0.14573,0.19129,0.31731,0.27153,0.50816,0.8247,0.86764
plantview__langdon_4__05-03-24,73,26735,0.16721,0.23783,0.40542,0.36654,0.5314,0.74995,0.80352,1.1325,0.16586,0.22502,0.36308,0.31176,0.44215,0.78665,0.81391
plantview__langdon_4__05-03-24,74,28438,0.16156,0.22936,0.39905,0.35752,0.5961,0.7536,0.80561,1.10803,0.16179,0.22003,0.36401,0.31268,0.49592,0.76704,0.81082
plantview__langdon_4__05-03-24,75,28072,0.15975,0.23319,0.41928,0.36227,0.66899,0.75178,0.7847,1.07393,0.16224,0.22836,0.39516,0.33116,0.56366,0.7588,0.80055
plantview__langdon_4__05-03-24,76,27015,0.14893,0.21618,0.39765,0.34696,0.68595,0.78201,0.79789,1.05099,0.15047,0.21269,0.38123,0.32618,0.63846,0.78727,0.80252
plantview__langdon_4__05-03-24,77,25380,0.13779,0.20055,0.37959,0.32367,0.70493,0.80075,0.80804,1.03194,0.14006,0.19951,0.36923,0.3112,0.67329,0.80268,0.81115
plantview__langdon_4__05-03-24,78,25063,0.14716,0.21258,0.40062,0.3393,0.68567,0.79707,0.80302,1.03039,0.15047,0.21226,0.39091,0.32804,0.64924,0.79603,0.80389
plantview__langdon_4__05-03-24,79,24818,0.1496,0.22331,0.48419,0.34069,0.63829,0.79777,0.80438,1.0212,0.15406,0.2249,0.47844,0.33331,0.59574,0.79672,0.80623
plantview__langdon_4__05-03-24,80,22023,0.13746,0.20942,0.67264,0.33331,0.6673,0.80884,0.82509,1.01257,0.13955,0.20993,0.67026,0.32894,0.64878,0.81015,0.82709
plantview__langdon_4__05-03-24,81,23067,0.14322,0.20339,0.38504,0.3281,0.66459,0.79703,0.81996,0.99317,0.14204,0.20301,0.38708,0.33057,0.67187,0.79646,0.81866
plantview__langdon_4__05-03-24,82,23104,0.14614,0.21831,0.57195,0.34643,0.66166,0.80129,0.81081,0.99988,0.14613,0.21832,0.57197,0.34648,0.66179,0.80125,0.81081
plantview__langdon_4__05-03-24,83,25328,0.16218,0.24226,0.48823,0.38744,0.62417,0.76607,0.78849,1.03606,0.16314,0.23996,0.47775,0.37189,0.60798,0.77179,0.79655
plantview__langdon_4__05-03-24,84,22070,0.09103,0.10869,0.21551,0.18779,0.7551,0.8923,0.93466,1.02721,0.08781,0.10397,0.20865,0.1796,0.77019,0.8986,0.93625
plantview__langdon_4__05-03-24,85,26969,0.17908,0.25396,0.43915,0.41073,0.5711,0.73343,0.78531,1.11415,0.18554,0.25085,0.40624,0.36383,0.44036,0.75628,0.79666
plantview__langdon_4__05-03-24,86,26327,0.21269,0.30674,0.50774,0.45885,0.46728,0.65849,0.74536,1.20298,0.23841,0.31429,0.45484,0.38008,0.21377,0.66582,0.77559
plantview__langdon_4__05-03-24,87,23824,0.23582,0.34061,0.52712,0.49724,0.37911,0.6271,0.73632,1.27388,0.27771,0.35699,0.4645,0.39907,0.13214,0.52116,0.75453
plantview__langdon_4__05-03-24,88,20996,0.31055,0.48489,0.66174,0.58835,0.15498,0.47966,0.63474,1.46255,0.32913,0.44484,0.53798,0.41644,0.09707,0.35216,0.71899
plantview__langdon_4__05-03-24,89,19604,0.32168,0.49718,0.66016,0.60271,0.1315,0.44522,0.61258,1.53411,0.33946,0.45195,0.52883,0.41168,0.09054,0.29683,0.72903
plantview__langdon_4__05-03-24,90,18137,0.33535,0.54403,1.1236,0.62053,0.13784,0.39422,0.5786,1.59765,0.35822,0.49532,1.03048,0.41697,0.04455,0.27072,0.69482
plantview__langdon_4__05-03-24,91,15469,0.3594,0.53832,0.66248,0.62933,0.10679,0.33835,0.52511,1.72871,0.38302,0.4669,0.51623,0.40021,0.07292,0.27713,0.66869
plantview__langdon_4__05-03-24,92,13569,0.35373,0.53388,0.65896,0.61097,0.14798,0.34505,0.4836,1.72131,0.38476,0.43855,0.4932,0.39778,0.11622,0.32007,0.69482
plantview__langdon_4__05-03-24,93,13834,0.33342,0.49381,0.61053,0.56899,0.15917,0.36555,0.51583,1.6365,0.3269,0.37874,0.43175,0.3575,0.1612,0.36808,0.78835
plantview__langdon_4__05-03-24,94,13459,0.32517,0.48579,0.59368,0.54222,0.13671,0.3796,0.51007,1.62636,0.2929,0.35271,0.40242,0.32336,0.21807,0.36125,0.87733
plantview__langdon_4__05-03-24,95,14616,0.3144,0.47524,0.5751,0.51347,0.15832,0.35872,0.53886,1.64404,0.28916,0.34566,0.39947,0.31505,0.24624,0.396,0.87774
plantview__langdon_4__05-03-24,96,12642,0.30931,0.45651,0.55792,0.49509,0.12981,0.41552,0.56937,1.60556,0.28737,0.33256,0.38227,0.31284,0.23541,0.40911,0.91663
plantview__langdon_4__05-03-24,97,12774,0.30632,0.44977,0.54684,0.48813,0.12878,0.3843,0.58517,1.55786,0.25719,0.30593,0.3496,0.28876,0.21575,0.43487,0.93455
plantview__langdon_4__05-03-24,98,12631,0.31053,0.44729,0.55836,0.51363,0.1007,0.40757,0.61737,1.54409,0.2898,0.33953,0.39164,0.32871,0.17592,0.38635,0.81933
plantview__langdon_4__05-03-24,99,13540,0.3256,0.47239,0.60226,0.5555,0.12644,0.36898,0.59778,1.55414,0.29861,0.35916,0.43344,0.34897,0.15982,0.34476,0.78353
plantview__langdon_4__05-03-24,100,14871,0.34773,0.51995,0.6724,0.60914,0.14054,0.32768,0.55517,1.6471,0.35217,0.42925,0.5071,0.38611,0.09085,0.30025,0.71132
plantview__langdon_4__05-03-24,101,15737,0.36125,0.54968,0.75544,0.64272,0.10866,0.34613,0.544,1.53754,0.35354,0.4658,0.60969,0.43343,0.09957,0.31652,0.69549
plantview__langdon_4__05-03-24,102,17830,0.32898,0.52462,1.27657,0.6173,0.11598,0.4074,0.64795,1.53772,0.35929,0.49222,1.20678,0.44218,0.08682,0.31122,0.70729
plantview__langdon_4__05-03-24,103,20590,0.29177,0.45137,0.67476,0.58354,0.16226,0.55032,0.70923,1.42557,0.31959,0.43073,0.57712,0.43645,0.07528,0.46629,0.72676
plantview__langdon_4__05-03-24,104,23741,0.20979,0.29886,0.65379,0.46647,0.45268,0.69711,0.76513,1.20947,0.23677,0.30748,0.61855,0.39411,0.24409,0.69904,0.77987
plantview__langdon_4__05-03-24,105,25195,0.19414,0.26767,0.45569,0.44118,0.50316,0.70673,0.77928,1.14545,0.20903,0.27082,0.41948,0.38594,0.33669,0.73332,0.7948
plantview__langdon_4__05-03-24,106,26614,0.18995,0.25844,0.43828,0.43069,0.51913,0.71139,0.78541,1.12279,0.19805,0.25667,0.40578,0.38108,0.40509,0.7345,0.78857
plantview__langdon_4__05-03-24,107,26735,0.17433,0.2391,0.4242,0.39531,0.6303,0.72695,0.79529,1.06653,0.17652,0.23515,0.40531,0.36808,0.53854,0.72616,0.80075
plantview__langdon_4__05-03-24,108,26805,0.15808,0.2157,0.39166,0.36409,0.64268,0.76198,0.81571,1.03621,0.15965,0.21381,0.38119,0.3497,0.61313,0.75747,0.81903
plantview__langdon_4__05-03-24,109,25238,0.15563,0.21779,0.40061,0.36,0.65092,0.77558,0.80569,1.00766,0.15597,0.2173,0.39825,0.35692,0.64102,0.77696,0.80724
plantview__langdon_4__05-03-24,110,23145,0.12583,0.17249,0.34025,0.29075,0.6897,0.83616,0.85483,0.9987,0.1257,0.17251,0.34062,0.29117,0.69233,0.83595,0.85435
plantview__langdon_4__05-03-24,111,22881,0.11375,0.14768,0.30444,0.25525,0.68314,0.87667,0.891,0.98384,0.11208,0.14788,0.30851,0.25969,0.71522,0.87536,0.88536
plantview__langdon_4__05-03-24,112,25554,0.14157,0.19554,0.38034,0.32237,0.66647,0.81068,0.84856,1.03273,0.14547,0.19497,0.37161,0.31225,0.60104,0.81087,0.85411
plantview__langdon_4__05-03-24,113,25926,0.14718,0.19834,0.36692,0.32774,0.67916,0.78516,0.8294,1.0202,0.14937,0.19785,0.36081,0.32052,0.64144,0.78751,0.83773
plantview__langdon_4__05-03-24,114,27070,0.14344,0.19316,0.35749,0.32178,0.68452,0.78164,0.82837,1.02507,0.14543,0.19211,0.35004,0.31268,0.66487,0.78315,0.83868
plantview__langdon_4__05-03-24,115,28851,0.14791,0.19948,0.36299,0.33498,0.65426,0.77051,0.83522,1.05344,0.14874,0.19462,0.34671,0.3139,0.62771,0.77252,0.84274
plantview__langdon_4__05-03-24,116,28297,0.14768,0.1969,0.35231,0.32971,0.65021,0.77107,0.83348,1.05073,0.1476,0.19166,0.33684,0.30938,0.61399,0.77471,0.83701
plantview__langdon_4__05-03-24,117,28603,0.1552,0.20715,0.37468,0.34541,0.6163,0.74541,0.83393,1.08904,0.1536,0.19728,0.34891,0.31007,0.5619,0.76412,0.85065
plantview__langdon_4__05-03-24,118,27179,0.15808,0.20168,0.3461,0.34017,0.55628,0.74576,0.83789,1.11843,0.15457,0.18878,0.31289,0.29461,0.52029,0.7767,0.87365
plantview__langdon_4__05-03-24,119,26309,0.20217,0.25863,0.38928,0.38846,0.35638,0.68726,0.79068,1.21697,0.18645,0.22733,0.32629,0.30141,0.31883,0.76267,0.84329
plantview__langdon_4__05-03-24,120,21552,0.28222,0.39441,0.66024,0.45784,0.06556,0.47532,0.71228,1.45043,0.2528,0.30993,0.56337,0.30933,0.13873,0.57558,0.85751
plantview__langdon_4__05-03-24,121,19069,0.3219,0.43833,0.53562,0.50636,0.05564,0.35303,0.62762,1.51662,0.29196,0.33856,0.39345,0.33407,0.117,0.47601,0.81913
plantview__langdon_4__05-03-24,122,17397,0.36521,0.50381,0.59102,0.56626,0.04006,0.2144,0.54992,1.58033,0.31577,0.36268,0.41982,0.35769,0.12266,0.41731,0.7764
plantview__langdon_4__05-03-24,123,15356,0.36454,0.51446,0.61014,0.58514,0.05555,0.2808,0.50671,1.66464,0.33102,0.3832,0.42738,0.35217,0.10765,0.30249,0.84599
plantview__langdon_4__05-03-24,124,14727,0.31952,0.46014,0.56043,0.52226,0.07917,0.34019,0.59578,1.56074,0.27261,0.33097,0.37759,0.31319,0.13947,0.41013,0.83072
plantview__langdon_4__05-03-24,125,14120,0.28289,0.40908,0.51412,0.46696,0.12351,0.40326,0.67514,1.50166,0.25532,0.31049,0.36323,0.30134,0.15269,0.48775,0.89625
plantview__langdon_4__05-03-24,126,12536,0.31188,0.46186,0.56732,0.49632,0.0836,0.35889,0.61,1.61023,0.25818,0.31241,0.37879,0.29273,0.24258,0.45964,0.91696
plantview__langdon_4__05-03-24,127,12822,0.29142,0.43261,0.53074,0.45833,0.09094,0.40477,0.65863,1.56809,0.25142,0.30413,0.3514,0.278,0.21713,0.45633,0.90204
plantview__langdon_4__05-03-24,128,16824,0.27267,0.40032,0.49301,0.43339,0.09528,0.50499,0.67202,1.60291,0.29635,0.37695,0.43637,0.30716,0.18634,0.34243,0.93188
plantview__langdon_4__05-03-24,129,13691,0.3099,0.46293,0.56096,0.49778,0.10204,0.34285,0.60573,1.61105,0.27167,0.33226,0.3806,0.3033,0.1669,0.46483,0.91761
plantview__langdon_4__05-03-24,130,15868,0.31285,0.46477,0.58823,0.50235,0.06302,0.29613,0.6624,1.54592,0.24718,0.31876,0.41253,0.29984,0.17671,0.50775,0.88858
plantview__langdon_4__05-03-24,131,16837,0.31645,0.50091,1.23346,0.5162,0.02459,0.28194,0.67886,1.54932,0.24456,0.35625,1.15067,0.31115,0.14801,0.50056,0.8707
plantview__langdon_4__05-03-24,132,18542,0.31135,0.44716,0.53558,0.4921,0.02713,0.31199,0.69836,1.50379,0.23378,0.30677,0.35858,0.28835,0.14788,0.59929,0.85109
plantview__langdon_4__05-03-24,133,20137,0.31914,0.4574,0.55384,0.50896,0.03685,0.2913,0.67383,1.47952,0.23096,0.31012,0.3753,0.30002,0.14262,0.64761,0.83726
plantview__langdon_4__05-03-24,134,21221,0.29799,0.4248,0.52857,0.4827,0.04269,0.4054,0.71387,1.37272,0.20751,0.28293,0.37661,0.31035,0.29188,0.67678,0.82414
plantview__langdon_4__05-03-24,135,23824,0.26976,0.38105,0.48809,0.44504,0.05016,0.52485,0.73946,1.33301,0.19008,0.25902,0.35478,0.29269,0.30335,0.722,0.85502
plantview__langdon_4__05-03-24,136,27912,0.19646,0.25755,0.38444,0.37625,0.33613,0.70285,0.80557,1.18168,0.16205,0.208,0.32175,0.29676,0.48348,0.77558,0.84795
plantview__langdon_4__05-03-24,137,28971,0.16003,0.20803,0.34718,0.34207,0.49453,0.76832,0.84864,1.10433,0.13522,0.17496,0.3128,0.29775,0.65824,0.79928,0.87242
plantview__langdon_4__05-03-24,138,30342,0.16635,0.22577,0.39037,0.36845,0.55876,0.75816,0.80914,1.08245,0.14928,0.2016,0.36277,0.33164,0.62326,0.77286,0.82651
plantview__langdon_4__05-03-24,139,29149,0.1464,0.19626,0.34842,0.32888,0.64469,0.7825,0.83011,1.06427,0.13475,0.17919,0.32723,0.30206,0.67059,0.79135,0.84991
plantview__langdon_4__05-03-24,140,29482,0.15889,0.21602,0.37896,0.35487,0.63588,0.76213,0.80354,1.06018,0.15054,0.2017,0.35908,0.32969,0.65287,0.75768,0.81955
plantview__langdon_4__05-03-24,141,29005,0.14509,0.19659,0.35772,0.32912,0.68447,0.77938,0.81734,1.04819,0.1415,0.18802,0.34239,0.3104,0.68947,0.78076,0.83572
plantview__langdon_4__05-03-24,142,28714,0.14063,0.19171,0.35607,0.3224,0.71954,0.77913,0.82347,1.04559,0.14041,0.18643,0.34199,0.30564,0.67831,0.77952,0.83081
plantview__langdon_4__05-03-24,143,28296,0.13945,0.20782,0.91339,0.32694,0.70165,0.79884,0.83231,1.05999,0.14296,0.20402,0.90577,0.30759,0.5962,0.7952,0.85341
plantview__langdon_4__05-03-24,144,26435,0.118,0.15375,0.28549,0.24296,0.73263,0.83666,0.85118,1.05937,0.11471,0.14429,0.26668,0.22362,0.65387,0.83503,0.86049
plantview__langdon_4__05-03-24,145,27267,0.12751,0.18024,0.67117,0.26808,0.66593,0.82785,0.83779,1.07462,0.11451,0.16059,0.65853,0.24012,0.69656,0.82847,0.85407
plantview__langdon_4__05-03-24,146,27260,0.11956,0.157,0.28454,0.24018,0.6825,0.83628,0.85158,1.06028,0.10629,0.13862,0.26307,0.21738,0.7434,0.83573,0.86335
plantview__langdon_4__05-03-24,147,27886,0.11242,0.14904,0.30603,0.2329,0.73166,0.85408,0.87481,1.04904,0.098,0.13091,0.29061,0.21486,0.74733,0.85584,0.87883
plantview__langdon_4__05-03-24,148,28509,0.11711,0.1519,0.27111,0.2324,0.67631,0.84924,0.88028,1.06219,0.09755,0.1274,0.24861,0.20797,0.74461,0.85236,0.89386
plantview__langdon_4__05-03-24,149,28934,0.1167,0.14661,0.25573,0.22705,0.58302,0.86134,0.90696,1.07782,0.09127,0.11556,0.22807,0.19657,0.79236,0.8772,0.9138
plantview__langdon_4__05-03-24,150,30835,0.15295,0.21158,0.59885,0.3351,0.49291,0.80603,0.85455,1.10832,0.12451,0.1739,0.5779,0.29185,0.70751,0.83061,0.86911
plantview__langdon_4__05-03-24,151,29475,0.18318,0.23353,0.35231,0.35002,0.32831,0.77235,0.84095,1.18478,0.14696,0.18235,0.29531,0.27753,0.55152,0.80492,0.88244
plantview__langdon_4__05-03-24,152,26639,0.26803,0.38568,0.50486,0.4597,0.05075,0.56759,0.74207,1.33274,0.20231,0.27796,0.37771,0.31237,0.2746,0.71136,0.85454
plantview__langdon_4__05-03-24,153,24777,0.30106,0.43353,0.54539,0.50253,0.03031,0.38451,0.71958,1.43554,0.23366,0.31447,0.40364,0.32759,0.16911,0.6617,0.8413
plantview__langdon_4__05-03-24,154,23448,0.30685,0.44154,0.54924,0.49684,0.03941,0.3451,0.71098,1.47807,0.25655,0.32788,0.40123,0.32676,0.16611,0.5951,0.8512
plantview__langdon_4__05-03-24,155,22081,0.32057,0.47018,0.57942,0.52648,0.03161,0.29215,0.67719,1.49949,0.272,0.35717,0.42553,0.33945,0.1235,0.53064,0.80513
plantview__langdon_4__05-03-24,156,19918,0.31061,0.44512,0.53823,0.47988,0.05091,0.30284,0.69661,1.50377,0.2841,0.34518,0.41098,0.32765,0.15724,0.50492,0.8057
plantview__langdon_4__05-03-24,157,18988,0.31129,0.46532,0.56908,0.5075,0.086,0.34079,0.63809,1.56311,0.28942,0.3662,0.40842,0.31975,0.09975,0.42021,0.88087
plantview__langdon_4__05-03-24,158,18441,0.30923,0.45825,0.56363,0.49356,0.06269,0.39911,0.62209,1.58604,0.28958,0.36917,0.42423,0.31057,0.09473,0.35969,0.92479
plantview__langdon_4__05-03-24,159,18088,0.31683,0.4746,0.571,0.49941,0.08448,0.34481,0.59504,1.65394,0.29898,0.37061,0.43455,0.31885,0.1658,0.40502,0.90253
plantview__langdon_4__05-03-24,160,19308,0.29713,0.43854,0.53327,0.4658,0.0925,0.43495,0.6126,1.61186,0.29204,0.36497,0.41721,0.30659,0.15325,0.36358,0.91599
plantview__langdon_4__05-03-24,161,19310,0.29833,0.44794,0.55538,0.48227,0.10316,0.40829,0.64376,1.58621,0.30392,0.37891,0.42834,0.32268,0.12677,0.38131,0.8609
plantview__langdon_4__05-03-24,162,19151,0.29956,0.44961,0.5625,0.4872,0.0871,0.40123,0.66952,1.52456,0.30636,0.38839,0.43245,0.33213,0.07744,0.40181,0.82356
plantview__langdon_4__05-03-24,163,19541,0.29847,0.45614,0.57213,0.49261,0.09544,0.41625,0.67688,1.50616,0.29176,0.38603,0.43323,0.32662,0.06376,0.44261,0.83332
plantview__langdon_4__05-03-24,164,21963,0.28625,0.42768,0.5398,0.46941,0.08159,0.41297,0.71493,1.47998,0.26686,0.35038,0.4028,0.31041,0.06607,0.53736,0.8838
plantview__langdon_4__05-03-24,165,22786,0.26219,0.37975,0.48166,0.41466,0.07548,0.49807,0.75103,1.42757,0.24004,0.30813,0.36264,0.28231,0.09585,0.61296,0.92087
plantview__langdon_4__05-03-24,166,23592,0.23955,0.34278,0.4427,0.37785,0.07108,0.57901,0.79133,1.35635,0.18573,0.24724,0.31081,0.24086,0.24716,0.7422,0.92141
plantview__langdon_4__05-03-24,167,25948,0.23774,0.33883,0.44944,0.37651,0.04212,0.62961,0.78407,1.33486,0.17488,0.23776,0.31893,0.23614,0.26253,0.76172,0.9378
plantview__langdon_4__05-03-24,168,29295,0.1431,0.17712,0.26749,0.24175,0.32627,0.86547,0.9076,1.17785,0.10647,0.12834,0.21295,0.18234,0.65049,0.87694,0.93344
plantview__langdon_4__05-03-24,169,29927,0.10208,0.12609,0.22072,0.1926,0.62609,0.90657,0.93123,1.08926,0.07783,0.09581,0.19238,0.1628,0.81839,0.89538,0.94099
plantview__langdon_4__05-03-24,170,30938,0.0979,0.12403,0.22882,0.19545,0.72897,0.89886,0.92032,1.06076,0.07935,0.10147,0.20861,0.17369,0.81702,0.89159,0.92841
plantview__langdon_4__05-03-24,171,29889,0.10415,0.13399,0.25187,0.20865,0.74121,0.8821,0.90187,1.05056,0.0869,0.1132,0.23439,0.18968,0.78052,0.87678,0.91144
plantview__langdon_4__05-03-24,172,28470,0.10316,0.14523,0.58601,0.22058,0.74053,0.8673,0.87763,1.04119,0.09276,0.13158,0.5795,0.20662,0.75711,0.86312,0.8888
plantview__langdon_4__05-03-24,173,27697,0.10281,0.13869,0.26308,0.21411,0.7616,0.85255,0.85814,1.0395,0.09738,0.1297,0.24927,0.20015,0.75203,0.85013,0.86674
plantview__langdon_4__05-03-24,174,27184,0.10468,0.13937,0.26336,0.21543,0.77446,0.8473,0.85778,1.04996,0.09929,0.12929,0.24649,0.19869,0.72351,0.83814,0.86518
plantview__langdon_4__05-03-24,175,26853,0.11185,0.14715,0.27131,0.22507,0.74238,0.85275,0.8548,1.07641,0.1043,0.13226,0.24584,0.1996,0.66898,0.84966,0.86877
plantview__langdon_4__05-03-24,176,26095,0.11896,0.16349,0.29642,0.24221,0.73505,0.81058,0.82556,1.06387,0.11484,0.1524,0.27249,0.21845,0.66948,0.81709,0.88396
plantview__langdon_4__05-03-24,177,27555,0.10703,0.14807,0.27912,0.22592,0.74016,0.8278,0.84965,1.04504,0.1056,0.14208,0.26297,0.20997,0.70655,0.83056,0.88873
plantview__langdon_4__05-03-24,178,28023,0.11018,0.15125,0.27948,0.22914,0.74396,0.82939,0.85419,1.05366,0.10811,0.14402,0.26114,0.21087,0.68576,0.82546,0.90179
plantview__langdon_4__05-03-24,179,29404,0.11888,0.16348,0.29209,0.24199,0.73578,0.82295,0.8357,1.05909,0.10621,0.14556,0.26988,0.21847,0.7014,0.82621,0.89039
plantview__langdon_4__05-03-24,180,30368,0.1175,0.15996,0.28431,0.23852,0.74941,0.83265,0.85649,1.05327,0.10161,0.13948,0.26387,0.21623,0.71951,0.83433,0.8861
plantview__langdon_4__05-03-24,181,31352,0.10756,0.14477,0.26557,0.22561,0.76974,0.85357,0.87615,1.04542,0.09453,0.12805,0.24883,0.2071,0.79057,0.85545,0.89136
plantview__langdon_4__05-03-24,182,30736,0.12854,0.16825,0.27957,0.24503,0.54314,0.84029,0.87744,1.09714,0.09801,0.12983,0.24191,0.20339,0.76155,0.84598,0.89927
plantview__langdon_4__05-03-24,183,28753,0.13315,0.17136,0.26931,0.23826,0.48332,0.83796,0.89118,1.13743,0.10272,0.1297,0.22128,0.18645,0.70097,0.85101,0.92773
plantview__langdon_4__05-03-24,184,24734,0.22612,0.3327,0.47075,0.36574,0.09675,0.68747,0.77173,1.27311,0.16769,0.23735,0.36295,0.24842,0.37928,0.74917,0.89872
plantview__langdon_4__05-03-24,185,22769,0.24713,0.36271,0.49062,0.38483,0.08283,0.60244,0.74514,1.34592,0.20306,0.27339,0.36982,0.25458,0.18016,0.68738,0.91888
plantview__langdon_4__05-03-24,186,21647,0.25092,0.36604,0.46287,0.3861,0.08089,0.56807,0.73636,1.38671,0.22168,0.28874,0.33756,0.25642,0.12353,0.65127,0.93958
plantview__langdon_4__05-03-24,187,20812,0.26782,0.39931,0.50222,0.42007,0.10345,0.49486,0.70382,1.44433,0.25224,0.32497,0.36805,0.27957,0.07044,0.52681,0.93802
plantview__langdon_4__05-03-24,188,19100,0.28424,0.43144,0.54136,0.45319,0.10613,0.43372,0.67906,1.4523,0.25736,0.34103,0.39321,0.2949,0.09597,0.49764,0.91859
plantview__langdon_4__05-03-24,189,19325,0.28455,0.43566,0.55043,0.46607,0.14334,0.45511,0.66386,1.51437,0.30669,0.396,0.4339,0.32308,0.05682,0.38732,0.85361
plantview__langdon_4__05-03-24,190,19328,0.28677,0.44136,0.56192,0.48274,0.1519,0.46751,0.63405,1.5691,0.32132,0.40976,0.44817,0.33165,0.07047,0.31084,0.86222
plantview__langdon_4__05-03-24,191,15975,0.33929,0.52044,0.62118,0.53991,0.11211,0.32833,0.4944,1.72541,0.31633,0.37758,0.44204,0.33315,0.22491,0.41408,0.83581
plantview__langdon_4__05-03-24,192,18292,0.31053,0.48041,0.58465,0.50151,0.11502,0.43773,0.54855,1.67113,0.33332,0.42671,0.4901,0.33998,0.19085,0.31806,0.87596
plantview__langdon_4__05-03-24,193,18016,0.27702,0.42163,0.53828,0.45071,0.15309,0.48357,0.65192,1.52528,0.32948,0.40991,0.45424,0.33847,0.08259,0.33848,0.85463
plantview__langdon_4__05-03-24,194,17052,0.26975,0.40749,0.51837,0.43306,0.17464,0.47619,0.67318,1.46617,0.29166,0.36497,0.40723,0.3105,0.09219,0.41667,0.87503
plantview__langdon_4__05-03-24,195,18177,0.25662,0.37917,0.47821,0.40195,0.15443,0.51604,0.69753,1.39702,0.24017,0.30967,0.35422,0.27035,0.10161,0.53942,0.94779
plantview__langdon_4__05-03-24,196,19956,0.25735,0.37682,0.46775,0.38969,0.10814,0.51959,0.7045,1.42041,0.22779,0.29383,0.33222,0.25068,0.09275,0.57692,0.96587
plantview__langdon_4__05-03-24,197,22352,0.24749,0.36041,0.45754,0.37484,0.09905,0.54872,0.72119,1.3953,0.22262,0.28885,0.3333,0.24667,0.10438,0.63985,0.97293
plantview__langdon_4__05-03-24,198,23347,0.23733,0.35034,0.45126,0.36702,0.09256,0.61952,0.73787,1.35191,0.19244,0.26254,0.31054,0.22761,0.1712,0.69624,0.9725
plantview__langdon_4__05-03-24,199,24890,0.22765,0.33116,0.43029,0.35045,0.0689,0.65307,0.7595,1.30168,0.16334,0.22851,0.29618,0.21588,0.29337,0.73576,0.95713
plantview__langdon_4__05-03-24,200,27769,0.12789,0.1668,0.26465,0.22761,0.53113,0.82787,0.88127,1.13687,0.10732,0.13591,0.21735,0.17733,0.66398,0.84645,0.95718
plantview__langdon_4__05-03-24,201,29411,0.1075,0.14085,0.24313,0.20779,0.68814,0.8489,0.89093,1.08441,0.0897,0.11706,0.21207,0.17439,0.77372,0.86185,0.93574
plantview__langdon_4__05-03-24,202,30149,0.10921,0.14378,0.25142,0.21425,0.7122,0.83664,0.87638,1.05806,0.09341,0.12364,0.22891,0.1896,0.77263,0.84835,0.91177
plantview__langdon_4__05-03-24,203,30269,0.11169,0.14744,0.25814,0.21772,0.7318,0.83102,0.87456,1.05695,0.09894,0.13022,0.23713,0.19506,0.69418,0.84099,0.92035
plantview__langdon_4__05-03-24,204,29356,0.12624,0.17092,0.29179,0.24251,0.69437,0.80212,0.84122,1.07497,0.11004,0.14804,0.26237,0.2114,0.66903,0.81711,0.91477
plantview__langdon_4__05-03-24,205,27687,0.12966,0.17731,0.30285,0.24795,0.661,0.78871,0.8344,1.0776,0.11813,0.15793,0.27207,0.21659,0.6489,0.80229,0.91776
plantview__langdon_4__05-03-24,206,26322,0.12345,0.17061,0.29921,0.24359,0.7077,0.79622,0.84503,1.05636,0.11556,0.15656,0.27632,0.22059,0.65436,0.7977,0.89727
plantview__langdon_4__05-03-24,207,24975,0.12337,0.16515,0.29094,0.24055,0.67439,0.81706,0.86334,1.0736,0.11376,0.14742,0.26332,0.21306,0.64517,0.82402,0.90194
plantview__langdon_4__05-03-24,208,22957,0.12827,0.17713,0.30845,0.25046,0.68842,0.79875,0.85438,1.07355,0.12017,0.15978,0.27903,0.22232,0.60513,0.80821,0.91432
plantview__langdon_4__05-03-24,209,24940,0.1201,0.16778,0.29618,0.23916,0.70501,0.79707,0.8824,1.04604,0.11943,0.1613,0.27807,0.22204,0.63079,0.79707,0.91243
plantview__langdon_4__05-03-24,210,24495,0.12883,0.17864,0.30318,0.24629,0.65434,0.78734,0.87173,1.07235,0.11799,0.15997,0.27335,0.2166,0.63188,0.79408,0.92709
plantview__langdon_4__05-03-24,211,25959,0.12403,0.16828,0.28248,0.23192,0.65696,0.79522,0.89464,1.06321,0.11302,0.15098,0.25698,0.20615,0.63146,0.80377,0.92893
plantview__langdon_4__05-03-24,212,26700,0.10927,0.14536,0.25268,0.20978,0.72685,0.8318,0.92757,1.05379,0.09651,0.12816,0.23165,0.18774,0.70805,0.83528,0.95753
plantview__langdon_4__05-03-24,213,28928,0.11504,0.15775,0.38337,0.22195,0.67457,0.81634,0.90971,1.06536,0.09867,0.13591,0.36448,0.193,0.74506,0.82011,0.95112
plantview__langdon_4__05-03-24,214,29178,0.1229,0.16047,0.25241,0.21648,0.58935,0.80451,0.90637,1.10114,0.09685,0.12617,0.20901,0.17076,0.70704,0.81801,0.97992
plantview__langdon_4__05-03-24,215,28182,0.13896,0.18293,0.27246,0.23317,0.50277,0.77769,0.8812,1.13549,0.10807,0.14097,0.21468,0.17247,0.64761,0.80225,0.98063
plantview__langdon_4__05-03-24,216,25400,0.22503,0.32137,0.40339,0.33051,0.07142,0.63906,0.74134,1.31552,0.1604,0.21859,0.26299,0.19198,0.25693,0.76929,0.98724
plantview__langdon_4__05-03-24,217,23635,0.24367,0.35197,0.43261,0.35846,0.08183,0.56302,0.70336,1.37829,0.18664,0.25019,0.27958,0.20497,0.11254,0.70874,0.99437
plantview__langdon_4__05-03-24,218,22035,0.25889,0.37857,0.46244,0.38523,0.0919,0.48645,0.66735,1.43997,0.21355,0.28271,0.30664,0.22373,0.07715,0.63263,0.99224
plantview__langdon_4__05-03-24,219,19402,0.26171,0.38811,0.48767,0.40086,0.12859,0.49284,0.6489,1.4368,0.22562,0.29642,0.33336,0.24076,0.08587,0.56628,0.9849
plantview__langdon_4__05-03-24,220,17156,0.26425,0.3894,0.48398,0.40937,0.17166,0.46584,0.64823,1.44628,0.24424,0.30552,0.33197,0.25863,0.09501,0.51073,0.96678
plantview__langdon_4__05-03-24,221,15712,0.27324,0.41036,0.51331,0.43536,0.18635,0.4536,0.62004,1.4739,0.26336,0.32918,0.35735,0.27856,0.09076,0.46385,0.93037
plantview__langdon_4__05-03-24,222,14616,0.32061,0.50375,0.64041,0.51629,0.14361,0.36316,0.50739,1.61883,0.28991,0.36927,0.45536,0.31028,0.14484,0.39231,0.86323
plantview__langdon_4__05-03-24,223,17313,0.31847,0.49639,0.60037,0.51562,0.12551,0.42517,0.52764,1.68923,0.33302,0.42957,0.4995,0.34311,0.19621,0.3476,0.83533
plantview__langdon_4__05-03-24,224,14036,0.34274,0.53642,0.63279,0.54132,0.14791,0.28135,0.45911,1.67219,0.27539,0.34457,0.39863,0.2985,0.19286,0.4653,0.85929
plantview__langdon_4__05-03-24,225,15370,0.33933,0.51769,0.60499,0.51864,0.11666,0.26916,0.47476,1.5836,0.24664,0.3143,0.36849,0.28074,0.22876,0.50729,0.91178
plantview__langdon_4__05-03-24,226,15886,0.30209,0.44743,0.53182,0.45529,0.13118,0.33652,0.57264,1.49022,0.23282,0.29392,0.33486,0.25862,0.19665,0.5056,0.95235
plantview__langdon_4__05-03-24,227,16752,0.28437,0.41812,0.50361,0.4232,0.1167,0.37679,0.63079,1.46372,0.21777,0.27989,0.31961,0.24123,0.16303,0.58053,0.96478
plantview__langdon_4__05-03-24,228,18264,0.27512,0.40011,0.48132,0.40156,0.09609,0.41513,0.65774,1.46085,0.21017,0.2702,0.30894,0.23125,0.18939,0.61306,0.97963
plantview__langdon_4__05-03-24,229,19703,0.258,0.37939,0.46678,0.37684,0.08273,0.46348,0.70583,1.43644,0.19037,0.2554,0.30187,0.21062,0.17967,0.69335,0.99716
plantview__langdon_4__05-03-24,230,22142,0.24904,0.35765,0.42799,0.35177,0.04277,0.49273,0.74668,1.39747,0.16717,0.22536,0.25841,0.18529,0.18842,0.81587,0.99901
plantview__langdon_4__05-03-24,231,23558,0.23274,0.3292,0.40021,0.3279,0.04949,0.56868,0.80631,1.32796,0.15084,0.20364,0.24356,0.178,0.25758,0.83615,0.99673
plantview__langdon_4__05-03-24,232,25650,0.1388,0.18058,0.25776,0.21837,0.46125,0.75965,0.91583,1.13847,0.10191,0.13102,0.1947,0.15442,0.63528,0.86725,0.98889
plantview__langdon_4__05-03-24,233,26592,0.12656,0.16372,0.2482,0.21082,0.54039,0.77478,0.92167,1.09868,0.09645,0.12544,0.20228,0.16278,0.6884,0.82735,0.96488
plantview__langdon_4__05-03-24,234,26289,0.11317,0.14979,0.24454,0.20167,0.65887,0.7998,0.9189,1.05191,0.09795,0.13004,0.22082,0.17709,0.71498,0.81395,0.94393
plantview__langdon_4__05-03-24,235,25801,0.1196,0.16066,0.2639,0.21519,0.62699,0.79404,0.90465,1.06368,0.1036,0.13866,0.23506,0.18575,0.68707,0.80567,0.94543
plantview__langdon_4__05-03-24,236,24926,0.12168,0.16478,0.2705,0.21864,0.64892,0.78757,0.90139,1.0596,0.10943,0.14619,0.24432,0.1931,0.65301,0.7909,0.94119
plantview__langdon_4__05-03-24,237,23329,0.12474,0.16729,0.27257,0.22003,0.59625,0.79498,0.91358,1.0691,0.11217,0.1468,0.24254,0.19147,0.60907,0.80685,0.94415
plantview__langdon_4__05-03-24,238,22528,0.11802,0.15519,0.2561,0.20443,0.63232,0.81343,0.91539,1.05623,0.11069,0.14104,0.23276,0.18356,0.60138,0.81618,0.94447
plantview__langdon_4__05-03-24,239,22068,0.12351,0.16249,0.26852,0.2129,0.58383,0.80633,0.90443,1.0561,0.12031,0.15163,0.24565,0.19338,0.5614,0.81194,0.93013
plantview__langdon_4__05-03-24,240,19409,0.12497,0.16162,0.26962,0.21494,0.56494,0.81179,0.89649,1.04693,0.11954,0.15018,0.25034,0.19733,0.55711,0.83034,0.92091
plantview__langdon_4__05-03-24,241,20486,0.11369,0.14707,0.24674,0.19833,0.62125,0.83003,0.90906,1.0515,0.10647,0.13418,0.22635,0.17987,0.63243,0.85327,0.93171
plantview__langdon_4__05-03-24,242,21241,0.11439,0.15056,0.25115,0.20132,0.62012,0.82261,0.91107,1.05016,0.10883,0.13948,0.2316,0.18361,0.63467,0.85787,0.93046
plantview__langdon_4__05-03-24,243,22446,0.11468,0.15135,0.2492,0.20149,0.63731,0.81213,0.91214,1.05363,0.10362,0.13512,0.22658,0.17941,0.63499,0.8614,0.94204
plantview__langdon_4__05-03-24,244,24235,0.12355,0.1636,0.26238,0.21442,0.56786,0.80149,0.90604,1.06581,0.10323,0.13732,0.23232,0.18336,0.65121,0.85484,0.93447
plantview__langdon_4__05-03-24,245,25795,0.1216,0.16105,0.25692,0.21145,0.56747,0.79322,0.90715,1.06353,0.1009,0.13462,0.22705,0.18031,0.67676,0.84908,0.93689
plantview__langdon_4__05-03-24,246,25308,0.13192,0.17143,0.25925,0.21683,0.46068,0.7973,0.89972,1.10777,0.09389,0.12379,0.20911,0.16492,0.70436,0.87956,0.9561
plantview__langdon_4__05-03-24,247,24796,0.14482,0.18467,0.26074,0.22327,0.37341,0.79626,0.90123,1.14025,0.09353,0.12009,0.1965,0.15802,0.68805,0.87994,0.971
plantview__langdon_4__05-03-24,248,21264,0.21866,0.34236,0.73791,0.34408,0.05695,0.61851,0.845,1.25525,0.11826,0.20116,0.66411,0.22383,0.56593,0.8276,0.9644
plantview__langdon_4__05-03-24,249,20000,0.23616,0.33071,0.41151,0.33652,0.06105,0.5578,0.82615,1.33453,0.16432,0.21041,0.26818,0.20865,0.334,0.8102,0.9745
plantview__langdon_4__05-03-24,250,18483,0.23392,0.34148,0.42286,0.33984,0.08538,0.5181,0.80139,1.40043,0.18404,0.24176,0.28038,0.20526,0.20651,0.72093,0.98956
plantview__langdon_4__05-03-24,251,17102,0.2518,0.36758,0.44969,0.36691,0.09736,0.45281,0.78213,1.41584,0.19313,0.2492,0.29291,0.21889,0.24336,0.68758,0.97597
plantview__langdon_4__05-03-24,252,16547,0.26458,0.38277,0.46236,0.38838,0.11464,0.40406,0.69958,1.43278,0.20619,0.25691,0.29532,0.23127,0.21847,0.63305,0.9693
plantview__langdon_4__05-03-24,253,15268,0.29056,0.42053,0.4931,0.42293,0.11049,0.31373,0.59268,1.4484,0.1961,0.24473,0.28619,0.2271,0.25413,0.61744,0.96817
plantview__langdon_4__05-03-24,254,13691,0.31134,0.46123,0.54111,0.46728,0.13432,0.29048,0.56227,1.49876,0.21845,0.27838,0.32719,0.25318,0.24271,0.56738,0.93813
plantview__langdon_4__05-03-24,255,13744,0.31589,0.46927,0.56199,0.4902,0.15665,0.32429,0.51244,1.51069,0.24599,0.30855,0.35633,0.27869,0.19347,0.4896,0.92477
plantview__langdon_4__05-03-24,256,12454,0.28226,0.41307,0.51236,0.44174,0.22635,0.38341,0.57508,1.32605,0.22544,0.30039,0.35147,0.27449,0.15955,0.48129,0.92019
plantview__langdon_4__05-03-24,257,12423,0.27312,0.4017,0.49165,0.42133,0.15834,0.38477,0.65355,1.45868,0.22348,0.27969,0.32319,0.25471,0.20052,0.53739,0.95291
plantview__langdon_4__05-03-24,258,14406,0.26241,0.38305,0.46766,0.39747,0.14341,0.41941,0.7004,1.44028,0.21622,0.27209,0.30888,0.24233,0.20012,0.54505,0.95016
plantview__langdon_4__05-03-24,259,15615,0.25473,0.37107,0.44427,0.37306,0.09254,0.44163,0.7227,1.43427,0.19252,0.25414,0.28257,0.21097,0.16049,0.66212,0.99385
plantview__langdon_4__05-03-24,260,17172,0.24366,0.35725,0.43653,0.35804,0.0732,0.52347,0.75908,1.41164,0.19031,0.25532,0.2871,0.20972,0.16044,0.70376,0.99726
plantview__langdon_4__05-03-24,261,19478,0.23428,0.33845,0.41304,0.33701,0.05078,0.53681,0.7931,1.35177,0.15648,0.21394,0.25794,0.18676,0.27672,0.8103,0.9944
plantview__langdon_4__05-03-24,262,20768,0.22503,0.33197,0.49195,0.33099,0.04704,0.57131,0.82849,1.31193,0.13331,0.19549,0.37275,0.19087,0.38858,0.84572,0.96962
plantview__langdon_4__05-03-24,263,22496,0.2167,0.30441,0.38156,0.30916,0.02863,0.6386,0.8385,1.24036,0.10703,0.15498,0.24761,0.17882,0.68674,0.83397,0.95919
plantview__langdon_4__05-03-24,264,24652,0.13601,0.17801,0.26069,0.21901,0.40703,0.81263,0.89814,1.11416,0.08776,0.11865,0.20454,0.16084,0.76241,0.86127,0.96288
plantview__langdon_4__05-03-24,265,25461,0.11754,0.15517,0.2479,0.20455,0.54841,0.83516,0.91622,1.0804,0.08777,0.11852,0.21036,0.1654,0.76329,0.86583,0.95872
plantview__langdon_4__05-03-24,266,25790,0.10986,0.1482,0.24975,0.20179,0.67352,0.82551,0.91311,1.054,0.09289,0.12648,0.22524,0.17662,0.76134,0.85246,0.94397
plantview__langdon_4__05-03-24,267,24629,0.10988,0.14792,0.25212,0.20231,0.69065,0.83812,0.90617,1.0539,0.09507,0.12821,0.22901,0.17904,0.70551,0.85371,0.93751
plantview__langdon_4__05-03-24,268,24042,0.11077,0.14254,0.2446,0.201,0.70664,0.83966,0.90837,1.04719,0.09947,0.12654,0.22602,0.18406,0.68983,0.85929,0.94123
plantview__langdon_4__05-03-24,269,22833,0.10905,0.14467,0.24963,0.199,0.66421,0.85065,0.91363,1.05116,0.0987,0.12906,0.22916,0.17974,0.66807,0.86138,0.94219
plantview__langdon_4__05-03-24,270,20765,0.10234,0.13603,0.24608,0.19469,0.67397,0.85533,0.91206,1.01595,0.10202,0.13377,0.24017,0.18953,0.66848,0.86169,0.91842
plantview__langdon_4__05-03-24,271,21197,0.10461,0.13596,0.24698,0.19762,0.66434,0.8588,0.90131,1.00131,0.10435,0.13556,0.24645,0.19712,0.6641,0.85904,0.90145
plantview__langdon_4__05-03-24,272,22985,0.10187,0.13143,0.24362,0.19702,0.66047,0.86857,0.91429,1.0273,0.09879,0.12547,0.23363,0.18757,0.68275,0.87092,0.92217
plantview__langdon_4__05-03-24,273,23384,0.10781,0.14659,0.26573,0.21313,0.70193,0.83745,0.88753,1.03947,0.10056,0.13529,0.24954,0.19735,0.70685,0.84083,0.91276
plantview__langdon_4__05-03-24,274,24540,0.10476,0.13943,0.24986,0.2003,0.70909,0.85701,0.91447,1.04121,0.09325,0.12413,0.23361,0.18445,0.72111,0.85994,0.93256
plantview__langdon_4__05-03-24,275,25214,0.11475,0.15268,0.25929,0.20923,0.69473,0.84937,0.90021,1.06634,0.09459,0.1264,0.23272,0.18275,0.68557,0.85901,0.93678
plantview__langdon_4__05-03-24,276,25844,0.10459,0.13624,0.23213,0.1889,0.69401,0.85869,0.93534,1.05904,0.08665,0.11356,0.20802,0.16415,0.74172,0.87668,0.95326
plantview__langdon_4__05-03-24,277,26668,0.10393,0.13727,0.2349,0.19031,0.64261,0.86118,0.93817,1.05958,0.08828,0.11682,0.21025,0.16482,0.76822,0.87862,0.9556
plantview__langdon_4__05-03-24,278,27102,0.11208,0.14708,0.24081,0.19758,0.53339,0.85123,0.94303,1.08395,0.08566,0.11385,0.20446,0.1595,0.77566,0.87835,0.96336
plantview__langdon_4__05-03-24,279,26385,0.12826,0.17003,0.26186,0.21573,0.45526,0.83184,0.92416,1.11164,0.089,0.12008,0.21114,0.16329,0.75846,0.85772,0.96381
plantview__langdon_4__05-03-24,280,23351,0.20771,0.29167,0.36774,0.29621,0.03315,0.67582,0.84802,1.24256,0.10719,0.15219,0.2391,0.17265,0.65475,0.83461,0.96163
plantview__langdon_4__05-03-24,281,21710,0.21681,0.30598,0.37733,0.3057,0.04076,0.60953,0.83855,1.29476,0.12642,0.17322,0.23726,0.17279,0.44325,0.83561,0.96928
plantview__langdon_4__05-03-24,282,19766,0.22223,0.31317,0.37986,0.31183,0.04756,0.59273,0.82303,1.3174,0.13496,0.18105,0.23604,0.17632,0.42047,0.83011,0.97374
plantview__langdon_4__05-03-24,283,18714,0.23144,0.32651,0.39042,0.32667,0.0576,0.51224,0.80491,1.38193,0.16102,0.21144,0.24179,0.18166,0.25142,0.81559,0.99797
plantview__langdon_4__05-03-24,284,16374,0.23628,0.33257,0.40478,0.34284,0.09436,0.53078,0.77483,1.41236,0.19336,0.24537,0.27239,0.21094,0.14596,0.69849,0.99426
plantview__langdon_4__05-03-24,285,14743,0.23916,0.33652,0.4191,0.35868,0.15567,0.49244,0.74429,1.38923,0.20273,0.2504,0.28762,0.23054,0.21007,0.63305,0.965
plantview__langdon_4__05-03-24,286,13146,0.25541,0.41183,1.26777,0.42105,0.19337,0.46356,0.70675,1.32857,0.20638,0.31043,1.21358,0.29366,0.25726,0.62019,0.93276
plantview__langdon_4__05-03-24,287,12500,0.25455,0.369,0.47896,0.40728,0.2604,0.45936,0.64072,1.23263,0.20987,0.28768,0.3579,0.28008,0.22424,0.54816,0.88048
plantview__langdon_4__05-03-24,288,12234,0.26212,0.378,0.48597,0.41567,0.17084,0.45978,0.66054,1.26522,0.19719,0.27081,0.34821,0.2725,0.2462,0.60152,0.87943
plantview__langdon_4__05-03-24,289,13256,0.25207,0.37093,0.47329,0.39366,0.13858,0.49283,0.69455,1.37414,0.21428,0.27827,0.32889,0.25146,0.19486,0.59505,0.93678
plantview__langdon_4__05-03-24,290,16106,0.25287,0.36408,0.45396,0.38166,0.1076,0.48901,0.72439,1.41704,0.20976,0.26886,0.30677,0.23583,0.14374,0.62865,0.97746
plantview__langdon_4__05-03-24,291,18661,0.24086,0.34327,0.41865,0.35475,0.09099,0.49954,0.76352,1.41913,0.19141,0.24786,0.27647,0.20926,0.15262,0.67665,0.98644
plantview__langdon_4__05-03-24,292,20428,0.22389,0.31493,0.38111,0.3188,0.07509,0.54792,0.80982,1.38216,0.16656,0.21657,0.24376,0.18374,0.22381,0.79278,0.99731
plantview__langdon_4__05-03-24,293,21390,0.22848,0.32107,0.38609,0.322,0.04951,0.57672,0.80397,1.32911,0.14063,0.18702,0.23329,0.17796,0.38551,0.81613,0.99037
plantview__langdon_4__05-03-24,294,23372,0.23144,0.32605,0.3934,0.32606,0.02203,0.58082,0.80644,1.32148,0.13058,0.18064,0.23534,0.17272,0.41237,0.83609,0.976
plantview__langdon_4__05-03-24,295,25100,0.22631,0.31665,0.38424,0.31709,0.01964,0.61311,0.82179,1.27459,0.11223,0.15937,0.23291,0.17001,0.60773,0.8253,0.96418
plantview__langdon_4__05-03-24,296,27694,0.14761,0.19296,0.2721,0.23045,0.34145,0.79458,0.89965,1.12464,0.08851,0.12029,0.20855,0.16513,0.75706,0.84036,0.96483
plantview__langdon_4__05-03-24,297,29096,0.13065,0.17527,0.27562,0.22578,0.4657,0.81348,0.90662,1.09358,0.09367,0.12942,0.23106,0.17917,0.75158,0.84441,0.95865
plantview__langdon_4__05-03-24,298,28738,0.12981,0.17005,0.26322,0.2195,0.46635,0.80893,0.91757,1.0903,0.09376,0.12595,0.21953,0.17381,0.74668,0.83322,0.95671
plantview__langdon_4__05-03-24,299,27757,0.12764,0.17204,0.27434,0.22214,0.59725,0.79958,0.89765,1.07718,0.10176,0.13847,0.23873,0.18642,0.66048,0.81605,0.95316
plantview__langdon_4__05-03-24,300,26535,0.13238,0.17722,0.28021,0.22813,0.58048,0.79273,0.89425,1.08552,0.10296,0.13915,0.24041,0.18863,0.6635,0.80878,0.94106
plantview__langdon_4__05-03-24,301,26414,0.11939,0.16071,0.26521,0.21352,0.64189,0.80461,0.89657,1.06072,0.10058,0.13572,0.23683,0.18596,0.68324,0.8148,0.93859
plantview__langdon_4__05-03-24,302,25671,0.11552,0.15521,0.26321,0.21251,0.65884,0.80605,0.91808,1.06551,0.10013,0.13309,0.23326,0.18347,0.69156,0.81723,0.94184
plantview__langdon_4__05-03-24,303,25096,0.11789,0.15923,0.27418,0.21921,0.6613,0.7981,0.89672,1.04551,0.10711,0.14328,0.25325,0.19906,0.66198,0.8114,0.92397
plantview__langdon_4__05-03-24,304,25202,0.11884,0.1672,0.29545,0.22882,0.66991,0.81267,0.84763,1.05164,0.11257,0.1545,0.27245,0.20736,0.66665,0.81402,0.88132
plantview__langdon_4__05-03-24,305,26274,0.11863,0.16943,0.29693,0.22974,0.6828,0.80174,0.84738,1.05381,0.10805,0.15271,0.27185,0.20585,0.68878,0.80292,0.89556
plantview__langdon_4__05-03-24,306,26851,0.12901,0.17938,0.29771,0.23348,0.63782,0.79379,0.83986,1.0653,0.10647,0.15008,0.26641,0.2026,0.68653,0.798,0.93527
plantview__langdon_4__05-03-24,307,27646,0.12548,0.17131,0.2788,0.22194,0.64342,0.8054,0.86512,1.06552,0.1013,0.14065,0.24758,0.19094,0.68712,0.81216,0.94336
plantview__langdon_4__05-03-24,308,28891,0.13629,0.18492,0.2912,0.23582,0.54789,0.79122,0.84732,1.08307,0.10344,0.14394,0.25075,0.19427,0.67609,0.80928,0.93777
plantview__langdon_4__05-03-24,309,30164,0.1336,0.17999,0.28293,0.23144,0.50806,0.79426,0.8538,1.08332,0.09978,0.13834,0.24215,0.18892,0.71973,0.82038,0.94053
plantview__langdon_4__05-03-24,310,29909,0.14168,0.18854,0.28318,0.23529,0.42245,0.78625,0.86673,1.10809,0.09814,0.13468,0.22988,0.17972,0.72055,0.8231,0.95242
plantview__langdon_4__05-03-24,311,27894,0.15038,0.19805,0.28455,0.23945,0.36416,0.80293,0.8623,1.14841,0.09693,0.13041,0.21588,0.16883,0.71327,0.84706,0.96526
plantview__langdon_4__05-03-24,312,25455,0.23126,0.32836,0.4071,0.33347,0.02027,0.61799,0.80149,1.29053,0.13044,0.18541,0.25604,0.18588,0.4647,0.80774,0.96559
plantview__langdon_4__05-03-24,313,23743,0.24378,0.35058,0.43042,0.35404,0.02637,0.54622,0.78074,1.38558,0.17126,0.23291,0.27119,0.19725,0.19884,0.77623,0.9856
plantview__langdon_4__05-03-24,314,21861,0.24173,0.34654,0.42509,0.35153,0.04584,0.52139,0.79113,1.43886,0.19579,0.25533,0.28321,0.20941,0.12026,0.6985,0.98916
plantview__langdon_4__05-03-24,315,20870,0.24469,0.35312,0.43845,0.36415,0.07901,0.49564,0.7759,1.42313,0.19795,0.25608,0.29291,0.22074,0.17125,0.67873,0.97484
plantview__langdon_4__05-03-24,316,18457,0.24444,0.35497,0.44645,0.37033,0.09102,0.49282,0.77141,1.42196,0.19688,0.25571,0.29697,0.22244,0.18486,0.62935,0.96224
plantview__langdon_4__05-03-24,317,17080,0.26211,0.38724,0.49422,0.40264,0.10375,0.44789,0.70714,1.40642,0.19978,0.26811,0.33129,0.23825,0.18039,0.66446,0.9373
plantview__langdon_4__05-03-24,318,13956,0.2687,0.39668,0.50072,0.42066,0.14811,0.45464,0.63019,1.35223,0.21302,0.2839,0.33915,0.2583,0.18845,0.57617,0.9052
plantview__langdon_4__05-03-24,319,12695,0.29941,0.44259,0.5462,0.47666,0.15857,0.36896,0.54809,1.39201,0.23263,0.30849,0.36215,0.28533,0.14714,0.51319,0.90618
plantview__langdon_4__12-03-24,0,16076,0.34386,0.55295,0.67447,0.57206,0.09157,0.24322,0.5813,1.86431,0.37391,0.46894,0.51752,0.36873,0.11072,0.28701,0.76387
plantview__langdon_4__12-03-24,1,17014,0.37686,0.59194,0.69876,0.61723,0.05313,0.1611,0.52798,1.80086,0.32418,0.41852,0.45668,0.34043,0.12237,0.28335,0.80293
plantview__langdon_4__12-03-24,2,17974,0.36771,0.56311,0.67293,0.60111,0.04707,0.19167,0.54334,1.68465,0.31154,0.39562,0.44623,0.34687,0.1135,0.33242,0.80166
plantview__langdon_4__12-03-24,3,19015,0.36116,0.55966,0.66741,0.58683,0.05385,0.21146,0.55057,1.80148,0.32715,0.412,0.46,0.34166,0.11686,0.34594,0.8335
plantview__langdon_4__12-03-24,4,21816,0.36134,0.57075,0.67778,0.57051,0.0297,0.14599,0.59713,1.7974,0.29886,0.40183,0.45948,0.31919,0.10061,0.39077,0.88871
plantview__langdon_4__12-03-24,5,24305,0.35069,0.53179,0.6175,0.52897,0.01835,0.1294,0.65258,1.7278,0.25269,0.34117,0.39099,0.27736,0.10278,0.51203,0.95055
plantview__langdon_4__12-03-24,6,26776,0.35711,0.54771,0.64629,0.5521,0.01707,0.09124,0.67964,1.73458,0.26109,0.36702,0.42334,0.29228,0.06244,0.48715,0.92519
plantview__langdon_4__12-03-24,7,25032,0.30533,0.41607,0.49824,0.45829,0.00503,0.1695,0.78072,1.53649,0.20282,0.25989,0.31935,0.25372,0.16123,0.72523,0.92925
plantview__langdon_4__12-03-24,8,27492,0.29575,0.40079,0.48102,0.44008,0.00713,0.20304,0.78496,1.46502,0.17699,0.23254,0.30074,0.23848,0.26633,0.78263,0.9143
plantview__langdon_4__12-03-24,9,28156,0.28806,0.38105,0.45741,0.42537,0.01414,0.20056,0.81002,1.39122,0.13405,0.18351,0.28175,0.22643,0.56002,0.7977,0.91462
plantview__langdon_4__12-03-24,10,29836,0.27211,0.36149,0.44705,0.40746,0.01619,0.28891,0.80162,1.33354,0.12775,0.18034,0.29105,0.2306,0.62431,0.79347,0.90046
plantview__langdon_4__12-03-24,11,29774,0.27337,0.36556,0.46312,0.41789,0.01532,0.33828,0.78871,1.30452,0.13201,0.19015,0.31849,0.25183,0.63092,0.78616,0.86226
plantview__langdon_4__12-03-24,12,29752,0.25642,0.34154,0.44564,0.39922,0.06406,0.43221,0.80307,1.27038,0.12495,0.18217,0.31805,0.2508,0.66402,0.80136,0.84509
plantview__langdon_4__12-03-24,13,29634,0.26159,0.35338,0.46937,0.41542,0.04893,0.43848,0.79291,1.27491,0.13618,0.20038,0.34243,0.26585,0.64045,0.79011,0.82399
plantview__langdon_4__12-03-24,14,28580,0.2585,0.35282,0.47891,0.41768,0.06277,0.47428,0.78551,1.26957,0.14608,0.21353,0.35601,0.27305,0.57733,0.77687,0.81875
plantview__langdon_4__12-03-24,15,27622,0.23742,0.32553,0.60624,0.39505,0.11056,0.53736,0.81732,1.25674,0.14308,0.20718,0.52718,0.26714,0.55083,0.81218,0.83086
plantview__langdon_4__12-03-24,16,27209,0.23937,0.32843,0.54443,0.39195,0.11636,0.49711,0.82043,1.25652,0.14069,0.20447,0.45179,0.26163,0.54743,0.81286,0.84549
plantview__langdon_4__12-03-24,17,27479,0.24938,0.32732,0.43938,0.38603,0.06893,0.409,0.83482,1.28115,0.12613,0.17765,0.31342,0.23819,0.62175,0.82641,0.87798
plantview__langdon_4__12-03-24,18,27199,0.25291,0.3283,0.42621,0.38115,0.0578,0.38255,0.83624,1.28637,0.11844,0.16648,0.29325,0.22738,0.6701,0.83503,0.88889
plantview__langdon_4__12-03-24,19,28266,0.25546,0.32645,0.40998,0.37236,0.0599,0.31419,0.84685,1.28549,0.11011,0.15321,0.27117,0.21234,0.66546,0.84451,0.90218
plantview__langdon_4__12-03-24,20,27695,0.25296,0.3148,0.38016,0.35183,0.0161,0.27774,0.8634,1.29048,0.0979,0.13062,0.23288,0.18662,0.69189,0.86099,0.94223
plantview__langdon_4__12-03-24,21,27486,0.26069,0.34796,0.70331,0.3737,0.00615,0.26352,0.85414,1.32421,0.10013,0.15334,0.61891,0.20042,0.67165,0.85644,0.95114
plantview__langdon_4__12-03-24,22,26875,0.27064,0.34608,0.40323,0.36974,0.00394,0.24867,0.82835,1.36321,0.10742,0.14262,0.22159,0.17033,0.60037,0.83658,0.96361
plantview__langdon_4__12-03-24,23,26174,0.28268,0.35934,0.40672,0.37792,0.00145,0.18889,0.83338,1.43778,0.11905,0.15077,0.20537,0.15858,0.4984,0.8651,0.98644
plantview__langdon_4__12-03-24,24,23340,0.28233,0.36463,0.4109,0.37577,0.00227,0.13218,0.8419,1.46016,0.12635,0.15939,0.20603,0.15919,0.43141,0.87656,0.98098
plantview__langdon_4__12-03-24,25,24981,0.33956,0.49639,0.55886,0.47349,0.01221,0.08699,0.7067,1.63736,0.18099,0.24781,0.29444,0.20475,0.23378,0.74549,0.97878
plantview__langdon_4__12-03-24,26,22520,0.34636,0.50798,0.56673,0.48237,0.00231,0.10209,0.63433,1.67873,0.18898,0.25327,0.29839,0.20908,0.22749,0.68384,0.98468
plantview__langdon_4__12-03-24,27,20439,0.34086,0.50257,0.56971,0.48358,0.00519,0.13553,0.64318,1.7068,0.22207,0.28753,0.3243,0.23486,0.15309,0.61074,0.98048
plantview__langdon_4__12-03-24,28,18566,0.33737,0.49863,0.58028,0.49505,0.01928,0.14747,0.63702,1.68445,0.22993,0.29514,0.33649,0.24899,0.18367,0.53474,0.97366
plantview__langdon_4__12-03-24,29,17686,0.33821,0.50723,0.60492,0.52615,0.04936,0.18749,0.63361,1.61572,0.23644,0.30642,0.36171,0.2803,0.18602,0.55999,0.91253
plantview__langdon_4__12-03-24,30,17437,0.35162,0.53494,0.63517,0.55543,0.05345,0.16792,0.58795,1.6079,0.24296,0.32606,0.38184,0.29333,0.17641,0.5162,0.86913
plantview__langdon_4__12-03-24,31,15172,0.3453,0.54927,0.66915,0.56923,0.08595,0.23886,0.59083,1.72853,0.31373,0.40668,0.45077,0.33413,0.10743,0.31703,0.80477
plantview__langdon_4__12-03-24,32,15239,0.3328,0.52997,0.64575,0.53973,0.08984,0.29575,0.58186,1.68612,0.30152,0.38788,0.42504,0.31523,0.13958,0.33414,0.85006
plantview__langdon_4__12-03-24,33,16823,0.33098,0.512,0.62185,0.52936,0.08887,0.23206,0.62224,1.58602,0.25457,0.33679,0.38911,0.29524,0.15907,0.4835,0.90073
plantview__langdon_4__12-03-24,34,17701,0.32447,0.50176,0.65518,0.50401,0.06039,0.18084,0.68228,1.64661,0.25517,0.33832,0.46934,0.29134,0.14451,0.50189,0.91565
plantview__langdon_4__12-03-24,35,19528,0.33209,0.51523,0.6499,0.50775,0.04179,0.15701,0.66781,1.72347,0.275,0.364,0.46734,0.29769,0.08536,0.48085,0.91904
plantview__langdon_4__12-03-24,36,20915,0.32748,0.48753,0.5583,0.47144,0.01597,0.1409,0.70093,1.62653,0.21603,0.28576,0.32474,0.23658,0.14602,0.65752,0.95979
plantview__langdon_4__12-03-24,37,22167,0.32274,0.47342,0.53479,0.44956,0.01371,0.12397,0.73402,1.5952,0.1832,0.23992,0.28301,0.20902,0.23675,0.72301,0.96968
plantview__langdon_4__12-03-24,38,24903,0.33345,0.48946,0.56788,0.47447,0.03393,0.11224,0.72802,1.64249,0.20892,0.27175,0.33522,0.23839,0.17315,0.67976,0.95205
plantview__langdon_4__12-03-24,39,23340,0.26542,0.34671,0.39778,0.36113,0.00943,0.24936,0.84781,1.45044,0.15184,0.18127,0.22786,0.18816,0.3889,0.82793,0.95835
plantview__langdon_4__12-03-24,40,25228,0.27011,0.34917,0.40268,0.37419,0.01439,0.24758,0.84485,1.41386,0.12997,0.16157,0.22618,0.18679,0.49826,0.8464,0.96968
plantview__langdon_4__12-03-24,41,27607,0.26187,0.33765,0.49574,0.37253,0.02202,0.27939,0.85906,1.35638,0.11215,0.14807,0.37751,0.19708,0.61868,0.85714,0.95914
plantview__langdon_4__12-03-24,42,28971,0.26425,0.33815,0.41386,0.38197,0.02782,0.24359,0.85254,1.3314,0.10798,0.14519,0.26163,0.20636,0.64875,0.84274,0.93242
plantview__langdon_4__12-03-24,43,28575,0.24764,0.3151,0.3912,0.36209,0.02828,0.3431,0.85176,1.27853,0.10564,0.14305,0.25672,0.2103,0.68171,0.83713,0.9123
plantview__langdon_4__12-03-24,44,29578,0.2475,0.31193,0.39507,0.36785,0.07644,0.33332,0.86321,1.2854,0.10949,0.14649,0.26513,0.21738,0.68297,0.8532,0.90364
plantview__langdon_4__12-03-24,45,29469,0.25799,0.33586,0.43669,0.39668,0.05742,0.36907,0.82904,1.28905,0.12475,0.17508,0.30535,0.24136,0.62968,0.82779,0.87502
plantview__langdon_4__12-03-24,46,28512,0.232,0.30002,0.40273,0.35513,0.09129,0.49028,0.8556,1.26635,0.12078,0.16448,0.28365,0.21848,0.62521,0.84564,0.88714
plantview__langdon_4__12-03-24,47,27814,0.23092,0.30779,0.43319,0.37496,0.13094,0.52197,0.83357,1.25162,0.13624,0.18891,0.32433,0.24864,0.56774,0.82268,0.8586
plantview__langdon_4__12-03-24,48,27547,0.22727,0.29795,0.41698,0.36506,0.14009,0.51301,0.85541,1.24931,0.13427,0.18161,0.31015,0.24003,0.53334,0.84485,0.8659
plantview__langdon_4__12-03-24,49,27367,0.2317,0.30536,0.41512,0.36393,0.12153,0.4975,0.83951,1.25753,0.1298,0.17816,0.30046,0.2325,0.56817,0.82278,0.85899
plantview__langdon_4__12-03-24,50,28202,0.24935,0.32531,0.42751,0.38526,0.07464,0.42274,0.82583,1.27419,0.12448,0.17434,0.30321,0.23924,0.62258,0.8237,0.85806
plantview__langdon_4__12-03-24,51,29255,0.25818,0.34144,0.49162,0.39861,0.07329,0.35372,0.81781,1.27904,0.12485,0.17889,0.37943,0.24951,0.62612,0.8146,0.84321
plantview__langdon_4__12-03-24,52,29679,0.25928,0.33666,0.42007,0.38836,0.02921,0.30048,0.81762,1.292,0.11645,0.16298,0.28082,0.22752,0.62256,0.82358,0.87553
plantview__langdon_4__12-03-24,53,29936,0.26265,0.34019,0.41697,0.39033,0.01774,0.28514,0.8268,1.32104,0.11768,0.16128,0.26933,0.22065,0.61227,0.8282,0.90977
plantview__langdon_4__12-03-24,54,28279,0.28453,0.37594,0.47392,0.42048,0.00601,0.21497,0.81057,1.3883,0.13423,0.18406,0.31496,0.22538,0.56699,0.81279,0.91711
plantview__langdon_4__12-03-24,55,27118,0.28641,0.37788,0.44704,0.42051,0.01316,0.20311,0.80769,1.45093,0.15922,0.20718,0.27215,0.21996,0.36352,0.78402,0.92879
plantview__langdon_4__12-03-24,56,24885,0.29456,0.41181,0.64492,0.45324,0.01796,0.1787,0.79867,1.52996,0.20154,0.27348,0.52336,0.25872,0.10376,0.72936,0.92341
plantview__langdon_4__12-03-24,57,25393,0.35647,0.53381,0.61638,0.53984,0.01607,0.10235,0.68161,1.71342,0.24021,0.33097,0.38604,0.27746,0.09471,0.64786,0.91344
plantview__langdon_4__12-03-24,58,23745,0.35429,0.5488,0.6478,0.54303,0.0115,0.10529,0.65239,1.70734,0.24275,0.34254,0.41325,0.28058,0.11522,0.55228,0.91733
plantview__langdon_4__12-03-24,59,22289,0.34559,0.54103,0.63691,0.53502,0.02844,0.13778,0.65436,1.70176,0.25922,0.35737,0.40906,0.28865,0.10512,0.48486,0.89582
plantview__langdon_4__12-03-24,60,19634,0.34752,0.53507,0.61984,0.52778,0.04222,0.13375,0.64872,1.70734,0.25207,0.33823,0.37753,0.27297,0.10981,0.4943,0.90776
plantview__langdon_4__12-03-24,61,16933,0.31621,0.48968,0.5921,0.49528,0.09508,0.23481,0.68316,1.59471,0.25674,0.33566,0.38181,0.28592,0.13223,0.49731,0.87557
plantview__langdon_4__12-03-24,62,16300,0.33207,0.53386,0.64785,0.53367,0.08577,0.23215,0.63025,1.68549,0.30967,0.4107,0.44442,0.31836,0.06129,0.34202,0.87006
plantview__langdon_4__12-03-24,63,15237,0.30887,0.49661,0.61455,0.50896,0.15279,0.32815,0.61318,1.66975,0.32001,0.40999,0.45074,0.32885,0.13303,0.33996,0.83297
plantview__langdon_4__12-03-24,64,13809,0.35134,0.5756,0.71882,0.57036,0.09863,0.26005,0.51249,1.8367,0.34733,0.44113,0.5359,0.35305,0.16424,0.33739,0.78586
plantview__langdon_4__12-03-24,65,16089,0.35006,0.56248,0.68291,0.56997,0.1005,0.25813,0.5648,1.70759,0.33609,0.43007,0.47301,0.34556,0.08298,0.3191,0.85636
plantview__langdon_4__12-03-24,66,19869,0.34564,0.55753,0.65578,0.53824,0.05858,0.15637,0.62082,1.8262,0.33187,0.44929,0.48708,0.32457,0.08023,0.26796,0.9004
plantview__langdon_4__12-03-24,67,19698,0.34942,0.55893,0.66073,0.54757,0.03762,0.15875,0.616,1.721,0.27472,0.38173,0.42621,0.29541,0.12321,0.40126,0.88618
plantview__langdon_4__12-03-24,68,21815,0.3505,0.54965,0.64398,0.54114,0.02187,0.1339,0.64428,1.73357,0.27061,0.37497,0.41392,0.28731,0.09127,0.44648,0.90919
plantview__langdon_4__12-03-24,69,23762,0.35539,0.55577,0.64721,0.54058,0.00602,0.13648,0.64266,1.73278,0.26306,0.36911,0.406,0.27743,0.07525,0.45813,0.94112
plantview__langdon_4__12-03-24,70,25202,0.3437,0.51202,0.5909,0.51044,0.00873,0.12102,0.71006,1.69191,0.23905,0.32668,0.36357,0.25643,0.08099,0.55091,0.94401
plantview__langdon_4__12-03-24,71,25237,0.30033,0.41096,0.48755,0.44343,0.01058,0.18568,0.76907,1.52165,0.1969,0.25502,0.29876,0.2309,0.15418,0.70092,0.94163
plantview__langdon_4__12-03-24,72,26841,0.28723,0.38605,0.45655,0.41434,0.00276,0.21285,0.79777,1.44424,0.15781,0.20974,0.26959,0.20839,0.35029,0.77572,0.94225
plantview__langdon_4__12-03-24,73,27547,0.27823,0.36825,0.43918,0.40055,0.0037,0.25106,0.79319,1.38369,0.13702,0.1855,0.26264,0.20459,0.5186,0.79715,0.9372
plantview__langdon_4__12-03-24,74,29202,0.27042,0.35453,0.43131,0.39333,0.01562,0.27169,0.80625,1.3359,0.12185,0.16965,0.27061,0.21148,0.60873,0.80851,0.90603
plantview__langdon_4__12-03-24,75,29442,0.25803,0.33719,0.42377,0.38488,0.04096,0.32376,0.81754,1.29394,0.11617,0.1645,0.28393,0.22358,0.64231,0.82104,0.86516
plantview__langdon_4__12-03-24,76,29933,0.25444,0.33574,0.43147,0.38556,0.08245,0.3878,0.81094,1.27923,0.12468,0.17698,0.29855,0.23214,0.63047,0.80961,0.84098
plantview__langdon_4__12-03-24,77,28794,0.25152,0.3335,0.43898,0.38737,0.08571,0.3881,0.81013,1.27968,0.13076,0.18356,0.31058,0.2387,0.60078,0.79419,0.84386
plantview__langdon_4__12-03-24,78,27283,0.24546,0.32669,0.43892,0.38696,0.11417,0.43621,0.81904,1.27449,0.13902,0.19238,0.31608,0.24476,0.5539,0.8005,0.84837
plantview__langdon_4__12-03-24,79,26658,0.2384,0.32223,0.45006,0.38796,0.14889,0.48031,0.8315,1.25865,0.1473,0.20384,0.33653,0.25692,0.52078,0.81308,0.83885
plantview__langdon_4__12-03-24,80,24596,0.23794,0.32456,0.45613,0.38885,0.14584,0.47414,0.81717,1.26486,0.15105,0.20934,0.34031,0.25665,0.50707,0.7911,0.82517
plantview__langdon_4__12-03-24,81,25810,0.23437,0.32343,0.44561,0.37754,0.15141,0.51046,0.79833,1.24969,0.14535,0.20611,0.32991,0.2488,0.51015,0.78532,0.81534
plantview__langdon_4__12-03-24,82,26788,0.25314,0.33976,0.44478,0.38928,0.08683,0.38629,0.80521,1.28075,0.13441,0.19074,0.31248,0.23831,0.59329,0.78666,0.82332
plantview__langdon_4__12-03-24,83,26949,0.26033,0.33778,0.42317,0.38113,0.05885,0.30847,0.8214,1.29043,0.11738,0.16462,0.28051,0.21681,0.65142,0.8269,0.86137
plantview__langdon_4__12-03-24,84,27444,0.26906,0.35278,0.43288,0.39026,0.01844,0.29063,0.80324,1.31094,0.11863,0.16806,0.27726,0.21342,0.63092,0.81286,0.87684
plantview__langdon_4__12-03-24,85,27752,0.27349,0.35862,0.43538,0.39368,0.01074,0.29728,0.78704,1.33484,0.13124,0.178,0.2738,0.21558,0.57945,0.79706,0.91219
plantview__langdon_4__12-03-24,86,26795,0.27831,0.36919,0.44051,0.39764,0.00078,0.23083,0.79418,1.38986,0.13755,0.18691,0.26172,0.19963,0.50614,0.80843,0.9535
plantview__langdon_4__12-03-24,87,25779,0.28816,0.38224,0.44764,0.40757,0.00016,0.19237,0.78669,1.45303,0.15617,0.20511,0.25691,0.19648,0.28647,0.80407,0.98635
plantview__langdon_4__12-03-24,88,23618,0.30051,0.40822,0.47633,0.43025,0.00597,0.16089,0.76526,1.5137,0.18145,0.23592,0.27627,0.2105,0.18664,0.74007,0.97832
plantview__langdon_4__12-03-24,89,24782,0.33771,0.50283,0.58156,0.49543,0.01424,0.1397,0.68138,1.65581,0.22279,0.30451,0.34565,0.24267,0.11968,0.59233,0.97688
plantview__langdon_4__12-03-24,90,23477,0.3435,0.52451,0.61121,0.51134,0.02632,0.14444,0.64127,1.69808,0.24078,0.32879,0.37393,0.25798,0.12493,0.53175,0.96316
plantview__langdon_4__12-03-24,91,21842,0.35866,0.56015,0.64497,0.54147,0.03081,0.12558,0.60017,1.7546,0.26033,0.35709,0.39228,0.27272,0.10127,0.47821,0.93838
plantview__langdon_4__12-03-24,92,20205,0.35804,0.59066,0.82365,0.56244,0.04796,0.1316,0.59995,1.77018,0.2859,0.40885,0.62681,0.30519,0.09592,0.40723,0.8783
plantview__langdon_4__12-03-24,93,18506,0.35826,0.58691,0.69327,0.56599,0.07009,0.15962,0.58662,1.82191,0.32111,0.43607,0.47154,0.32208,0.0723,0.34346,0.87361
plantview__langdon_4__12-03-24,94,16940,0.36139,0.58586,0.69751,0.58712,0.07497,0.20012,0.55868,1.79642,0.33479,0.44824,0.49154,0.34165,0.10136,0.28648,0.8588
plantview__langdon_4__12-03-24,95,14899,0.37246,0.60218,0.71885,0.60587,0.08584,0.26666,0.48265,1.88899,0.40575,0.49354,0.57564,0.3995,0.15914,0.31948,0.7171
plantview__langdon_4__12-03-24,96,14435,0.37337,0.6269,0.74131,0.60824,0.0699,0.23097,0.5017,1.97572,0.39834,0.51266,0.59491,0.38865,0.15878,0.40097,0.69643
plantview__langdon_4__12-03-24,97,16524,0.35075,0.57709,0.68222,0.55667,0.06445,0.187,0.60893,1.85485,0.36445,0.48564,0.5227,0.35116,0.08249,0.21593,0.8616
plantview__langdon_4__12-03-24,98,18799,0.34658,0.56475,0.6696,0.53415,0.04756,0.15905,0.65488,1.7813,0.30559,0.42166,0.46697,0.30723,0.07144,0.37284,0.92234
plantview__langdon_4__12-03-24,99,19478,0.35384,0.56445,0.64965,0.53058,0.05473,0.12152,0.60391,1.75865,0.26532,0.36067,0.39545,0.27531,0.09857,0.47084,0.92443
plantview__langdon_4__12-03-24,100,21608,0.35683,0.55427,0.63263,0.52679,0.03096,0.12301,0.58964,1.7334,0.24127,0.32985,0.36707,0.25391,0.11079,0.53633,0.95192
plantview__langdon_4__12-03-24,101,21810,0.35697,0.54304,0.61453,0.51949,0.01444,0.12059,0.59647,1.73614,0.23115,0.31711,0.3551,0.24415,0.12696,0.5884,0.97166
plantview__langdon_4__12-03-24,102,23531,0.35583,0.52992,0.59919,0.51304,0.00854,0.09111,0.62475,1.71019,0.21683,0.29861,0.34015,0.23375,0.15027,0.61663,0.97429
plantview__langdon_4__12-03-24,103,22838,0.29878,0.40125,0.46308,0.41809,0.00595,0.14883,0.78934,1.51027,0.164,0.21315,0.25959,0.19563,0.27467,0.76136,0.97456
plantview__langdon_4__12-03-24,104,24587,0.28872,0.38163,0.44292,0.40216,0.00285,0.16318,0.79005,1.46308,0.15138,0.19757,0.24951,0.18917,0.31744,0.81055,0.96714
plantview__langdon_4__12-03-24,105,25125,0.28196,0.36879,0.43183,0.39402,0.00211,0.21528,0.80414,1.4,0.12835,0.17234,0.24577,0.18771,0.52748,0.82408,0.94905
plantview__langdon_4__12-03-24,106,25637,0.27589,0.35957,0.42991,0.38999,0.01424,0.23119,0.81515,1.36101,0.12012,0.16541,0.25611,0.19421,0.59449,0.82432,0.93373
plantview__langdon_4__12-03-24,107,27040,0.27725,0.36216,0.44044,0.39931,0.03739,0.225,0.81442,1.32627,0.12167,0.17039,0.27696,0.21234,0.62482,0.80973,0.89652
plantview__langdon_4__12-03-24,108,25935,0.2648,0.3454,0.43456,0.38806,0.06786,0.27939,0.82159,1.30055,0.1233,0.17167,0.28821,0.21825,0.6202,0.8047,0.87303
plantview__langdon_4__12-03-24,109,25491,0.253,0.33822,0.43976,0.38447,0.08419,0.4156,0.80213,1.27789,0.13621,0.19068,0.30625,0.23375,0.57765,0.77423,0.85477
plantview__langdon_4__12-03-24,110,24694,0.23851,0.32606,0.44599,0.3788,0.13485,0.49198,0.80343,1.2618,0.14692,0.20475,0.32658,0.24635,0.50559,0.768,0.8547
plantview__langdon_4__12-03-24,111,23608,0.22526,0.31131,0.44167,0.37136,0.21823,0.49432,0.80824,1.2505,0.15788,0.21398,0.33172,0.25124,0.45472,0.77177,0.84361
plantview__langdon_4__12-03-24,112,26123,0.23228,0.32139,0.45007,0.37697,0.17846,0.48543,0.80546,1.26666,0.15414,0.21171,0.3307,0.24686,0.43131,0.79218,0.86292
plantview__langdon_4__12-03-24,113,26692,0.23431,0.31174,0.42067,0.36325,0.1079,0.4731,0.81331,1.26758,0.13587,0.18543,0.29907,0.22698,0.50678,0.79582,0.89049
plantview__langdon_4__12-03-24,114,27613,0.24265,0.3206,0.41795,0.36718,0.0712,0.45345,0.8086,1.27157,0.12815,0.17754,0.28868,0.22161,0.59722,0.7914,0.88875
plantview__langdon_4__12-03-24,115,27993,0.2672,0.34863,0.43493,0.3927,0.0503,0.29264,0.80106,1.30622,0.12228,0.17137,0.2857,0.22064,0.63416,0.79816,0.90176
plantview__langdon_4__12-03-24,116,28539,0.27511,0.36009,0.43879,0.39784,0.03479,0.23967,0.79442,1.32203,0.1185,0.16723,0.27807,0.21418,0.63636,0.80083,0.91622
plantview__langdon_4__12-03-24,117,28489,0.28153,0.36939,0.4411,0.40169,0.00828,0.19681,0.79403,1.34994,0.11659,0.16373,0.26711,0.20524,0.62196,0.8133,0.93671
plantview__langdon_4__12-03-24,118,26936,0.28675,0.37738,0.43984,0.40069,0.00483,0.17657,0.78995,1.38904,0.11929,0.16372,0.2479,0.18943,0.57603,0.82911,0.94754
plantview__langdon_4__12-03-24,119,25869,0.29731,0.40099,0.46823,0.41913,0.01133,0.15231,0.77417,1.44887,0.14196,0.19238,0.26279,0.19618,0.42943,0.80142,0.94839
plantview__langdon_4__12-03-24,120,24801,0.29937,0.40769,0.4743,0.42342,0.02891,0.13471,0.76707,1.4996,0.16656,0.22016,0.27628,0.2046,0.2766,0.77618,0.95113
plantview__langdon_4__12-03-24,121,24938,0.35152,0.52506,0.59823,0.50247,0.0089,0.09768,0.68494,1.69055,0.20843,0.28851,0.33574,0.22694,0.10867,0.70326,0.96415
plantview__langdon_4__12-03-24,122,22975,0.35555,0.54082,0.6069,0.50831,0.01741,0.07935,0.65597,1.70704,0.21562,0.29733,0.33088,0.22988,0.09859,0.6642,0.97288
plantview__langdon_4__12-03-24,123,20910,0.35676,0.54862,0.61967,0.51688,0.02047,0.08164,0.63725,1.70308,0.21732,0.3008,0.33858,0.23546,0.12563,0.61693,0.96265
plantview__langdon_4__12-03-24,124,19111,0.34391,0.53798,0.61992,0.51222,0.05782,0.13024,0.65585,1.7007,0.2508,0.33876,0.37082,0.26239,0.08759,0.52247,0.92946
plantview__langdon_4__12-03-24,125,18661,0.34944,0.5569,0.64512,0.53215,0.04973,0.17212,0.62874,1.75008,0.30014,0.39664,0.42833,0.30325,0.06757,0.40116,0.91619
plantview__langdon_4__12-03-24,126,15879,0.36576,0.59742,0.69324,0.57073,0.04742,0.13672,0.60778,1.8939,0.3653,0.4842,0.52447,0.35329,0.06575,0.26242,0.8612
plantview__langdon_4__12-03-24,127,15422,0.38405,0.64424,0.74501,0.61006,0.03728,0.1409,0.51874,2.01784,0.38386,0.51451,0.59556,0.37452,0.12651,0.41123,0.74082
plantview__langdon_4__12-03-24,128,14665,0.37366,0.63028,0.7371,0.59917,0.0626,0.18582,0.51906,1.97587,0.39212,0.50991,0.59055,0.38433,0.12547,0.42864,0.75036
plantview__langdon_4__12-03-24,129,16829,0.37008,0.61302,0.7149,0.58466,0.05116,0.13542,0.5711,1.88732,0.35385,0.47438,0.52174,0.35351,0.08212,0.33484,0.81781
plantview__langdon_4__12-03-24,130,18112,0.35196,0.55109,0.62762,0.52369,0.04566,0.13643,0.60595,1.70702,0.24883,0.33056,0.37154,0.27126,0.15492,0.5773,0.93176
plantview__langdon_4__12-03-24,131,19890,0.34333,0.52122,0.58827,0.49367,0.05093,0.11317,0.61337,1.66707,0.21769,0.28144,0.32507,0.24323,0.21951,0.62745,0.94148
plantview__langdon_4__12-03-24,132,21316,0.3423,0.52277,0.59206,0.49159,0.03368,0.11395,0.65716,1.65348,0.20436,0.27541,0.31991,0.22972,0.19643,0.66532,0.96444
plantview__langdon_4__12-03-24,133,23310,0.34514,0.52199,0.58708,0.49285,0.0284,0.11943,0.66486,1.6773,0.20403,0.27687,0.31635,0.22434,0.16855,0.64093,0.97087
plantview__langdon_4__12-03-24,134,25390,0.34167,0.50963,0.57657,0.48445,0.02028,0.11843,0.69267,1.65728,0.19524,0.26584,0.31114,0.21862,0.20232,0.68377,0.97428
plantview__langdon_4__12-03-24,135,24821,0.30796,0.42035,0.47853,0.42547,0.00463,0.11015,0.7619,1.52985,0.16227,0.21256,0.25366,0.18845,0.26844,0.78345,0.97748
plantview__langdon_4__12-03-24,136,26611,0.29036,0.39195,0.45242,0.4013,0.00793,0.18861,0.77765,1.45939,0.14589,0.1935,0.24494,0.18204,0.36214,0.81846,0.97794
plantview__langdon_4__12-03-24,137,26880,0.28333,0.37363,0.43798,0.39492,0.01224,0.20435,0.79673,1.39291,0.12393,0.16742,0.24691,0.18708,0.54725,0.82619,0.95971
plantview__langdon_4__12-03-24,138,28943,0.2733,0.36143,0.42914,0.38283,0.01883,0.23795,0.79404,1.34303,0.11656,0.16193,0.25074,0.18943,0.59199,0.8071,0.9546
plantview__langdon_4__12-03-24,139,29350,0.2723,0.35756,0.4321,0.38764,0.02869,0.26102,0.78712,1.31869,0.12003,0.1678,0.26644,0.20318,0.58988,0.80675,0.92106
plantview__langdon_4__12-03-24,140,28706,0.26625,0.34913,0.43394,0.38831,0.05452,0.30412,0.79555,1.30198,0.12321,0.173,0.28268,0.21648,0.6005,0.80412,0.90591
plantview__langdon_4__12-03-24,141,28383,0.25311,0.33632,0.43239,0.37797,0.07113,0.40841,0.80185,1.28471,0.12995,0.18209,0.29271,0.22146,0.5721,0.80383,0.89022
plantview__langdon_4__12-03-24,142,27707,0.24105,0.31886,0.42099,0.36491,0.08868,0.43011,0.82752,1.28298,0.13358,0.18138,0.28925,0.21869,0.49977,0.81312,0.91295
plantview__langdon_4__12-03-24,143,27350,0.23892,0.31921,0.43349,0.37551,0.13294,0.44771,0.82197,1.29132,0.14852,0.19677,0.30594,0.23417,0.44347,0.7857,0.89239
plantview__langdon_4__12-03-24,144,26536,0.22116,0.29651,0.41398,0.35231,0.18601,0.50464,0.83524,1.25623,0.14418,0.19142,0.30135,0.22905,0.47268,0.79714,0.87157
plantview__langdon_4__12-03-24,145,26961,0.24255,0.31852,0.41867,0.36531,0.09647,0.41289,0.83272,1.28469,0.13151,0.17817,0.28638,0.2171,0.54753,0.80835,0.87975
plantview__langdon_4__12-03-24,146,27352,0.24552,0.31829,0.40493,0.35731,0.0918,0.38732,0.83833,1.28366,0.11974,0.16303,0.2659,0.20149,0.61231,0.82857,0.90282
plantview__langdon_4__12-03-24,147,28305,0.24969,0.31753,0.38883,0.34864,0.07553,0.3221,0.85974,1.29669,0.10711,0.14455,0.23831,0.18002,0.64395,0.86483,0.9339
plantview__langdon_4__12-03-24,148,28462,0.25099,0.32438,0.39487,0.35051,0.03264,0.33406,0.85363,1.29254,0.10451,0.14502,0.2422,0.18191,0.64785,0.85974,0.94203
plantview__langdon_4__12-03-24,149,28054,0.27077,0.35347,0.4189,0.37672,0.02495,0.23515,0.82427,1.3442,0.11397,0.15653,0.24298,0.18361,0.61082,0.8428,0.95562
plantview__langdon_4__12-03-24,150,26883,0.28144,0.37107,0.42823,0.3846,0.00413,0.19142,0.8146,1.39029,0.11607,0.15772,0.2298,0.17232,0.57453,0.84488,0.9734
plantview__langdon_4__12-03-24,151,24438,0.2903,0.38825,0.43752,0.392,0.00413,0.13495,0.80268,1.41907,0.11707,0.15876,0.21938,0.1651,0.55602,0.82425,0.98952
plantview__langdon_4__12-03-24,152,23065,0.29898,0.40528,0.45716,0.4071,0.00854,0.08563,0.79562,1.47597,0.13469,0.18027,0.23225,0.17343,0.42029,0.84106,0.97767
plantview__langdon_4__12-03-24,153,24391,0.34166,0.51123,0.57267,0.479,0.01939,0.07384,0.69021,1.6428,0.18344,0.25741,0.30083,0.20686,0.21221,0.71424,0.98143
plantview__langdon_4__12-03-24,154,22983,0.34729,0.52577,0.58703,0.48769,0.02458,0.07775,0.66171,1.66244,0.18533,0.25842,0.30323,0.21038,0.2273,0.71714,0.97716
plantview__langdon_4__12-03-24,155,21360,0.36305,0.55778,0.62262,0.51894,0.0345,0.07533,0.58553,1.70704,0.20477,0.28268,0.32673,0.22868,0.20435,0.67074,0.95679
plantview__langdon_4__12-03-24,156,19198,0.357,0.59505,1.70918,0.53044,0.02052,0.1073,0.58829,1.68653,0.22348,0.34711,1.61693,0.27106,0.20966,0.5797,0.96213
plantview__langdon_4__12-03-24,157,17319,0.35429,0.55783,0.63554,0.52515,0.02662,0.12922,0.56539,1.70987,0.24562,0.33289,0.38596,0.27414,0.22236,0.52474,0.91755
plantview__langdon_4__12-03-24,158,14864,0.37852,0.62933,0.73976,0.61105,0.04138,0.16315,0.5183,1.91267,0.35337,0.47724,0.54229,0.36218,0.12359,0.38052,0.79016
plantview__langdon_4__12-03-24,159,13661,0.3754,0.6272,0.72267,0.58625,0.05219,0.18915,0.47859,1.9397,0.3434,0.45278,0.53139,0.34832,0.18476,0.4761,0.77908
plantview__langdon_4__12-03-24,160,12854,0.36752,0.59969,0.69269,0.56285,0.05959,0.16267,0.50163,1.92781,0.3385,0.43133,0.51068,0.34298,0.20328,0.45309,0.81679
plantview__langdon_4__12-03-24,161,15308,0.3764,0.61046,0.70359,0.57923,0.02842,0.11295,0.52169,1.8362,0.30393,0.41493,0.47864,0.3248,0.1737,0.41704,0.86955
plantview__langdon_4__12-03-24,162,17669,0.37365,0.60753,0.69518,0.57209,0.01862,0.07697,0.52884,1.83225,0.2813,0.40522,0.45433,0.29849,0.13091,0.40478,0.8803
plantview__langdon_4__12-03-24,163,19561,0.36196,0.57138,0.6462,0.53098,0.01902,0.09325,0.56889,1.75587,0.24662,0.34083,0.38507,0.26619,0.17044,0.51368,0.95941
plantview__langdon_4__12-03-24,164,21921,0.36005,0.55768,0.63135,0.52445,0.03029,0.07413,0.59856,1.73795,0.22441,0.31499,0.3641,0.24711,0.18758,0.57913,0.94763
plantview__langdon_4__12-03-24,165,23463,0.35298,0.54621,0.61855,0.50694,0.0251,0.06649,0.67089,1.64295,0.189,0.2722,0.32575,0.22185,0.24021,0.6835,0.95158
plantview__langdon_4__12-03-24,166,24384,0.35129,0.53665,0.61325,0.4999,0.01948,0.07534,0.66052,1.62192,0.17499,0.25317,0.3277,0.2152,0.26948,0.73031,0.96153
plantview__langdon_4__12-03-24,167,24632,0.28249,0.38733,0.45128,0.39191,0.01429,0.17627,0.7977,1.44763,0.1429,0.19097,0.24862,0.18355,0.37565,0.8422,0.97138
plantview__langdon_4__12-03-24,168,26185,0.28077,0.38357,0.45129,0.39104,0.01134,0.2071,0.794,1.40426,0.12838,0.17714,0.25235,0.18423,0.51163,0.81898,0.95719
plantview__langdon_4__12-03-24,169,27350,0.27449,0.37003,0.44119,0.38598,0.00735,0.25031,0.80168,1.35998,0.11956,0.16835,0.25798,0.19031,0.56505,0.8132,0.94669
plantview__langdon_4__12-03-24,170,27261,0.2651,0.3561,0.44776,0.38116,0.02905,0.30678,0.8091,1.32481,0.11945,0.17094,0.29097,0.20282,0.59569,0.81644,0.94094
plantview__langdon_4__12-03-24,171,27983,0.25271,0.39283,1.7687,0.39317,0.05693,0.37512,0.8279,1.2875,0.1172,0.2237,1.73166,0.24556,0.63735,0.82872,0.91577
plantview__langdon_4__12-03-24,172,27609,0.25417,0.33522,0.42121,0.36995,0.08465,0.36358,0.81354,1.28922,0.12197,0.17041,0.27528,0.2079,0.61922,0.80278,0.89898
plantview__langdon_4__12-03-24,173,27085,0.24469,0.32834,0.43095,0.37053,0.10068,0.42965,0.81229,1.27157,0.13328,0.18616,0.29979,0.2261,0.58697,0.79162,0.86166
plantview__langdon_4__12-03-24,174,26357,0.24215,0.32736,0.44055,0.37717,0.12721,0.44436,0.81071,1.27229,0.14232,0.19676,0.3155,0.23874,0.54543,0.78446,0.8534
plantview__langdon_4__12-03-24,175,26124,0.22067,0.29774,0.41765,0.35166,0.18711,0.49537,0.83617,1.2621,0.14241,0.18988,0.30346,0.2283,0.49288,0.79368,0.85844
plantview__langdon_4__12-03-24,176,27902,0.22676,0.31341,0.44658,0.37233,0.18357,0.49627,0.81417,1.26616,0.15341,0.20991,0.33246,0.24735,0.47652,0.76281,0.85392
plantview__langdon_4__12-03-24,177,27929,0.23213,0.31541,0.43436,0.36759,0.12514,0.49178,0.81449,1.25949,0.13812,0.19374,0.31677,0.23675,0.56021,0.79108,0.84611
plantview__langdon_4__12-03-24,178,29209,0.24828,0.3339,0.44189,0.3814,0.08134,0.42429,0.81321,1.27977,0.12979,0.18599,0.31065,0.23292,0.60902,0.8004,0.85039
plantview__langdon_4__12-03-24,179,30139,0.24622,0.32891,0.4297,0.37322,0.09931,0.42914,0.82139,1.26918,0.12314,0.17707,0.30039,0.22643,0.65215,0.81821,0.85637
plantview__langdon_4__12-03-24,180,29329,0.25016,0.33266,0.42257,0.3679,0.0285,0.40274,0.82308,1.27394,0.11187,0.16288,0.2844,0.21334,0.67854,0.82396,0.86604
plantview__langdon_4__12-03-24,181,28766,0.2536,0.33856,0.42277,0.3676,0.01759,0.35785,0.82601,1.29552,0.11132,0.16049,0.27426,0.20392,0.63964,0.82844,0.9077
plantview__langdon_4__12-03-24,182,27357,0.27677,0.37378,0.45021,0.39464,0.01524,0.25811,0.80692,1.35733,0.12305,0.17351,0.27174,0.20272,0.58687,0.80703,0.92828
plantview__langdon_4__12-03-24,183,26175,0.27935,0.38329,0.45679,0.39686,0.02323,0.22991,0.80424,1.39469,0.1332,0.18428,0.26545,0.19622,0.50781,0.7898,0.94567
plantview__langdon_4__12-03-24,184,24290,0.2851,0.39817,0.47747,0.40898,0.02544,0.18489,0.81223,1.43997,0.14835,0.20199,0.28162,0.20599,0.43158,0.79934,0.94549
plantview__langdon_4__12-03-24,185,26207,0.35436,0.54594,0.62727,0.51531,0.02587,0.09715,0.66902,1.63427,0.20819,0.29309,0.35275,0.24641,0.2046,0.62529,0.93509
plantview__langdon_4__12-03-24,186,24031,0.34184,0.53356,0.61233,0.4964,0.02176,0.1193,0.6688,1.61606,0.1989,0.28512,0.34283,0.2346,0.23644,0.62315,0.94453
plantview__langdon_4__12-03-24,187,22745,0.34386,0.53906,0.6156,0.50056,0.02915,0.14649,0.63605,1.67129,0.22321,0.31031,0.35712,0.24739,0.19666,0.54887,0.96856
plantview__langdon_4__12-03-24,188,18501,0.35115,0.56022,0.64187,0.51975,0.03232,0.13637,0.60316,1.74738,0.26243,0.36063,0.40396,0.27736,0.14956,0.50662,0.94427
plantview__langdon_4__12-03-24,189,17258,0.3712,0.61811,0.71669,0.57648,0.04097,0.11994,0.52683,1.86312,0.30491,0.43103,0.48363,0.31529,0.11148,0.42421,0.85873
plantview__langdon_4__12-03-24,190,14466,0.37533,0.60931,0.69211,0.56474,0.03297,0.10742,0.49661,1.90567,0.29537,0.40682,0.46406,0.299,0.14268,0.46274,0.89023
plantview__langdon_4__12-03-24,191,12975,0.35607,0.5779,0.67429,0.54389,0.06759,0.17264,0.54906,1.90628,0.3498,0.44373,0.51376,0.34574,0.16085,0.42389,0.83067
plantview__langdon_4__12-03-24,192,13620,0.34932,0.56701,0.66045,0.53278,0.07709,0.1989,0.50587,1.94337,0.34395,0.43574,0.53256,0.3463,0.27247,0.47856,0.79501
plantview__langdon_4__12-03-24,193,13581,0.34217,0.55492,0.64549,0.51454,0.08026,0.15794,0.52713,1.8645,0.31726,0.41603,0.48205,0.31723,0.1779,0.44923,0.86673
plantview__langdon_4__12-03-24,194,17102,0.34618,0.56371,0.66331,0.53001,0.03503,0.13753,0.61274,1.80455,0.30778,0.42705,0.48075,0.31536,0.11531,0.40393,0.87808
plantview__langdon_4__12-03-24,195,19353,0.34357,0.54018,0.61995,0.50041,0.02894,0.10944,0.64796,1.73223,0.24689,0.34163,0.38862,0.26375,0.13832,0.57211,0.93836
plantview__langdon_4__12-03-24,196,21865,0.34628,0.53541,0.6035,0.50287,0.02049,0.11283,0.67574,1.65403,0.21689,0.30321,0.34684,0.24354,0.16881,0.60174,0.96145
plantview__langdon_4__12-03-24,197,24344,0.3446,0.53042,0.60414,0.50341,0.02333,0.12463,0.69865,1.66351,0.2275,0.31671,0.35382,0.24694,0.1084,0.5847,0.96595
plantview__langdon_4__12-03-24,198,26080,0.33096,0.4962,0.56983,0.4793,0.03497,0.13332,0.73953,1.57325,0.19409,0.26694,0.32342,0.23361,0.27477,0.6431,0.95821
plantview__langdon_4__12-03-24,199,24970,0.28238,0.381,0.44657,0.39969,0.02651,0.21009,0.80541,1.46415,0.16016,0.20596,0.2571,0.19852,0.35735,0.75427,0.97317
plantview__langdon_4__12-03-24,200,26112,0.27085,0.36341,0.43482,0.38642,0.0239,0.26896,0.81798,1.39987,0.13959,0.18561,0.25681,0.19553,0.47652,0.78906,0.95772
plantview__langdon_4__12-03-24,201,28395,0.26374,0.35217,0.43001,0.38012,0.01585,0.30903,0.82405,1.35468,0.12585,0.17262,0.26434,0.19974,0.56602,0.82247,0.9395
plantview__langdon_4__12-03-24,202,29856,0.25585,0.33898,0.42317,0.37419,0.01089,0.35668,0.82643,1.31079,0.11757,0.16574,0.27412,0.20789,0.6032,0.82885,0.89456
plantview__langdon_4__12-03-24,203,30978,0.24623,0.32808,0.42297,0.37107,0.03929,0.47989,0.81874,1.27293,0.1191,0.17157,0.2916,0.2226,0.64078,0.8191,0.84899
plantview__langdon_4__12-03-24,204,31328,0.2441,0.32481,0.42823,0.37486,0.07629,0.48034,0.82,1.26264,0.12246,0.17672,0.30436,0.2326,0.65657,0.8185,0.84464
plantview__langdon_4__12-03-24,205,30540,0.23612,0.31954,0.43527,0.37422,0.08775,0.5461,0.81372,1.24531,0.12804,0.18647,0.32123,0.24372,0.65871,0.81028,0.82819
plantview__langdon_4__12-03-24,206,29548,0.22692,0.30426,0.42729,0.36519,0.1081,0.55378,0.83204,1.24026,0.12847,0.18332,0.32153,0.24277,0.63358,0.81742,0.84385
plantview__langdon_4__12-03-24,207,28192,0.22945,0.32347,0.58403,0.3901,0.16579,0.51483,0.82218,1.25151,0.14726,0.21611,0.50243,0.26985,0.52717,0.80104,0.83804
plantview__langdon_4__12-03-24,208,27194,0.22798,0.315,0.45713,0.38335,0.16658,0.55487,0.81018,1.24559,0.14725,0.20955,0.3517,0.26272,0.50537,0.80687,0.8325
plantview__langdon_4__12-03-24,209,27474,0.24226,0.33083,0.45989,0.38963,0.06603,0.51634,0.79996,1.25575,0.13753,0.20066,0.34407,0.25557,0.57622,0.79573,0.83086
plantview__langdon_4__12-03-24,210,28744,0.24423,0.32405,0.42952,0.37418,0.0461,0.50852,0.80292,1.24928,0.12473,0.17957,0.30856,0.23606,0.66563,0.8002,0.83847
plantview__langdon_4__12-03-24,211,29513,0.24927,0.33181,0.43322,0.37852,0.05733,0.47565,0.80476,1.25084,0.12097,0.17699,0.30871,0.23589,0.67553,0.80209,0.84078
plantview__langdon_4__12-03-24,212,29697,0.25053,0.32998,0.41886,0.36903,0.03074,0.42873,0.82072,1.2681,0.11129,0.16149,0.28363,0.216,0.68674,0.82143,0.87726
plantview__langdon_4__12-03-24,213,29601,0.26299,0.34202,0.4184,0.37856,0.02179,0.3058,0.8145,1.31876,0.1165,0.16096,0.26216,0.20287,0.60971,0.81622,0.90625
plantview__langdon_4__12-03-24,214,27978,0.27846,0.36212,0.42755,0.39139,0.0064,0.22843,0.80978,1.39394,0.13203,0.17383,0.24651,0.19221,0.51097,0.81278,0.95793
plantview__langdon_4__12-03-24,215,27012,0.28935,0.37903,0.43742,0.40393,0.01092,0.17929,0.79335,1.45493,0.147,0.18978,0.24144,0.18826,0.39401,0.8015,0.98286
plantview__langdon_4__12-03-24,216,25951,0.28517,0.37607,0.43407,0.39635,0.02193,0.17495,0.78768,1.5265,0.18161,0.22392,0.25363,0.1982,0.16508,0.75546,0.99087
plantview__langdon_4__12-03-24,217,26993,0.34224,0.50906,0.58209,0.49348,0.02697,0.126,0.66058,1.69647,0.22261,0.29953,0.34365,0.23976,0.16163,0.61064,0.96592
plantview__langdon_4__12-03-24,218,24386,0.33748,0.50719,0.57864,0.48628,0.03773,0.13098,0.6587,1.71707,0.23329,0.31262,0.35675,0.24695,0.158,0.59202,0.95817
plantview__langdon_4__12-03-24,219,22046,0.3326,0.50781,0.58899,0.49183,0.04051,0.16457,0.67323,1.69411,0.24903,0.33162,0.376,0.26602,0.14352,0.53729,0.94425
plantview__langdon_4__12-03-24,220,18983,0.33291,0.52104,0.61347,0.50164,0.0502,0.16478,0.63299,1.73595,0.27605,0.36222,0.41503,0.2929,0.1711,0.46805,0.89749
plantview__langdon_4__12-03-24,221,16305,0.34787,0.55951,0.65284,0.52778,0.03103,0.15063,0.57019,1.81458,0.29185,0.39189,0.44135,0.29776,0.16105,0.40546,0.87672
plantview__langdon_4__12-03-24,222,13236,0.34276,0.54605,0.64338,0.52041,0.05863,0.19749,0.56497,1.80698,0.32295,0.41097,0.46553,0.31998,0.11612,0.41009,0.86499
plantview__langdon_4__12-03-24,223,13654,0.34342,0.566,0.67721,0.55077,0.10363,0.23063,0.51831,2.00488,0.39048,0.47887,0.58065,0.38357,0.27091,0.43753,0.69137
plantview__langdon_4__12-03-24,224,13059,0.33429,0.54697,0.66518,0.53694,0.10621,0.2831,0.5384,1.9674,0.40584,0.47832,0.57336,0.39372,0.26955,0.36098,0.68428
plantview__langdon_4__12-03-24,225,15512,0.34796,0.57131,0.68846,0.55565,0.06698,0.26373,0.547,1.92661,0.37739,0.47795,0.53793,0.3614,0.1417,0.33439,0.76354
plantview__langdon_4__12-03-24,226,15454,0.35309,0.56441,0.67604,0.55461,0.04879,0.21664,0.57021,1.85371,0.35885,0.45406,0.51079,0.3576,0.11525,0.3733,0.80626
plantview__langdon_4__12-03-24,227,18692,0.3324,0.52859,0.63718,0.52593,0.06297,0.22951,0.64578,1.7963,0.33282,0.43564,0.47862,0.33095,0.0918,0.36449,0.84453
plantview__langdon_4__12-03-24,228,22215,0.32979,0.50061,0.58732,0.49853,0.05802,0.19914,0.66509,1.73472,0.2808,0.36246,0.39375,0.28245,0.08508,0.4379,0.93234
plantview__langdon_4__12-03-24,229,23731,0.33078,0.49424,0.57517,0.49229,0.05545,0.18786,0.6867,1.74892,0.27712,0.356,0.38464,0.2752,0.05752,0.46484,0.94029
plantview__langdon_4__12-03-24,230,24826,0.33523,0.49132,0.56564,0.48805,0.05269,0.143,0.69729,1.7343,0.25503,0.32323,0.3463,0.256,0.05164,0.54185,0.94316
plantview__langdon_4__12-03-24,231,25088,0.29323,0.38928,0.45099,0.41404,0.02543,0.19543,0.76391,1.54601,0.20078,0.24442,0.27136,0.21575,0.13449,0.65234,0.99406
plantview__langdon_4__12-03-24,232,26785,0.28503,0.38098,0.47616,0.4095,0.01587,0.23887,0.77756,1.46868,0.17122,0.22016,0.30584,0.20692,0.28143,0.71226,0.99283
plantview__langdon_4__12-03-24,233,27006,0.27556,0.36109,0.4298,0.39223,0.01252,0.27109,0.78823,1.38424,0.13794,0.1822,0.25151,0.19607,0.48356,0.78727,0.97923
plantview__langdon_4__12-03-24,234,28068,0.2521,0.33324,0.42046,0.37323,0.03684,0.41546,0.81174,1.30348,0.12398,0.17275,0.27684,0.21255,0.59363,0.81445,0.89379
plantview__langdon_4__12-03-24,235,28638,0.2468,0.32183,0.41233,0.36811,0.03932,0.46005,0.82275,1.28366,0.11946,0.16696,0.27887,0.21557,0.63514,0.8216,0.86745
plantview__langdon_4__12-03-24,236,28152,0.23272,0.30844,0.41248,0.35941,0.09925,0.57076,0.81142,1.23548,0.1269,0.17901,0.3002,0.2322,0.63324,0.80506,0.84115
plantview__langdon_4__12-03-24,237,27071,0.22641,0.30389,0.4197,0.36047,0.11352,0.59455,0.81837,1.22581,0.12926,0.18517,0.3143,0.23968,0.61867,0.81693,0.82893
plantview__langdon_4__12-03-24,238,26462,0.22714,0.31086,0.4379,0.37018,0.15037,0.58503,0.80508,1.22834,0.14084,0.20142,0.3333,0.25159,0.56387,0.7894,0.82337
plantview__langdon_4__12-03-24,239,24942,0.22095,0.30862,0.45107,0.37633,0.24429,0.57121,0.80575,1.23108,0.15802,0.21986,0.35079,0.26411,0.45229,0.78735,0.83009
plantview__langdon_4__12-03-24,240,23716,0.21959,0.30645,0.45691,0.37891,0.25059,0.59896,0.81776,1.21839,0.15292,0.2181,0.3629,0.27053,0.46631,0.80819,0.82683
plantview__langdon_4__12-03-24,241,24751,0.21933,0.30011,0.43394,0.36393,0.18104,0.60907,0.82122,1.21677,0.13794,0.19821,0.33735,0.25296,0.56919,0.81257,0.82922
plantview__langdon_4__12-03-24,242,26221,0.22609,0.30267,0.4204,0.36079,0.12154,0.60417,0.81488,1.20848,0.1295,0.18627,0.32155,0.24726,0.63186,0.81366,0.82811
plantview__langdon_4__12-03-24,243,25871,0.2214,0.29687,0.40706,0.35086,0.12419,0.63233,0.81234,1.21641,0.12475,0.17917,0.30439,0.23425,0.64725,0.81052,0.82509
plantview__langdon_4__12-03-24,244,26317,0.23967,0.32236,0.74862,0.3647,0.03382,0.5129,0.82034,1.2688,0.12238,0.1786,0.68519,0.22251,0.60193,0.82114,0.86184
plantview__langdon_4__12-03-24,245,26688,0.25719,0.33884,0.42236,0.37909,0.02117,0.41326,0.80815,1.3337,0.13573,0.18385,0.27128,0.20991,0.49483,0.81066,0.90917
plantview__langdon_4__12-03-24,246,25826,0.26936,0.35469,0.43063,0.39138,0.01375,0.34121,0.79377,1.39196,0.15126,0.1977,0.2639,0.20545,0.39824,0.78576,0.96151
plantview__langdon_4__12-03-24,247,25288,0.29289,0.39137,0.46355,0.42263,0.00866,0.22873,0.76736,1.51596,0.19256,0.24477,0.28163,0.21546,0.16292,0.66146,0.99569
plantview__langdon_4__12-03-24,248,23903,0.30298,0.41265,0.48645,0.44079,0.02397,0.21014,0.73196,1.57545,0.21816,0.26948,0.29546,0.22974,0.12383,0.54504,0.99841
plantview__langdon_4__12-03-24,249,24529,0.33622,0.49743,0.57596,0.49758,0.04599,0.15981,0.66586,1.75988,0.27468,0.35357,0.38174,0.27139,0.07134,0.44572,0.9439
plantview__langdon_4__12-03-24,250,22415,0.33832,0.5117,0.59805,0.51219,0.05844,0.19505,0.64885,1.80308,0.30363,0.38834,0.41886,0.29528,0.05037,0.4046,0.90832
plantview__langdon_4__12-03-24,251,20575,0.35185,0.54693,0.64194,0.54904,0.0714,0.19543,0.57526,1.84903,0.32686,0.42128,0.45958,0.31912,0.07295,0.37341,0.8799
plantview__langdon_4__12-03-24,252,15173,0.38985,0.6298,0.73914,0.61928,0.04798,0.15435,0.44711,1.89684,0.3363,0.42625,0.4661,0.33932,0.09748,0.35332,0.85197
plantview__langdon_4__12-03-24,253,15797,0.36243,0.60423,0.73522,0.60081,0.05052,0.22574,0.5294,1.94451,0.39376,0.51902,0.57099,0.37896,0.09616,0.281,0.74014
plantview__langdon_4__12-03-24,254,13855,0.34186,0.56507,0.7022,0.56612,0.06741,0.30834,0.57099,1.91972,0.39282,0.50526,0.55865,0.3712,0.11931,0.26727,0.74616
plantview__langdon_4__12-03-24,255,14035,0.32578,0.53092,0.65739,0.53198,0.10894,0.33074,0.54385,1.93536,0.41292,0.48606,0.56417,0.39358,0.20684,0.3544,0.67952
plantview__langdon_4__12-03-24,256,13088,0.34123,0.56178,0.68125,0.55164,0.09352,0.31021,0.49595,1.94297,0.38645,0.46861,0.5492,0.37605,0.19774,0.36942,0.69697
plantview__langdon_4__12-03-24,257,15132,0.35657,0.60105,0.73135,0.59415,0.06899,0.26659,0.53199,1.98345,0.41641,0.53806,0.60704,0.39525,0.13937,0.28179,0.64889
plantview__langdon_4__12-03-24,258,15545,0.37345,0.63245,0.76594,0.6223,0.04368,0.22869,0.49952,1.96775,0.39765,0.53131,0.58317,0.37962,0.09218,0.26343,0.73837
plantview__langdon_4__12-03-24,259,17870,0.38418,0.63668,0.76483,0.63398,0.039,0.18847,0.51584,1.94248,0.3857,0.5196,0.56463,0.37292,0.06642,0.23374,0.79043
plantview__langdon_4__12-03-24,260,20326,0.36637,0.57847,0.68456,0.58649,0.04954,0.17795,0.57217,1.89925,0.34921,0.45963,0.49875,0.34037,0.06101,0.30527,0.86038
plantview__langdon_4__12-03-24,261,22597,0.35777,0.55542,0.66813,0.55819,0.04412,0.17861,0.59791,1.82985,0.30972,0.41346,0.46804,0.31012,0.05912,0.36775,0.88715
plantview__langdon_4__12-03-24,262,24356,0.34516,0.52374,0.60951,0.51751,0.03223,0.15655,0.66357,1.72925,0.26189,0.35314,0.39014,0.26929,0.06471,0.46654,0.95631
plantview__langdon_4__12-03-24,263,23753,0.29829,0.40738,0.50727,0.44025,0.01078,0.21825,0.76976,1.56754,0.21914,0.27576,0.3386,0.23768,0.09599,0.58729,0.97996
plantview__langdon_4__12-03-24,264,25607,0.29039,0.39041,0.46926,0.42593,0.00637,0.24224,0.78166,1.47862,0.18081,0.23332,0.28734,0.22191,0.234,0.71644,0.9529
plantview__langdon_4__12-03-24,265,26940,0.27898,0.3697,0.46555,0.41151,0.00824,0.28667,0.8023,1.40354,0.15038,0.2009,0.3035,0.21972,0.43593,0.7912,0.91017
plantview__langdon_4__12-03-24,266,28023,0.26518,0.34584,0.43088,0.39256,0.02334,0.34907,0.81711,1.33733,0.12984,0.17782,0.27933,0.21772,0.55815,0.81658,0.88634
plantview__langdon_4__12-03-24,267,26598,0.25085,0.32889,0.42412,0.38074,0.02906,0.46398,0.81751,1.27558,0.12065,0.17195,0.29459,0.23028,0.66843,0.81698,0.86555
plantview__langdon_4__12-03-24,268,26854,0.23496,0.30636,0.41019,0.36256,0.07347,0.52018,0.83496,1.24724,0.11549,0.16539,0.29691,0.22945,0.68061,0.8258,0.85332
plantview__langdon_4__12-03-24,269,25672,0.21554,0.28087,0.508,0.33167,0.07868,0.6086,0.86359,1.22392,0.10258,0.15046,0.43458,0.21317,0.72647,0.86312,0.87336
plantview__langdon_4__12-03-24,270,25617,0.22223,0.29297,0.41225,0.35181,0.11176,0.55592,0.84245,1.23953,0.12171,0.17202,0.30674,0.2298,0.61881,0.83109,0.85771
plantview__langdon_4__12-03-24,271,25457,0.22244,0.3063,0.51641,0.37064,0.16117,0.59025,0.83619,1.23627,0.13518,0.19762,0.43056,0.25424,0.56079,0.83297,0.85395
plantview__langdon_4__12-03-24,272,26017,0.21599,0.29127,0.43442,0.36389,0.15321,0.62086,0.84241,1.22079,0.13148,0.18886,0.34179,0.25453,0.5933,0.84026,0.85064
plantview__langdon_4__12-03-24,273,26552,0.22999,0.30981,0.53997,0.37875,0.07849,0.5882,0.84137,1.23152,0.12319,0.18547,0.46159,0.26118,0.68654,0.82939,0.85093
plantview__langdon_4__12-03-24,274,27380,0.22633,0.29862,0.42485,0.36042,0.06987,0.62188,0.83718,1.22521,0.1144,0.16854,0.32574,0.24028,0.69971,0.83634,0.84872
plantview__langdon_4__12-03-24,275,28008,0.24228,0.31445,0.42646,0.36756,0.06441,0.45758,0.83665,1.26184,0.11004,0.16014,0.30927,0.22501,0.69284,0.8354,0.85101
plantview__langdon_4__12-03-24,276,28705,0.23722,0.30573,0.39663,0.35379,0.03933,0.48755,0.84661,1.2753,0.10888,0.15279,0.27094,0.20882,0.66825,0.84853,0.88002
plantview__langdon_4__12-03-24,277,28397,0.26034,0.33589,0.41675,0.37929,0.0068,0.32595,0.83364,1.33575,0.11949,0.16391,0.26582,0.20571,0.60883,0.83861,0.89657
plantview__langdon_4__12-03-24,278,26944,0.26268,0.33939,0.41193,0.37419,0.0,0.31343,0.84282,1.37194,0.12398,0.16501,0.24952,0.19191,0.53667,0.84653,0.93475
plantview__langdon_4__12-03-24,279,25795,0.26545,0.34622,0.41647,0.37461,0.00698,0.28812,0.83919,1.42493,0.1451,0.1866,0.25029,0.18995,0.38915,0.82962,0.96166
plantview__langdon_4__12-03-24,280,25031,0.28686,0.38456,0.46102,0.42072,0.00683,0.23303,0.8042,1.54601,0.20979,0.26212,0.2987,0.2316,0.08098,0.64009,0.96428
plantview__langdon_4__12-03-24,281,25952,0.35601,0.53294,0.61377,0.52942,0.01206,0.08928,0.70707,1.74518,0.2544,0.34365,0.36974,0.26253,0.02428,0.51295,0.94613
plantview__langdon_4__12-03-24,282,24762,0.35793,0.55568,0.6513,0.54859,0.02589,0.11958,0.65217,1.79668,0.28702,0.39418,0.43319,0.29293,0.04034,0.40671,0.90893
plantview__langdon_4__12-03-24,283,22204,0.36894,0.58332,0.68469,0.57732,0.02864,0.13493,0.57638,1.83595,0.30389,0.41766,0.45989,0.31035,0.07314,0.37435,0.89709
plantview__langdon_4__12-03-24,284,20190,0.37785,0.60667,0.71614,0.60516,0.03789,0.1688,0.5158,1.86479,0.32784,0.44202,0.49542,0.33569,0.10877,0.33477,0.8367
plantview__langdon_4__12-03-24,285,16929,0.38198,0.64614,1.22803,0.63235,0.03414,0.19682,0.46146,1.93705,0.36957,0.50634,1.10586,0.37056,0.11277,0.31538,0.79296
plantview__langdon_4__12-03-24,286,15182,0.36022,0.59606,0.72581,0.60347,0.0743,0.25734,0.5106,1.96187,0.40166,0.5106,0.57639,0.38884,0.12976,0.275,0.6895
plantview__langdon_4__12-03-24,287,14915,0.34948,0.5739,0.69293,0.57231,0.06772,0.30312,0.51351,1.94828,0.40126,0.5079,0.57887,0.38556,0.13758,0.32095,0.66731
plantview__langdon_4__12-03-24,288,15279,0.35792,0.58937,0.70949,0.59332,0.06735,0.29524,0.49748,1.97037,0.40331,0.50898,0.59279,0.39485,0.16912,0.36102,0.61909
plantview__langdon_4__12-03-24,289,16269,0.35933,0.58781,0.71347,0.60034,0.05145,0.28078,0.53046,1.95053,0.39676,0.50441,0.57043,0.385,0.14998,0.28551,0.68142
plantview__langdon_4__12-03-24,290,18400,0.37414,0.60232,0.72988,0.60429,0.03929,0.1756,0.50386,1.85077,0.33167,0.44169,0.50536,0.33766,0.12696,0.28609,0.86837
plantview__langdon_4__12-03-24,291,20587,0.38927,0.6221,0.7281,0.63129,0.02744,0.1398,0.51129,1.90524,0.33404,0.4555,0.50427,0.34227,0.09423,0.31962,0.81479
plantview__langdon_4__12-03-24,292,21294,0.37175,0.5946,0.69843,0.58975,0.02494,0.11233,0.60289,1.85117,0.31531,0.44302,0.48652,0.32413,0.06157,0.34658,0.87489
plantview__langdon_4__12-03-24,293,24211,0.35405,0.55059,0.64337,0.5458,0.02292,0.13622,0.67469,1.76426,0.27991,0.39178,0.42984,0.29166,0.05237,0.42349,0.90934
plantview__langdon_4__12-03-24,294,26631,0.34237,0.52262,0.61212,0.52154,0.01829,0.14517,0.70035,1.70472,0.26484,0.36828,0.40348,0.27704,0.03383,0.4604,0.93755
plantview__langdon_4__12-03-24,295,26596,0.28289,0.3826,0.46676,0.42286,0.00681,0.2867,0.80144,1.53914,0.21657,0.27165,0.31112,0.24075,0.09419,0.63164,0.95383
plantview__langdon_4__12-03-24,296,28263,0.27411,0.36705,0.45225,0.40618,0.00686,0.31239,0.81092,1.47805,0.18999,0.24357,0.29369,0.2249,0.14397,0.75838,0.95121
plantview__langdon_4__12-03-24,297,28947,0.26637,0.34843,0.43049,0.38906,0.00318,0.3095,0.82959,1.41672,0.15651,0.20374,0.27402,0.21083,0.35772,0.81767,0.94735
plantview__langdon_4__12-03-24,298,29854,0.26104,0.33879,0.42372,0.38337,0.01775,0.31349,0.83155,1.34609,0.12494,0.17139,0.27313,0.20996,0.59299,0.83202,0.91123
plantview__langdon_4__12-03-24,299,29372,0.24175,0.30397,0.38445,0.34815,0.03371,0.38707,0.86378,1.30201,0.10459,0.14268,0.24908,0.19074,0.67057,0.86402,0.9109
plantview__langdon_4__12-03-24,300,29757,0.23874,0.30242,0.39107,0.34997,0.05693,0.46218,0.85923,1.26536,0.10273,0.14449,0.26591,0.20344,0.71146,0.85939,0.8926
plantview__langdon_4__12-03-24,301,28476,0.23472,0.30455,0.44957,0.35815,0.06869,0.51812,0.84847,1.24434,0.1088,0.15853,0.34887,0.22443,0.70596,0.84727,0.85605
plantview__langdon_4__12-03-24,302,28045,0.225,0.29258,0.4548,0.35362,0.07955,0.61102,0.84407,1.2278,0.11076,0.16122,0.36584,0.23244,0.70612,0.84254,0.86846
plantview__langdon_4__12-03-24,303,28138,0.21219,0.27556,0.40038,0.34272,0.12567,0.64376,0.86374,1.22196,0.1166,0.16293,0.30641,0.231,0.65388,0.85589,0.87849
plantview__langdon_4__12-03-24,304,27180,0.21805,0.29004,0.4317,0.36197,0.12568,0.61972,0.83885,1.23029,0.12767,0.18055,0.33778,0.24827,0.63852,0.83727,0.84853
plantview__langdon_4__12-03-24,305,28170,0.23086,0.30078,0.41701,0.36454,0.06599,0.57057,0.84562,1.24207,0.11563,0.16626,0.31023,0.23729,0.70245,0.84047,0.85446
plantview__langdon_4__12-03-24,306,29143,0.24285,0.32265,0.45816,0.37835,0.05535,0.50739,0.81968,1.25365,0.11878,0.1754,0.34826,0.24093,0.69255,0.81996,0.85087
plantview__langdon_4__12-03-24,307,29619,0.25287,0.33048,0.42963,0.38256,0.0528,0.38647,0.82477,1.27622,0.116,0.16772,0.29949,0.23043,0.68,0.82272,0.8554
plantview__langdon_4__12-03-24,308,29871,0.24659,0.35722,0.98707,0.39292,0.01955,0.40621,0.84426,1.28868,0.10908,0.19246,0.93002,0.2517,0.67805,0.84276,0.89127
plantview__langdon_4__12-03-24,309,30176,0.25448,0.3312,0.42085,0.37913,0.03026,0.35323,0.83888,1.32882,0.12311,0.16866,0.28018,0.21702,0.62927,0.83467,0.90028
plantview__langdon_4__12-03-24,310,28595,0.26568,0.34959,0.43174,0.39261,0.01374,0.3018,0.83056,1.38254,0.13889,0.18643,0.27444,0.2142,0.49844,0.81979,0.92915
plantview__langdon_4__12-03-24,311,27600,0.27384,0.36881,0.45427,0.41043,0.01594,0.29931,0.80268,1.47286,0.19187,0.24742,0.29831,0.23065,0.1354,0.75699,0.94156
plantview__langdon_4__12-03-24,312,26426,0.2941,0.40201,0.48848,0.44734,0.01548,0.22735,0.78022,1.55829,0.22567,0.28649,0.32688,0.25423,0.07455,0.615,0.93696
plantview__langdon_4__12-03-24,313,27161,0.34881,0.53047,0.62052,0.53383,0.01064,0.10695,0.71054,1.71372,0.2603,0.36484,0.40585,0.28087,0.03685,0.46939,0.92883
plantview__langdon_4__12-03-24,314,25259,0.34729,0.53933,0.64089,0.54299,0.01869,0.15357,0.69243,1.71331,0.26561,0.36955,0.42332,0.29665,0.06481,0.50556,0.91793
plantview__langdon_4__12-03-24,315,21132,0.35108,0.55473,0.66546,0.56941,0.02664,0.19653,0.66865,1.76329,0.30998,0.42813,0.47385,0.33033,0.05579,0.36168,0.88799
plantview__langdon_4__12-03-24,316,20289,0.36326,0.57451,0.69491,0.59269,0.03982,0.18877,0.58514,1.7873,0.31761,0.42703,0.48098,0.33372,0.08394,0.318,0.84957
plantview__langdon_4__12-03-24,317,18715,0.36704,0.57285,0.68957,0.60785,0.05584,0.20818,0.55725,1.73712,0.31802,0.41949,0.46237,0.34085,0.08571,0.28731,0.83227
plantview__langdon_4__12-03-24,318,16327,0.36982,0.59116,0.71295,0.62128,0.0708,0.24383,0.51289,1.86394,0.36739,0.46246,0.51417,0.3715,0.14075,0.28235,0.75972
plantview__langdon_4__12-03-24,319,15166,0.35563,0.57851,0.69875,0.59284,0.07932,0.26124,0.50092,1.91223,0.37296,0.46129,0.52763,0.37786,0.16016,0.36081,0.71772
plantview__langdon_4__13-02-24,0,13060,0.33772,0.47427,0.58293,0.59624,0.17511,0.33507,0.53254,1.56075,0.32728,0.38963,0.45767,0.39953,0.14617,0.36547,0.78369
plantview__langdon_4__13-02-24,1,12856,0.34005,0.47005,0.56767,0.59289,0.15705,0.37516,0.50482,1.53353,0.31277,0.38476,0.42827,0.37262,0.13114,0.26696,0.80095
plantview__langdon_4__13-02-24,2,13821,0.2865,0.3935,0.49078,0.47628,0.14992,0.49056,0.61935,1.45463,0.28387,0.34469,0.37529,0.31315,0.08856,0.35207,0.88423
plantview__langdon_4__13-02-24,3,15459,0.25046,0.3426,0.44454,0.42007,0.1645,0.57559,0.71221,1.3947,0.24812,0.30604,0.34324,0.28368,0.10136,0.52474,0.8998
plantview__langdon_4__13-02-24,4,18072,0.25247,0.3454,0.4492,0.42543,0.15112,0.59213,0.72753,1.35459,0.22069,0.28327,0.33725,0.2806,0.16301,0.6146,0.83217
plantview__langdon_4__13-02-24,5,18365,0.24803,0.34183,0.45292,0.42242,0.10721,0.61035,0.74059,1.29032,0.19367,0.25789,0.34142,0.28652,0.28799,0.70781,0.80643
plantview__langdon_4__13-02-24,6,20262,0.23271,0.3215,0.44237,0.40362,0.14135,0.64841,0.7592,1.23892,0.1714,0.23411,0.34529,0.28772,0.41901,0.72712,0.82415
plantview__langdon_4__13-02-24,7,21583,0.21058,0.29264,0.43364,0.39173,0.29458,0.7062,0.78242,1.1788,0.15467,0.21845,0.36254,0.30436,0.6096,0.75842,0.82899
plantview__langdon_4__13-02-24,8,23765,0.18872,0.26256,0.41085,0.36753,0.40404,0.73356,0.7944,1.14422,0.14685,0.20753,0.35438,0.29826,0.65327,0.77509,0.82323
plantview__langdon_4__13-02-24,9,23549,0.11791,0.15122,0.29653,0.27802,0.74432,0.8301,0.85872,1.02534,0.11942,0.15099,0.29005,0.26934,0.7337,0.83613,0.8625
plantview__langdon_4__13-02-24,10,23580,0.12129,0.15713,0.30678,0.2828,0.73825,0.83062,0.85556,1.00837,0.12189,0.15707,0.30461,0.27994,0.70878,0.83058,0.85636
plantview__langdon_4__13-02-24,11,22364,0.13223,0.16647,0.30864,0.2854,0.65306,0.81153,0.84064,0.99377,0.1312,0.16607,0.3103,0.28752,0.67685,0.8113,0.83947
plantview__langdon_4__13-02-24,12,21218,0.13337,0.17191,0.31862,0.29288,0.68362,0.80125,0.82143,0.99979,0.13332,0.17189,0.31868,0.29296,0.68381,0.80125,0.82138
plantview__langdon_4__13-02-24,13,20101,0.14001,0.18109,0.32825,0.29817,0.67036,0.78897,0.8029,0.99047,0.13717,0.17969,0.33119,0.30173,0.70171,0.78807,0.80195
plantview__langdon_4__13-02-24,14,19802,0.14348,0.18635,0.33585,0.30315,0.64009,0.77916,0.78851,0.98674,0.14056,0.18547,0.34022,0.30837,0.68806,0.78154,0.78851
plantview__langdon_4__13-02-24,15,19331,0.1408,0.17945,0.32921,0.2953,0.66003,0.78713,0.80363,0.97717,0.13733,0.17935,0.33673,0.30423,0.68874,0.78972,0.80213
plantview__langdon_4__13-02-24,16,18860,0.16381,0.2047,0.3729,0.31672,0.55467,0.76994,0.77614,0.95507,0.15189,0.20175,0.38729,0.33388,0.64661,0.77057,0.77556
plantview__langdon_4__13-02-24,17,19317,0.17155,0.20937,0.36441,0.33012,0.50489,0.77735,0.79697,0.97247,0.15974,0.20395,0.37229,0.33895,0.58487,0.78144,0.78962
plantview__langdon_4__13-02-24,18,18990,0.16383,0.19963,0.35085,0.32297,0.53428,0.78747,0.80469,0.96234,0.14721,0.19092,0.36106,0.33512,0.66198,0.78836,0.80137
plantview__langdon_4__13-02-24,19,18683,0.14047,0.17374,0.3431,0.30139,0.60611,0.82139,0.83932,0.96565,0.12726,0.16632,0.35119,0.31166,0.73966,0.82567,0.83579
plantview__langdon_4__13-02-24,20,19734,0.13464,0.16178,0.30237,0.2847,0.64077,0.83222,0.85239,0.96855,0.12173,0.15372,0.30967,0.29397,0.72844,0.83359,0.84793
plantview__langdon_4__13-02-24,21,20705,0.13078,0.15938,0.32261,0.29523,0.66071,0.8382,0.85868,0.97966,0.12392,0.15509,0.32678,0.30105,0.70683,0.83849,0.85762
plantview__langdon_4__13-02-24,22,22385,0.12939,0.15988,0.33996,0.30226,0.66906,0.83328,0.86357,0.9849,0.1253,0.15737,0.34286,0.30664,0.6952,0.82962,0.86294
plantview__langdon_4__13-02-24,23,22682,0.1199,0.15242,0.41617,0.29577,0.72621,0.84234,0.86386,0.99651,0.11935,0.15215,0.4167,0.29676,0.73627,0.84053,0.8639
plantview__langdon_4__13-02-24,24,23421,0.12618,0.16176,0.32598,0.31586,0.73464,0.81965,0.85329,1.02071,0.12692,0.16108,0.32104,0.30863,0.74493,0.82195,0.85312
plantview__langdon_4__13-02-24,25,22734,0.17767,0.24051,0.4027,0.36977,0.48359,0.7663,0.82273,1.12716,0.14716,0.19907,0.36203,0.31652,0.67828,0.78279,0.82445
plantview__langdon_4__13-02-24,26,20345,0.19718,0.26255,0.4055,0.38012,0.34883,0.74185,0.80914,1.1598,0.15323,0.20398,0.35172,0.31044,0.66454,0.76397,0.81298
plantview__langdon_4__13-02-24,27,18749,0.21785,0.29082,0.41737,0.39813,0.22476,0.70329,0.7762,1.19612,0.16948,0.22318,0.34607,0.30731,0.55651,0.73556,0.78479
plantview__langdon_4__13-02-24,28,18390,0.22649,0.30149,0.42891,0.40196,0.18543,0.67499,0.7603,1.2682,0.19893,0.25341,0.34836,0.28971,0.27145,0.687,0.79761
plantview__langdon_4__13-02-24,29,17017,0.23929,0.31905,0.42763,0.41728,0.21144,0.63531,0.72839,1.35501,0.24758,0.30152,0.34251,0.29388,0.08879,0.54328,0.84944
plantview__langdon_4__13-02-24,30,15130,0.27126,0.36951,0.47272,0.45747,0.17614,0.53569,0.65135,1.43044,0.27243,0.33245,0.36565,0.30377,0.07429,0.38586,0.9072
plantview__langdon_4__13-02-24,31,13461,0.27305,0.3647,0.46844,0.46913,0.23067,0.51118,0.6235,1.42836,0.29896,0.35214,0.3844,0.32836,0.08112,0.28438,0.88032
plantview__langdon_4__13-02-24,32,13723,0.3347,0.45519,0.56073,0.59948,0.17423,0.39146,0.538,1.4956,0.3238,0.38687,0.43842,0.39941,0.13918,0.2549,0.76674
plantview__langdon_4__13-02-24,33,12746,0.3303,0.44878,0.55608,0.58599,0.17629,0.35737,0.55437,1.50905,0.3236,0.37427,0.44741,0.40775,0.17974,0.36553,0.79303
plantview__langdon_4__13-02-24,34,13353,0.30875,0.42392,0.53674,0.56698,0.19404,0.35221,0.6239,1.49346,0.29539,0.35354,0.42161,0.38773,0.13907,0.37879,0.84108
plantview__langdon_4__13-02-24,35,13764,0.34346,0.46729,0.58505,0.6111,0.17677,0.31088,0.53662,1.48708,0.32255,0.37983,0.45694,0.4132,0.14923,0.32621,0.77674
plantview__langdon_4__13-02-24,36,13594,0.29382,0.38468,0.47949,0.48561,0.22172,0.41379,0.60284,1.44714,0.30836,0.34416,0.38294,0.33922,0.12837,0.31323,0.83721
plantview__langdon_4__13-02-24,37,13322,0.29277,0.38084,0.48381,0.46999,0.16649,0.45864,0.61725,1.43624,0.31047,0.3495,0.3949,0.33702,0.08835,0.32232,0.86316
plantview__langdon_4__13-02-24,38,14335,0.28438,0.36166,0.48703,0.4518,0.15961,0.47911,0.63062,1.40421,0.29874,0.33649,0.41429,0.33345,0.08155,0.43376,0.86495
plantview__langdon_4__13-02-24,39,16319,0.26124,0.33018,0.42827,0.42318,0.17189,0.5322,0.69906,1.35315,0.27143,0.30868,0.35352,0.31328,0.10644,0.52571,0.80857
plantview__langdon_4__13-02-24,40,16501,0.24113,0.29929,0.39909,0.39145,0.19956,0.60736,0.73486,1.24363,0.21369,0.2471,0.3262,0.2991,0.30216,0.67984,0.78395
plantview__langdon_4__13-02-24,41,18838,0.21215,0.2615,0.36847,0.36179,0.32827,0.6584,0.78713,1.16956,0.17071,0.20399,0.30952,0.2882,0.58424,0.72019,0.7805
plantview__langdon_4__13-02-24,42,22161,0.18007,0.22318,0.33933,0.32783,0.42507,0.72145,0.81959,1.13051,0.13928,0.17275,0.29098,0.26689,0.67253,0.7756,0.85447
plantview__langdon_4__13-02-24,43,22230,0.12427,0.13432,0.23101,0.24511,0.65713,0.78111,0.88929,1.02771,0.12229,0.13094,0.22308,0.23407,0.6803,0.79303,0.89816
plantview__langdon_4__13-02-24,44,21884,0.12381,0.13751,0.25265,0.25743,0.68251,0.78889,0.89175,1.00983,0.12332,0.13645,0.25007,0.25382,0.67638,0.79021,0.89755
plantview__langdon_4__13-02-24,45,21948,0.13168,0.15679,0.29854,0.2951,0.67236,0.81333,0.86053,0.98699,0.13021,0.15642,0.30171,0.29966,0.68826,0.81315,0.85347
plantview__langdon_4__13-02-24,46,20031,0.15172,0.18711,0.33853,0.33044,0.62244,0.78319,0.81823,0.98001,0.14773,0.18559,0.34398,0.33787,0.66192,0.78294,0.81643
plantview__langdon_4__13-02-24,47,19168,0.16063,0.18884,0.33654,0.33033,0.58097,0.77285,0.8184,0.97568,0.15323,0.18523,0.34265,0.33817,0.64962,0.78135,0.81772
plantview__langdon_4__13-02-24,48,18500,0.17014,0.20448,0.34854,0.3306,0.48757,0.74724,0.80281,0.97433,0.16136,0.20032,0.35561,0.33931,0.59276,0.75416,0.79746
plantview__langdon_4__13-02-24,49,19783,0.17696,0.20366,0.35037,0.33042,0.46257,0.75732,0.80675,0.95765,0.15936,0.19513,0.36115,0.34266,0.61704,0.77622,0.80038
plantview__langdon_4__13-02-24,50,19247,0.17267,0.2026,0.35319,0.32088,0.4489,0.77243,0.80485,0.9493,0.15491,0.1959,0.36737,0.33667,0.60368,0.7836,0.80298
plantview__langdon_4__13-02-24,51,18261,0.14027,0.1822,1.01336,0.28798,0.56092,0.83331,0.8522,0.97123,0.13221,0.1793,1.01605,0.29649,0.62341,0.82909,0.85077
plantview__langdon_4__13-02-24,52,17541,0.13124,0.14202,0.2579,0.23908,0.57574,0.84642,0.86762,0.95425,0.11825,0.1364,0.26914,0.2515,0.69443,0.84938,0.86762
plantview__langdon_4__13-02-24,53,17638,0.12237,0.13909,0.26312,0.24177,0.65217,0.84686,0.86676,0.95947,0.11239,0.13487,0.27346,0.25373,0.73342,0.84947,0.86648
plantview__langdon_4__13-02-24,54,17572,0.11459,0.1284,0.24469,0.22764,0.68387,0.85938,0.88191,0.95519,0.10429,0.12342,0.25541,0.24052,0.75825,0.85807,0.87822
plantview__langdon_4__13-02-24,55,17756,0.11016,0.12407,0.24086,0.2232,0.69937,0.86326,0.89812,0.96144,0.10324,0.12077,0.24956,0.23425,0.72764,0.86134,0.89694
plantview__langdon_4__13-02-24,56,18658,0.09999,0.10945,0.21365,0.20024,0.66802,0.87249,0.92925,0.98774,0.09957,0.10972,0.21638,0.20386,0.67296,0.86965,0.92861
plantview__langdon_4__13-02-24,57,18904,0.10202,0.11263,0.21715,0.20293,0.69551,0.87886,0.92763,1.01799,0.10136,0.11105,0.21336,0.19806,0.6415,0.88452,0.9279
plantview__langdon_4__13-02-24,58,18623,0.10638,0.11569,0.20654,0.20117,0.695,0.85636,0.92584,1.04488,0.10114,0.10863,0.1951,0.18603,0.67347,0.87338,0.93852
plantview__langdon_4__13-02-24,59,18149,0.19978,0.23607,0.32589,0.31209,0.26641,0.65634,0.83635,1.18066,0.14062,0.16401,0.25649,0.22805,0.55436,0.77938,0.88886
plantview__langdon_4__13-02-24,60,15537,0.23639,0.28044,0.35737,0.35452,0.14321,0.54579,0.75851,1.26016,0.16551,0.18898,0.25884,0.23245,0.37562,0.72144,0.92109
plantview__langdon_4__13-02-24,61,13742,0.26563,0.31823,0.39514,0.39039,0.11294,0.47293,0.73446,1.3373,0.20697,0.22627,0.2892,0.26026,0.26306,0.68986,0.92257
plantview__langdon_4__13-02-24,62,14217,0.25845,0.32119,0.40789,0.40535,0.22853,0.45945,0.70788,1.36698,0.23635,0.26547,0.31946,0.27896,0.22079,0.50756,0.91834
plantview__langdon_4__13-02-24,63,13144,0.26206,0.32862,0.41133,0.41447,0.22649,0.42696,0.70534,1.39264,0.23376,0.26423,0.30944,0.2713,0.24551,0.45321,0.94324
plantview__langdon_4__13-02-24,64,12485,0.25555,0.32247,0.4073,0.40411,0.26784,0.45423,0.69067,1.40365,0.25462,0.27667,0.31912,0.28343,0.19039,0.41402,0.91966
plantview__langdon_4__13-02-24,65,13045,0.29172,0.37753,0.46724,0.48191,0.21679,0.37432,0.63388,1.43535,0.27191,0.30656,0.35639,0.32334,0.19256,0.39157,0.84538
plantview__langdon_4__13-02-24,66,12828,0.31122,0.41436,0.51413,0.54298,0.14702,0.35914,0.62917,1.43951,0.27113,0.31627,0.38447,0.36583,0.20221,0.44535,0.83988
plantview__langdon_4__13-02-24,67,12286,0.30991,0.42403,0.53148,0.56488,0.12502,0.36489,0.63967,1.49169,0.28071,0.34165,0.4104,0.38117,0.147,0.43895,0.85349
plantview__langdon_4__13-02-24,68,12616,0.29541,0.39087,0.49803,0.52898,0.17906,0.39815,0.67581,1.4818,0.28777,0.3204,0.39325,0.37777,0.2064,0.45633,0.86866
plantview__langdon_4__13-02-24,69,13708,0.29613,0.39387,0.50364,0.53098,0.18646,0.4137,0.67041,1.43985,0.27182,0.31055,0.38435,0.3688,0.21418,0.45411,0.85665
plantview__langdon_4__13-02-24,70,12994,0.26259,0.33937,0.45932,0.44461,0.25327,0.43143,0.73088,1.3804,0.24305,0.2777,0.36563,0.3074,0.25373,0.46552,0.86517
plantview__langdon_4__13-02-24,71,12309,0.21967,0.27866,0.36173,0.35366,0.3127,0.51385,0.79145,1.37146,0.22735,0.24804,0.28356,0.254,0.22171,0.49289,0.93704
plantview__langdon_4__13-02-24,72,13994,0.20606,0.25782,0.33858,0.32469,0.28305,0.56367,0.85036,1.35459,0.19693,0.21553,0.26132,0.22982,0.27983,0.61312,0.94583
plantview__langdon_4__13-02-24,73,16076,0.19692,0.2449,0.32209,0.30503,0.25946,0.58783,0.87229,1.31651,0.16385,0.18693,0.24026,0.20458,0.36147,0.76337,0.95559
plantview__langdon_4__13-02-24,74,18457,0.1722,0.21375,0.30246,0.27461,0.29821,0.69269,0.90388,1.23941,0.13983,0.16256,0.23564,0.19542,0.43339,0.83751,0.94912
plantview__langdon_4__13-02-24,75,19977,0.16251,0.1991,0.28938,0.26917,0.36372,0.72839,0.90694,1.19386,0.12397,0.14728,0.22973,0.19646,0.51154,0.85779,0.93362
plantview__langdon_4__13-02-24,76,20773,0.15752,0.23543,0.87848,0.32729,0.43773,0.76985,0.88379,1.1577,0.11769,0.18447,0.85636,0.26818,0.6416,0.87431,0.90141
plantview__langdon_4__13-02-24,77,20497,0.08356,0.0942,0.1904,0.18152,0.78099,0.91179,0.93487,1.03808,0.08707,0.09525,0.18269,0.17161,0.78002,0.9156,0.93975
plantview__langdon_4__13-02-24,78,20030,0.08286,0.0928,0.19781,0.19138,0.81478,0.91128,0.9306,1.00964,0.08435,0.09357,0.19618,0.18922,0.79001,0.91168,0.9318
plantview__langdon_4__13-02-24,79,19400,0.09937,0.11288,0.22976,0.21849,0.7032,0.88454,0.91294,0.99354,0.09806,0.11216,0.23094,0.22,0.71284,0.88443,0.91278
plantview__langdon_4__13-02-24,80,19240,0.10993,0.12397,0.24461,0.2361,0.69896,0.87588,0.89407,0.97517,0.10151,0.11867,0.24926,0.24204,0.74589,0.875,0.89231
plantview__langdon_4__13-02-24,81,17863,0.12483,0.14571,0.28969,0.27482,0.69899,0.85893,0.8727,0.96137,0.11031,0.13687,0.29763,0.28567,0.77814,0.8568,0.87057
plantview__langdon_4__13-02-24,82,18030,0.14229,0.16576,0.31091,0.30083,0.62385,0.82479,0.84304,0.95828,0.1286,0.15879,0.32058,0.31376,0.73622,0.83433,0.84293
plantview__langdon_4__13-02-24,83,18331,0.16046,0.18576,0.32875,0.31249,0.50297,0.79619,0.81949,0.94603,0.14121,0.17703,0.34236,0.32918,0.70962,0.80934,0.81949
plantview__langdon_4__13-02-24,84,17974,0.1594,0.19137,0.35626,0.33038,0.53683,0.80822,0.8208,0.95571,0.14575,0.18644,0.3678,0.34477,0.67948,0.80889,0.8208
plantview__langdon_4__13-02-24,85,17426,0.15229,0.17467,0.32125,0.30496,0.53363,0.80931,0.8217,0.95836,0.14015,0.17033,0.33178,0.31783,0.67858,0.8131,0.82165
plantview__langdon_4__13-02-24,86,17332,0.16499,0.19059,0.34151,0.30787,0.45378,0.8092,0.81762,0.94584,0.14066,0.17745,0.35399,0.32302,0.68728,0.81312,0.81676
plantview__langdon_4__13-02-24,87,17519,0.14918,0.16867,0.29678,0.28668,0.5353,0.82973,0.83555,0.9498,0.12634,0.15505,0.30767,0.30029,0.7223,0.8299,0.83407
plantview__langdon_4__13-02-24,88,18684,0.14288,0.18074,0.50258,0.30616,0.61491,0.82381,0.83216,0.97092,0.13038,0.17306,0.5072,0.31483,0.69996,0.82643,0.83216
plantview__langdon_4__13-02-24,89,19985,0.12491,0.15008,0.28879,0.27855,0.69647,0.84613,0.85419,0.98741,0.12123,0.14796,0.29159,0.28236,0.71904,0.84618,0.85404
plantview__langdon_4__13-02-24,90,20929,0.11778,0.16383,0.69028,0.28683,0.677,0.87066,0.88103,0.99331,0.11615,0.1629,0.69099,0.28858,0.69301,0.87013,0.88074
plantview__langdon_4__13-02-24,91,21743,0.11396,0.19169,1.03231,0.31362,0.72092,0.87164,0.88957,1.02323,0.1185,0.19413,1.03007,0.30759,0.63377,0.88116,0.891
plantview__langdon_4__13-02-24,92,22260,0.10479,0.1356,0.46216,0.26057,0.73931,0.86334,0.90732,1.05308,0.11065,0.13753,0.4551,0.2452,0.66402,0.88675,0.91783
plantview__langdon_4__13-02-24,93,23087,0.16561,0.2128,0.34109,0.32037,0.42548,0.77113,0.86694,1.14757,0.13754,0.17355,0.29633,0.262,0.6058,0.81375,0.88808
plantview__langdon_4__13-02-24,94,21831,0.17667,0.23,0.39687,0.32412,0.33544,0.73116,0.86304,1.21446,0.15143,0.1871,0.34348,0.24845,0.45284,0.80152,0.9001
plantview__langdon_4__13-02-24,95,19736,0.19031,0.24277,0.34312,0.32331,0.26925,0.67663,0.84668,1.26181,0.16101,0.19005,0.26661,0.23074,0.38453,0.77341,0.92906
plantview__langdon_4__13-02-24,96,18204,0.19835,0.25051,0.34732,0.32825,0.27076,0.66617,0.82372,1.32885,0.19937,0.2227,0.27473,0.23625,0.21863,0.6359,0.95029
plantview__langdon_4__13-02-24,97,15295,0.2082,0.26035,0.33631,0.32426,0.27453,0.63334,0.82766,1.36237,0.21615,0.23139,0.26313,0.23804,0.18307,0.55874,0.97091
plantview__langdon_4__13-02-24,98,14547,0.20569,0.25661,0.32978,0.32011,0.29202,0.58988,0.8344,1.34168,0.20641,0.22061,0.25375,0.23275,0.24665,0.60459,0.95291
plantview__langdon_4__13-02-24,99,13646,0.23525,0.29685,0.3768,0.38201,0.26,0.49157,0.77928,1.36094,0.2253,0.2426,0.28458,0.27182,0.23179,0.5406,0.91155
plantview__langdon_4__13-02-24,100,13850,0.27269,0.36489,0.46862,0.49008,0.23466,0.3878,0.75502,1.43807,0.25469,0.29771,0.37727,0.34902,0.27964,0.51314,0.87458
plantview__langdon_4__13-02-24,101,12353,0.28116,0.36163,0.45807,0.48312,0.16174,0.40176,0.74063,1.39937,0.24807,0.27121,0.35338,0.35372,0.27394,0.58933,0.89598
plantview__langdon_4__13-02-24,102,12728,0.24581,0.31397,0.42578,0.4329,0.23845,0.53339,0.77624,1.37375,0.26418,0.28302,0.35405,0.34141,0.22352,0.54423,0.90871
plantview__langdon_4__13-02-24,103,14397,0.23905,0.31968,0.43048,0.44073,0.28291,0.50101,0.75891,1.39453,0.2538,0.29313,0.35573,0.32818,0.20574,0.4726,0.90762
plantview__langdon_4__13-02-24,104,14159,0.25266,0.32111,0.40017,0.40484,0.20249,0.465,0.73522,1.36213,0.22806,0.24608,0.28719,0.27831,0.22678,0.55866,0.91539
plantview__langdon_4__13-02-24,105,14939,0.24008,0.30433,0.37679,0.3633,0.19104,0.51791,0.78104,1.39622,0.23106,0.24169,0.27526,0.25712,0.20001,0.55512,0.9263
plantview__langdon_4__13-02-24,106,16446,0.2173,0.27346,0.34847,0.33042,0.18162,0.57187,0.84197,1.36377,0.21119,0.2242,0.26488,0.24323,0.25271,0.63432,0.92272
plantview__langdon_4__13-02-24,107,17866,0.20127,0.25206,0.3407,0.32215,0.20531,0.66322,0.86432,1.30979,0.19267,0.21012,0.26702,0.24195,0.29643,0.70032,0.92058
plantview__langdon_4__13-02-24,108,19294,0.18689,0.25106,0.3868,0.33506,0.28449,0.71095,0.85451,1.25285,0.17281,0.21311,0.3163,0.25042,0.36027,0.76459,0.89577
plantview__langdon_4__13-02-24,109,21180,0.16319,0.21201,0.33589,0.30694,0.43824,0.74344,0.87205,1.19153,0.15253,0.18625,0.28292,0.24154,0.43994,0.81426,0.8941
plantview__langdon_4__13-02-24,110,21779,0.14828,0.21473,0.64771,0.32265,0.52215,0.7813,0.87396,1.14628,0.1372,0.19203,0.62282,0.27328,0.54681,0.84306,0.90087
plantview__langdon_4__13-02-24,111,22961,0.09119,0.10159,0.20349,0.20076,0.79613,0.89578,0.9348,1.02811,0.09636,0.10477,0.19933,0.19482,0.71835,0.90405,0.93829
plantview__langdon_4__13-02-24,112,22357,0.09302,0.10431,0.2118,0.20586,0.74509,0.89972,0.92557,1.00046,0.09313,0.10438,0.21174,0.20576,0.74353,0.89976,0.92557
plantview__langdon_4__13-02-24,113,21475,0.11123,0.12582,0.24121,0.23288,0.68214,0.87879,0.8915,0.98101,0.10608,0.12269,0.24477,0.23769,0.71269,0.87674,0.88913
plantview__langdon_4__13-02-24,114,20186,0.11852,0.12744,0.23288,0.22559,0.60884,0.88576,0.8974,0.95444,0.10366,0.11824,0.24061,0.23569,0.72332,0.88502,0.89498
plantview__langdon_4__13-02-24,115,17992,0.13539,0.14773,0.26087,0.24991,0.57431,0.84799,0.87567,0.94001,0.10999,0.13167,0.27236,0.26421,0.76017,0.85355,0.86377
plantview__langdon_4__13-02-24,116,18064,0.15194,0.16983,0.29599,0.28367,0.53056,0.82518,0.83282,0.94647,0.13014,0.15743,0.30806,0.29822,0.70533,0.82579,0.83116
plantview__langdon_4__13-02-24,117,18576,0.16226,0.18478,0.31727,0.30159,0.48159,0.80717,0.81476,0.95221,0.14289,0.17492,0.32901,0.31567,0.64325,0.80766,0.8139
plantview__langdon_4__13-02-24,118,19299,0.16637,0.18373,0.32043,0.31142,0.47091,0.80641,0.81243,0.95583,0.15243,0.17872,0.33126,0.32431,0.60024,0.8104,0.81243
plantview__langdon_4__13-02-24,119,16906,0.1593,0.17238,0.30051,0.29211,0.49343,0.79232,0.82781,0.9618,0.14729,0.16786,0.30941,0.3025,0.59346,0.79735,0.82781
plantview__langdon_4__13-02-24,120,16710,0.15645,0.17018,0.28964,0.27617,0.48199,0.79659,0.83262,0.96918,0.14287,0.16273,0.29615,0.28299,0.57714,0.81628,0.83172
plantview__langdon_4__13-02-24,121,17890,0.14965,0.15629,0.25952,0.24801,0.48826,0.79961,0.86037,0.95043,0.12644,0.14237,0.26802,0.25613,0.62633,0.85081,0.85819
plantview__langdon_4__13-02-24,122,18301,0.1282,0.14147,0.3311,0.23348,0.56587,0.85728,0.907,0.94819,0.10807,0.12912,0.33794,0.24181,0.70521,0.86738,0.88913
plantview__langdon_4__13-02-24,123,19278,0.11582,0.118,0.20361,0.19619,0.61256,0.88635,0.91732,0.94497,0.10273,0.11103,0.21246,0.20645,0.66267,0.89045,0.91389
plantview__langdon_4__13-02-24,124,20295,0.11101,0.1203,0.2419,0.20855,0.64154,0.88554,0.922,0.96347,0.10276,0.1157,0.24722,0.21571,0.6607,0.88066,0.91535
plantview__langdon_4__13-02-24,125,20568,0.0998,0.10632,0.19109,0.18329,0.62743,0.89824,0.94005,0.98673,0.097,0.10467,0.19316,0.18597,0.66249,0.89557,0.93898
plantview__langdon_4__13-02-24,126,21171,0.09229,0.10095,0.18761,0.18153,0.72122,0.89429,0.94469,1.01712,0.09545,0.10282,0.18439,0.17738,0.70885,0.89906,0.94663
plantview__langdon_4__13-02-24,127,19809,0.16187,0.21065,0.33355,0.29982,0.46539,0.70771,0.88061,1.14789,0.14017,0.17599,0.28195,0.23891,0.52007,0.83689,0.88692
plantview__langdon_4__13-02-24,128,20636,0.17475,0.22696,0.33405,0.3,0.37977,0.68783,0.88535,1.19486,0.14742,0.18136,0.27006,0.22581,0.43095,0.81503,0.90507
plantview__langdon_4__13-02-24,129,18872,0.18816,0.24115,0.33188,0.30479,0.25726,0.66135,0.87352,1.24925,0.15323,0.18282,0.25282,0.21337,0.35794,0.78503,0.93101
plantview__langdon_4__13-02-24,130,17472,0.19956,0.2648,0.36295,0.32864,0.2504,0.62477,0.83665,1.28966,0.18203,0.21608,0.27728,0.2331,0.27467,0.71114,0.91878
plantview__langdon_4__13-02-24,131,16187,0.21498,0.27916,0.36307,0.33261,0.16569,0.57188,0.83128,1.35025,0.20402,0.22607,0.27379,0.24117,0.25706,0.70791,0.90943
plantview__langdon_4__13-02-24,132,15379,0.23122,0.29903,0.3732,0.35484,0.17192,0.50263,0.78191,1.37444,0.21156,0.23499,0.27272,0.2459,0.24299,0.64705,0.91066
plantview__langdon_4__13-02-24,133,15314,0.25249,0.32375,0.40593,0.42113,0.1925,0.46866,0.75082,1.37793,0.23492,0.2609,0.30748,0.29738,0.23625,0.57098,0.85791
plantview__langdon_4__13-02-24,134,14964,0.2441,0.32924,0.43993,0.45026,0.22761,0.53228,0.76056,1.38805,0.24769,0.29374,0.36088,0.33342,0.17221,0.55126,0.90136
plantview__langdon_4__13-02-24,135,14263,0.23215,0.29511,0.39368,0.39478,0.27329,0.57611,0.791,1.34025,0.2439,0.26858,0.33005,0.30999,0.236,0.56783,0.92884
plantview__langdon_4__13-02-24,136,14358,0.22645,0.29999,0.40092,0.40109,0.26222,0.60754,0.78646,1.41164,0.26408,0.30226,0.34996,0.31357,0.13741,0.52333,0.93676
plantview__langdon_4__13-02-24,137,16088,0.24713,0.33928,0.45706,0.47766,0.19263,0.56837,0.76423,1.4063,0.25208,0.3138,0.3835,0.35278,0.13488,0.53711,0.90819
plantview__langdon_4__13-02-24,138,17061,0.24708,0.32248,0.40883,0.42344,0.15919,0.56386,0.76391,1.37216,0.22956,0.2672,0.31253,0.29689,0.17736,0.63496,0.87093
plantview__langdon_4__13-02-24,139,16617,0.21676,0.28941,0.37614,0.34921,0.17843,0.59559,0.83288,1.34195,0.19147,0.2279,0.27994,0.24124,0.27839,0.71625,0.89083
plantview__langdon_4__13-02-24,140,17750,0.19223,0.25958,0.35763,0.31739,0.24485,0.69369,0.85189,1.23353,0.15521,0.19251,0.27084,0.22762,0.42051,0.79634,0.90468
plantview__langdon_4__13-02-24,141,18281,0.19054,0.25346,0.34871,0.31335,0.23007,0.68935,0.85975,1.2154,0.13457,0.17423,0.26228,0.21718,0.51195,0.83414,0.91527
plantview__langdon_4__13-02-24,142,17982,0.18272,0.23594,0.32215,0.28994,0.2681,0.70254,0.885,1.19363,0.11965,0.15096,0.2367,0.19741,0.55923,0.86347,0.91241
plantview__langdon_4__13-02-24,143,19271,0.165,0.21068,0.30285,0.27093,0.37912,0.73099,0.8848,1.16395,0.11569,0.14548,0.23376,0.1949,0.59909,0.86877,0.90748
plantview__langdon_4__13-02-24,144,20958,0.14204,0.18141,0.28611,0.25115,0.48521,0.7787,0.88935,1.12542,0.10828,0.13823,0.2357,0.19403,0.68241,0.8799,0.9009
plantview__langdon_4__13-02-24,145,20527,0.0888,0.09587,0.16693,0.15838,0.73235,0.91494,0.94734,1.01472,0.08923,0.0955,0.16376,0.15443,0.73815,0.92673,0.94836
plantview__langdon_4__13-02-24,146,19451,0.08578,0.09018,0.15864,0.14875,0.70223,0.929,0.9454,0.98294,0.08399,0.08949,0.16153,0.15216,0.75533,0.92674,0.94206
plantview__langdon_4__13-02-24,147,18218,0.09401,0.09551,0.1594,0.14919,0.66099,0.92074,0.95268,0.95577,0.08531,0.09051,0.1657,0.15562,0.7071,0.92112,0.9377
plantview__langdon_4__13-02-24,148,16968,0.10885,0.10777,0.17234,0.16261,0.62129,0.88237,0.95521,0.94155,0.08717,0.09326,0.17869,0.16681,0.74546,0.90741,0.92839
plantview__langdon_4__13-02-24,149,15975,0.11395,0.11681,0.19855,0.18553,0.61897,0.83505,0.93446,0.95619,0.10065,0.10947,0.20623,0.19124,0.74335,0.85684,0.8939
plantview__langdon_4__13-02-24,150,15199,0.11359,0.11756,0.20194,0.18753,0.58622,0.85361,0.8996,0.97634,0.10498,0.1126,0.20642,0.19089,0.65794,0.85723,0.8873
plantview__langdon_4__13-02-24,151,15152,0.13129,0.13566,0.22382,0.21064,0.513,0.81785,0.88431,0.9781,0.12282,0.13104,0.22833,0.21406,0.59108,0.81329,0.86134
plantview__langdon_4__13-02-24,152,14225,0.14581,0.14534,0.23693,0.22747,0.45863,0.8258,0.86158,0.9771,0.13641,0.14063,0.24154,0.23061,0.51768,0.82243,0.84998
plantview__langdon_4__13-02-24,153,16527,0.13546,0.13366,0.22555,0.21644,0.499,0.85478,0.90125,0.95672,0.12153,0.1275,0.23348,0.2222,0.55128,0.85805,0.89375
plantview__langdon_4__13-02-24,154,16322,0.12725,0.12742,0.21066,0.19699,0.52641,0.8578,0.92188,0.96566,0.11327,0.11936,0.21618,0.20002,0.62014,0.86215,0.90902
plantview__langdon_4__13-02-24,155,16217,0.10479,0.1091,0.19348,0.17905,0.6122,0.88062,0.93945,0.98786,0.10067,0.10664,0.19561,0.18068,0.65018,0.88037,0.93427
plantview__langdon_4__13-02-24,156,17003,0.10789,0.11166,0.18927,0.17343,0.59272,0.87326,0.94877,0.96121,0.09274,0.10168,0.19497,0.17717,0.73858,0.87202,0.93084
plantview__langdon_4__13-02-24,157,18430,0.10019,0.10352,0.17524,0.16133,0.66446,0.89262,0.95469,0.96691,0.08788,0.0951,0.17922,0.16392,0.74981,0.89262,0.94569
plantview__langdon_4__13-02-24,158,20927,0.10145,0.10139,0.15716,0.14814,0.5858,0.91408,0.97549,0.94778,0.08525,0.09011,0.16071,0.15027,0.72968,0.91193,0.96373
plantview__langdon_4__13-02-24,159,21442,0.0809,0.0844,0.14569,0.13673,0.70301,0.92445,0.97626,0.97129,0.07888,0.08411,0.15026,0.14178,0.80771,0.90738,0.96749
plantview__langdon_4__13-02-24,160,21789,0.08027,0.0879,0.15482,0.14428,0.81261,0.90738,0.96562,0.99559,0.08011,0.08797,0.15572,0.14533,0.81459,0.90463,0.96503
plantview__langdon_4__13-02-24,161,22545,0.13242,0.17025,0.27326,0.23966,0.53857,0.81961,0.88414,1.10686,0.09936,0.12926,0.22936,0.19039,0.77605,0.86498,0.91133
plantview__langdon_4__13-02-24,162,22875,0.14159,0.18191,0.27577,0.24296,0.49338,0.82015,0.89123,1.12785,0.10105,0.13098,0.22498,0.18627,0.71943,0.8755,0.91895
plantview__langdon_4__13-02-24,163,21511,0.15731,0.20827,0.32729,0.26856,0.38585,0.80261,0.87802,1.15961,0.10851,0.14478,0.26837,0.19852,0.6929,0.86426,0.92334
plantview__langdon_4__13-02-24,164,20222,0.17154,0.22335,0.30539,0.27756,0.23336,0.78246,0.86989,1.19673,0.11491,0.14758,0.22792,0.19291,0.62387,0.84972,0.92019
plantview__langdon_4__13-02-24,165,19476,0.18647,0.25416,0.41833,0.30828,0.20456,0.74199,0.8568,1.22861,0.13384,0.17582,0.34812,0.21687,0.53666,0.82907,0.90486
plantview__langdon_4__13-02-24,166,18251,0.19804,0.26506,0.35302,0.32066,0.20837,0.67613,0.84078,1.27988,0.1653,0.20298,0.26267,0.22368,0.32398,0.77415,0.8999
plantview__langdon_4__13-02-24,167,17790,0.23579,0.3146,0.40909,0.40865,0.19297,0.61518,0.7543,1.33463,0.21742,0.26697,0.31666,0.2868,0.20393,0.64755,0.86605
plantview__langdon_4__13-02-24,168,16758,0.23756,0.33339,0.45515,0.45766,0.23959,0.61445,0.76232,1.36289,0.24681,0.31254,0.37962,0.34213,0.1459,0.57441,0.90166
plantview__langdon_4__13-02-24,169,14239,0.24341,0.3308,0.41958,0.41253,0.18182,0.55488,0.7601,1.41866,0.24286,0.29027,0.33578,0.29431,0.15521,0.58396,0.94241
plantview__langdon_4__13-02-24,170,13526,0.24057,0.31653,0.40685,0.39724,0.2232,0.55966,0.74959,1.38412,0.25074,0.28198,0.32621,0.29861,0.1543,0.57083,0.95335
plantview__langdon_4__13-02-24,171,15193,0.25553,0.35583,0.47592,0.5,0.16843,0.56842,0.72606,1.40905,0.25845,0.32391,0.38843,0.36277,0.09669,0.54097,0.89002
plantview__langdon_4__13-02-24,172,17233,0.25165,0.33941,0.43449,0.44395,0.15151,0.59717,0.70765,1.30078,0.20642,0.26145,0.32407,0.30715,0.24447,0.66344,0.86329
plantview__langdon_4__13-02-24,173,17802,0.19982,0.26911,0.35729,0.32602,0.1911,0.7266,0.80407,1.23183,0.14929,0.18921,0.26387,0.22702,0.46871,0.7657,0.90147
plantview__langdon_4__13-02-24,174,19956,0.18401,0.24358,0.32447,0.29378,0.19297,0.76117,0.8407,1.22047,0.12684,0.16254,0.23606,0.19898,0.56174,0.8189,0.9333
plantview__langdon_4__13-02-24,175,21353,0.16816,0.22109,0.30619,0.27492,0.25893,0.78495,0.86292,1.18764,0.1163,0.15054,0.23192,0.19424,0.65054,0.83749,0.9379
plantview__langdon_4__13-02-24,176,23109,0.16443,0.21707,0.33295,0.27592,0.28764,0.79796,0.8662,1.16793,0.10781,0.14416,0.26907,0.19994,0.70457,0.84902,0.92271
plantview__langdon_4__13-02-24,177,22701,0.14688,0.19008,0.28317,0.25028,0.47253,0.81573,0.87291,1.12972,0.09662,0.12814,0.2267,0.1886,0.77675,0.85142,0.91533
plantview__langdon_4__13-02-24,178,24031,0.12527,0.18115,1.08102,0.24059,0.57734,0.82331,0.88706,1.09671,0.09417,0.14263,1.07054,0.19866,0.77933,0.84478,0.91677
plantview__langdon_4__13-02-24,179,23007,0.07449,0.10654,0.6752,0.18109,0.85848,0.90864,0.96784,0.98768,0.07433,0.10698,0.67617,0.18358,0.8633,0.90386,0.96558
plantview__langdon_4__13-02-24,180,22110,0.08562,0.08903,0.14959,0.14093,0.63668,0.91995,0.96676,0.96124,0.08066,0.08675,0.15432,0.14577,0.81918,0.90701,0.96128
plantview__langdon_4__13-02-24,181,20964,0.09366,0.09518,0.1551,0.146,0.62913,0.91462,0.96899,0.95739,0.08286,0.08819,0.15923,0.14926,0.72658,0.90813,0.96103
plantview__langdon_4__13-02-24,182,19313,0.09631,0.10069,0.17604,0.16293,0.66965,0.8966,0.94977,0.96194,0.08292,0.09153,0.18073,0.16644,0.77321,0.89587,0.94434
plantview__langdon_4__13-02-24,183,17863,0.11635,0.1182,0.18873,0.17727,0.5372,0.87018,0.93937,0.94069,0.09236,0.10245,0.19685,0.1827,0.76085,0.87382,0.93501
plantview__langdon_4__13-02-24,184,16437,0.11864,0.12022,0.19492,0.18271,0.54669,0.85441,0.93855,0.94497,0.09887,0.10872,0.20441,0.18929,0.7227,0.8546,0.92991
plantview__langdon_4__13-02-24,185,16061,0.13727,0.1413,0.2568,0.21448,0.48559,0.83432,0.9091,0.93205,0.10874,0.12518,0.26814,0.22294,0.70749,0.85281,0.90312
plantview__langdon_4__13-02-24,186,17327,0.14111,0.13983,0.2305,0.2213,0.49039,0.84481,0.90293,0.93425,0.11752,0.12924,0.24361,0.2311,0.63998,0.853,0.89173
plantview__langdon_4__13-02-24,187,16249,0.15382,0.14991,0.23944,0.23201,0.46347,0.82202,0.87144,0.92094,0.11758,0.13002,0.25247,0.24128,0.66244,0.86424,0.87039
plantview__langdon_4__13-02-24,188,17124,0.14186,0.1422,0.22765,0.21726,0.49451,0.85716,0.88128,0.93459,0.10741,0.12026,0.23674,0.22338,0.69359,0.86866,0.87433
plantview__langdon_4__13-02-24,189,16471,0.12131,0.13548,0.24139,0.21848,0.60974,0.85247,0.86309,0.97738,0.11071,0.1287,0.24591,0.22254,0.67373,0.85289,0.85933
plantview__langdon_4__13-02-24,190,17250,0.10718,0.11549,0.20071,0.18438,0.62788,0.8767,0.91438,0.96098,0.0898,0.10361,0.20751,0.19016,0.7713,0.87461,0.89983
plantview__langdon_4__13-02-24,191,18912,0.09989,0.10998,0.195,0.17765,0.67793,0.87701,0.9246,0.97314,0.09094,0.10412,0.19991,0.18214,0.739,0.87516,0.92074
plantview__langdon_4__13-02-24,192,20866,0.09878,0.10738,0.18428,0.16827,0.65686,0.89203,0.93655,0.96277,0.08713,0.09937,0.18966,0.17328,0.73881,0.88714,0.93391
plantview__langdon_4__13-02-24,193,21942,0.08557,0.09485,0.17188,0.15685,0.69109,0.90397,0.94718,0.96575,0.08074,0.0924,0.17767,0.16309,0.83402,0.89782,0.94549
plantview__langdon_4__13-02-24,194,23900,0.08473,0.09874,0.18512,0.17008,0.80757,0.88879,0.92766,0.98182,0.08367,0.09874,0.18913,0.17483,0.83343,0.88774,0.92347
plantview__langdon_4__13-02-24,195,24436,0.12649,0.16694,0.27579,0.23948,0.59294,0.82198,0.8909,1.08668,0.09538,0.12903,0.23892,0.19868,0.78536,0.84269,0.90698
plantview__langdon_4__13-02-24,196,22824,0.1397,0.18503,0.29102,0.25496,0.55126,0.8116,0.87128,1.10794,0.09887,0.13391,0.24509,0.20471,0.76783,0.84367,0.90681
plantview__langdon_4__13-02-24,197,21860,0.16208,0.21401,0.30979,0.27762,0.39369,0.78445,0.85704,1.15496,0.10929,0.14558,0.24384,0.20545,0.72836,0.83522,0.90361
plantview__langdon_4__13-02-24,198,21270,0.1775,0.2339,0.31994,0.29159,0.20066,0.78275,0.84528,1.19416,0.1163,0.15224,0.23917,0.20364,0.67527,0.83141,0.91434
plantview__langdon_4__13-02-24,199,19773,0.18947,0.24828,0.32418,0.30274,0.14919,0.74501,0.84105,1.2263,0.12299,0.15742,0.23037,0.20121,0.58013,0.83386,0.92652
plantview__langdon_4__13-02-24,200,18504,0.20608,0.27559,0.35539,0.33334,0.14635,0.69482,0.8061,1.24843,0.14231,0.18359,0.25254,0.22087,0.46725,0.79685,0.93034
plantview__langdon_4__13-02-24,201,16745,0.23331,0.31096,0.46683,0.42106,0.1542,0.63965,0.7582,1.23081,0.16581,0.21411,0.38781,0.30967,0.5069,0.73073,0.8645
plantview__langdon_4__13-02-24,202,15530,0.26666,0.36646,0.48793,0.51258,0.1566,0.56188,0.69691,1.36466,0.2569,0.32006,0.39918,0.3826,0.13458,0.59672,0.87019
plantview__langdon_4__13-02-24,203,13880,0.22525,0.29905,0.38238,0.36478,0.23682,0.57298,0.74063,1.33605,0.2091,0.24626,0.27707,0.24336,0.16722,0.60187,0.97082
plantview__langdon_4__13-02-24,204,14209,0.23374,0.30676,0.37967,0.36489,0.20142,0.52586,0.71279,1.36851,0.20718,0.24618,0.27233,0.23164,0.15919,0.62749,0.98459
plantview__langdon_4__13-02-24,205,14466,0.26504,0.35347,0.45831,0.47693,0.14365,0.56049,0.68734,1.32905,0.22792,0.27912,0.357,0.34852,0.18243,0.63127,0.8887
plantview__langdon_4__13-02-24,206,16303,0.25956,0.32537,0.41382,0.42429,0.14022,0.59063,0.7298,1.27041,0.21438,0.23909,0.31921,0.32371,0.36944,0.70177,0.84874
plantview__langdon_4__13-02-24,207,16266,0.23278,0.28753,0.37676,0.37474,0.11662,0.68394,0.77714,1.23915,0.18893,0.20881,0.29738,0.29493,0.48168,0.7603,0.84477
plantview__langdon_4__13-02-24,208,18357,0.191,0.25066,0.34099,0.31786,0.16942,0.76636,0.84355,1.21233,0.13432,0.16999,0.26136,0.23175,0.61263,0.82296,0.8868
plantview__langdon_4__13-02-24,209,18595,0.17932,0.2379,0.33079,0.30051,0.17526,0.8036,0.85001,1.19527,0.11414,0.1519,0.25049,0.21246,0.71707,0.84098,0.90223
plantview__langdon_4__13-02-24,210,20488,0.16002,0.21197,0.31082,0.2782,0.39072,0.8134,0.86104,1.14742,0.10529,0.14197,0.24789,0.20916,0.76528,0.83444,0.89926
plantview__langdon_4__13-02-24,211,21864,0.14811,0.19603,0.30084,0.26323,0.48921,0.82446,0.86457,1.11989,0.09659,0.13292,0.24837,0.20532,0.78705,0.83965,0.89032
plantview__langdon_4__13-02-24,212,23143,0.1234,0.16385,0.27632,0.23718,0.61876,0.84535,0.88809,1.08363,0.09014,0.12381,0.24117,0.19826,0.81182,0.85145,0.89807
plantview__langdon_4__13-02-24,213,23132,0.08342,0.0993,0.18968,0.17094,0.84316,0.88289,0.91838,0.98452,0.08218,0.099,0.19345,0.17527,0.84303,0.88224,0.91756
plantview__langdon_4__13-02-24,214,22511,0.09197,0.10798,0.1988,0.17952,0.73493,0.86855,0.91418,0.98562,0.09054,0.10764,0.20237,0.18348,0.80347,0.8678,0.9112
plantview__langdon_4__13-02-24,215,19746,0.10013,0.11456,0.20235,0.18055,0.69174,0.86656,0.92064,0.9696,0.09196,0.10955,0.20906,0.18728,0.74207,0.86499,0.90601
plantview__langdon_4__13-02-24,216,17797,0.10088,0.11733,0.21279,0.18954,0.72248,0.85486,0.90184,0.97882,0.09419,0.1132,0.21798,0.19463,0.75277,0.85256,0.89184
plantview__langdon_4__13-02-24,217,16136,0.10431,0.12443,0.23158,0.20564,0.70631,0.84011,0.86818,0.99022,0.1004,0.12193,0.23408,0.20802,0.7373,0.84085,0.86459
plantview__langdon_4__13-02-24,218,14658,0.11784,0.13866,0.24747,0.2202,0.64388,0.82058,0.85373,0.97695,0.10852,0.1333,0.25399,0.22646,0.72036,0.82023,0.84377
plantview__langdon_4__13-02-24,219,14236,0.11912,0.13266,0.23692,0.21706,0.61801,0.84055,0.8574,0.99914,0.11872,0.13242,0.23712,0.21723,0.62047,0.84055,0.85726
plantview__langdon_4__13-02-24,220,14820,0.14127,0.14702,0.24329,0.22813,0.50587,0.83543,0.85331,0.94243,0.12023,0.13794,0.25791,0.24089,0.62483,0.83637,0.84238
plantview__langdon_4__13-02-24,221,14329,0.15387,0.15689,0.24784,0.23078,0.46151,0.82532,0.85644,0.90711,0.12627,0.14794,0.27451,0.25486,0.71408,0.82148,0.8279
plantview__langdon_4__13-02-24,222,14356,0.13906,0.1494,0.24352,0.22141,0.52138,0.82836,0.87949,0.93182,0.11701,0.13967,0.2628,0.23909,0.70605,0.82836,0.8322
plantview__langdon_4__13-02-24,223,14776,0.11889,0.13275,0.22604,0.20119,0.61248,0.84062,0.89747,0.93621,0.1057,0.1279,0.24487,0.21977,0.73498,0.83717,0.85131
plantview__langdon_4__13-02-24,224,15400,0.1163,0.12935,0.21779,0.19367,0.6211,0.85136,0.90409,0.94477,0.09678,0.11752,0.23145,0.20643,0.75617,0.84481,0.87695
plantview__langdon_4__13-02-24,225,16821,0.1123,0.12716,0.21768,0.1934,0.65014,0.85453,0.89757,0.95356,0.09938,0.11994,0.22904,0.20451,0.74348,0.84704,0.87759
plantview__langdon_4__13-02-24,226,18524,0.08679,0.09464,0.17316,0.15639,0.71005,0.90742,0.93284,0.95987,0.08156,0.09238,0.18047,0.16391,0.80317,0.90304,0.92782
plantview__langdon_4__13-02-24,227,20503,0.08859,0.10336,0.19617,0.176,0.78208,0.88499,0.90928,0.98069,0.08753,0.10356,0.20068,0.1811,0.82773,0.88387,0.90826
plantview__langdon_4__13-02-24,228,21853,0.08322,0.09763,0.18553,0.16819,0.83412,0.8926,0.92404,0.9931,0.08297,0.09776,0.1872,0.17013,0.82876,0.8926,0.92344
plantview__langdon_4__13-02-24,229,22299,0.12873,0.16804,0.28219,0.24066,0.58321,0.83358,0.87928,1.09106,0.09299,0.12563,0.24461,0.1973,0.81062,0.84995,0.8978
plantview__langdon_4__13-02-24,230,21148,0.14029,0.18289,0.27887,0.24508,0.5191,0.82774,0.8858,1.11545,0.09207,0.12414,0.22797,0.18955,0.79681,0.85398,0.90671
plantview__langdon_4__13-02-24,231,20399,0.16799,0.22215,0.31701,0.28376,0.34928,0.78175,0.8521,1.15481,0.1081,0.14604,0.24793,0.20832,0.74749,0.82872,0.89196
plantview__langdon_4__13-02-24,232,18888,0.18753,0.24731,0.33158,0.30315,0.16444,0.74142,0.83842,1.19083,0.11517,0.15327,0.2447,0.20913,0.67392,0.81899,0.90534
plantview__langdon_4__13-02-24,233,18643,0.19061,0.2513,0.33356,0.30761,0.18822,0.72553,0.84343,1.21192,0.1279,0.16627,0.24544,0.2111,0.57491,0.81666,0.91005
plantview__langdon_4__13-02-24,234,17696,0.20368,0.26671,0.34313,0.32508,0.16608,0.68332,0.8312,1.22742,0.14132,0.17829,0.24893,0.2239,0.51498,0.80069,0.90896
plantview__langdon_4__13-02-24,235,16044,0.22218,0.2909,0.37426,0.37643,0.17489,0.6236,0.78646,1.24603,0.16488,0.2054,0.27729,0.26693,0.40613,0.76477,0.90252
plantview__langdon_4__13-02-24,236,15143,0.24331,0.3311,0.4348,0.44989,0.17407,0.57941,0.72581,1.34263,0.21445,0.27381,0.33812,0.31878,0.14872,0.67047,0.92657
plantview__langdon_4__13-02-24,237,12633,0.21639,0.28869,0.37212,0.35301,0.24468,0.58569,0.7592,1.32263,0.19982,0.24109,0.27663,0.24112,0.16338,0.65954,0.98346
plantview__langdon_4__13-02-24,238,12750,0.24023,0.31862,0.43302,0.44564,0.25098,0.56957,0.73773,1.3615,0.26265,0.30538,0.36891,0.3491,0.17067,0.56306,0.91208
plantview__langdon_4__13-02-24,239,14469,0.2326,0.31857,0.42134,0.42451,0.23264,0.57226,0.73281,1.3349,0.21555,0.27115,0.33044,0.30413,0.19089,0.62769,0.92999
plantview__langdon_4__13-02-24,240,15912,0.2265,0.30457,0.396,0.38964,0.20173,0.61092,0.7544,1.2655,0.1783,0.22765,0.29571,0.27225,0.32322,0.7204,0.90517
plantview__langdon_4__13-02-24,241,17038,0.208,0.27643,0.35943,0.33774,0.19251,0.66557,0.78495,1.23126,0.15083,0.19273,0.26217,0.23282,0.46619,0.76805,0.92528
plantview__langdon_4__13-02-24,242,18904,0.19344,0.25386,0.33565,0.31347,0.19636,0.70736,0.83141,1.21207,0.13212,0.17006,0.24723,0.21764,0.57036,0.81067,0.91129
plantview__langdon_4__13-02-24,243,18804,0.18259,0.23819,0.3175,0.28974,0.21676,0.74154,0.8487,1.18498,0.11445,0.1498,0.23268,0.19944,0.68198,0.8235,0.91076
plantview__langdon_4__13-02-24,244,20200,0.16694,0.21809,0.30456,0.27279,0.3549,0.78198,0.86946,1.15127,0.10569,0.1408,0.23454,0.19813,0.74337,0.83094,0.91193
plantview__langdon_4__13-02-24,245,21397,0.14793,0.1901,0.27709,0.24618,0.46614,0.80385,0.89742,1.1188,0.09683,0.12809,0.22146,0.18611,0.76385,0.8461,0.91092
plantview__langdon_4__13-02-24,246,22681,0.13578,0.17551,0.2721,0.23586,0.51413,0.81588,0.89388,1.09937,0.09707,0.12891,0.22667,0.18639,0.77721,0.84145,0.91367
plantview__langdon_4__13-02-24,247,21516,0.085,0.09741,0.17689,0.16274,0.8159,0.88799,0.93921,0.98436,0.08434,0.09765,0.18095,0.16722,0.81841,0.88553,0.93633
plantview__langdon_4__13-02-24,248,20926,0.09415,0.11114,0.19873,0.17353,0.68599,0.86725,0.92918,0.97011,0.09314,0.11235,0.20725,0.18254,0.78806,0.86385,0.92192
plantview__langdon_4__13-02-24,249,18988,0.09332,0.10386,0.17706,0.15752,0.66368,0.87597,0.9546,0.9574,0.08933,0.10347,0.18815,0.16832,0.76106,0.8715,0.93965
plantview__langdon_4__13-02-24,250,16674,0.10537,0.11871,0.20482,0.18308,0.67098,0.84737,0.92905,0.97415,0.10142,0.11782,0.21205,0.1896,0.67015,0.84455,0.92095
plantview__langdon_4__13-02-24,251,15781,0.11507,0.13678,0.26881,0.2019,0.65946,0.82669,0.9199,0.96808,0.10807,0.13438,0.27769,0.2107,0.67436,0.82618,0.90767
plantview__langdon_4__13-02-24,252,14949,0.13069,0.15605,0.29511,0.22236,0.58024,0.79557,0.91123,0.96078,0.12355,0.1555,0.30745,0.23495,0.6272,0.79383,0.88708
plantview__langdon_4__13-02-24,253,13740,0.1439,0.17027,0.31761,0.24064,0.49956,0.77911,0.91295,0.94527,0.13175,0.16879,0.33469,0.25669,0.61856,0.79127,0.86696
plantview__langdon_4__13-02-24,254,13811,0.1564,0.16069,0.2445,0.22288,0.39823,0.78322,0.93288,0.90801,0.12967,0.15387,0.27372,0.24657,0.6568,0.80878,0.82384
plantview__langdon_4__13-02-24,255,15116,0.15735,0.17881,0.28132,0.25189,0.43186,0.75662,0.86769,0.94568,0.14936,0.18225,0.3027,0.2719,0.57178,0.75946,0.83739
plantview__langdon_4__13-02-24,256,14641,0.13628,0.15724,0.25684,0.2227,0.54279,0.77911,0.91927,0.96012,0.13133,0.15975,0.27258,0.23648,0.61225,0.78164,0.87392
plantview__langdon_4__13-02-24,257,16052,0.10936,0.1278,0.22102,0.18916,0.65088,0.82033,0.94836,0.97757,0.10649,0.12823,0.22899,0.19602,0.68895,0.82121,0.93845
plantview__langdon_4__13-02-24,258,17483,0.1073,0.12255,0.20856,0.18043,0.6313,0.84156,0.94252,0.95825,0.10327,0.1237,0.22231,0.19271,0.69273,0.83595,0.92844
plantview__langdon_4__13-02-24,259,18168,0.10082,0.11433,0.19812,0.17386,0.67223,0.85777,0.94474,0.9674,0.09706,0.1142,0.20769,0.18259,0.69419,0.85095,0.93423
plantview__langdon_4__13-02-24,260,20016,0.09331,0.10434,0.1804,0.16097,0.66292,0.8753,0.95648,0.96477,0.09199,0.10595,0.18984,0.17016,0.71388,0.8725,0.94719
plantview__langdon_4__13-02-24,261,21196,0.09298,0.11126,0.23935,0.17581,0.694,0.87097,0.94296,0.9726,0.09213,0.1124,0.24567,0.18333,0.78609,0.86936,0.93546
plantview__langdon_4__13-02-24,262,21765,0.08308,0.09826,0.18253,0.1643,0.82058,0.88238,0.94583,1.00308,0.08319,0.0982,0.18169,0.16337,0.81971,0.88243,0.94698
plantview__langdon_4__13-02-24,263,22460,0.13363,0.17424,0.27443,0.23687,0.51037,0.80806,0.87778,1.10032,0.0987,0.13173,0.22919,0.18775,0.78005,0.83366,0.9179
plantview__langdon_4__13-02-24,264,20914,0.15185,0.19493,0.28238,0.24993,0.42221,0.80444,0.86172,1.13538,0.09787,0.12948,0.2207,0.18296,0.76532,0.83542,0.92766
plantview__langdon_4__13-02-24,265,19233,0.16447,0.21256,0.29327,0.26349,0.32527,0.78168,0.8591,1.15802,0.10228,0.13471,0.21965,0.18502,0.734,0.82707,0.93724
plantview__langdon_4__13-02-24,266,18193,0.17803,0.2334,0.31406,0.28316,0.2512,0.75007,0.83285,1.18537,0.11705,0.15257,0.23046,0.19449,0.63239,0.8058,0.94003
plantview__langdon_4__13-02-24,267,17970,0.18466,0.24368,0.32326,0.29684,0.22493,0.73055,0.81853,1.21237,0.13019,0.16784,0.23443,0.20098,0.53178,0.80217,0.95392
plantview__langdon_4__13-02-24,268,16709,0.19379,0.25918,0.34171,0.31596,0.26686,0.68981,0.80406,1.21447,0.14173,0.18416,0.25121,0.2168,0.44844,0.78018,0.93907
plantview__langdon_4__13-02-24,269,14958,0.21459,0.29147,0.38857,0.37454,0.26708,0.63545,0.74502,1.25476,0.18696,0.23709,0.296,0.26639,0.2971,0.67181,0.91596
plantview__langdon_4__13-02-24,270,13665,0.24101,0.33337,0.45099,0.46299,0.29565,0.56019,0.70626,1.34861,0.25319,0.31512,0.37307,0.34335,0.14621,0.52514,0.8903
plantview__langdon_4__13-02-24,271,13088,0.28211,0.37981,0.49015,0.49842,0.22677,0.4699,0.65113,1.43348,0.29288,0.33952,0.39722,0.36562,0.12974,0.43001,0.88845
plantview__langdon_4__13-02-24,272,13206,0.28534,0.40023,0.52782,0.54373,0.25655,0.47713,0.65039,1.42442,0.30414,0.37408,0.43789,0.3968,0.12858,0.37089,0.85166
plantview__langdon_4__13-02-24,273,14703,0.27704,0.3731,0.49573,0.51487,0.23526,0.52003,0.66946,1.3694,0.29641,0.35198,0.41151,0.38858,0.13337,0.46657,0.82147
plantview__langdon_4__13-02-24,274,14913,0.23088,0.32003,0.42989,0.40649,0.22216,0.61155,0.73761,1.27098,0.20223,0.25987,0.33541,0.29277,0.30222,0.63294,0.83692
plantview__langdon_4__13-02-24,275,16028,0.19732,0.2692,0.37164,0.34912,0.27833,0.69385,0.80777,1.21609,0.1561,0.20344,0.29116,0.25671,0.46737,0.77159,0.86492
plantview__langdon_4__13-02-24,276,17105,0.18892,0.25362,0.34465,0.31682,0.25221,0.70728,0.8214,1.20884,0.14085,0.18308,0.26156,0.22466,0.51067,0.7941,0.89921
plantview__langdon_4__13-02-24,277,17250,0.17872,0.23444,0.31974,0.29227,0.25386,0.74145,0.82632,1.18521,0.12295,0.15821,0.23925,0.20608,0.59751,0.8113,0.93148
plantview__langdon_4__13-02-24,278,18498,0.16583,0.21576,0.29925,0.26783,0.30711,0.76711,0.84815,1.16758,0.1077,0.141,0.22372,0.18715,0.66791,0.83496,0.94043
plantview__langdon_4__13-02-24,279,20090,0.14893,0.19218,0.28095,0.24891,0.45774,0.79373,0.85157,1.13457,0.10151,0.13307,0.22101,0.18418,0.71667,0.83892,0.93365
plantview__langdon_4__13-02-24,280,21071,0.13824,0.17584,0.26951,0.23783,0.50036,0.81168,0.85406,1.11072,0.09896,0.12825,0.22065,0.18473,0.74923,0.845,0.92986
plantview__langdon_4__13-02-24,281,21437,0.08443,0.09892,0.18365,0.16745,0.82232,0.88888,0.93959,1.0074,0.08431,0.09843,0.18167,0.16518,0.8114,0.8914,0.94426
plantview__langdon_4__13-02-24,282,21303,0.09679,0.11684,0.21322,0.18669,0.72445,0.86307,0.9217,0.98358,0.09761,0.11875,0.21831,0.19225,0.77388,0.85814,0.9117
plantview__langdon_4__13-02-24,283,19896,0.0964,0.11664,0.22623,0.18842,0.70512,0.85786,0.92516,0.99214,0.09681,0.11763,0.22853,0.19091,0.72356,0.85731,0.92064
plantview__langdon_4__13-02-24,284,18309,0.09477,0.11067,0.20575,0.17831,0.70867,0.86329,0.92769,0.98558,0.09306,0.11045,0.20966,0.18185,0.71976,0.86275,0.92474
plantview__langdon_4__13-02-24,285,16773,0.10811,0.12266,0.21262,0.18341,0.65474,0.83849,0.94068,0.95744,0.09769,0.11827,0.22476,0.19337,0.74751,0.84964,0.91349
plantview__langdon_4__13-02-24,286,15474,0.11366,0.12698,0.2203,0.19313,0.65949,0.81925,0.93182,0.95982,0.10613,0.12534,0.23273,0.20352,0.72438,0.8281,0.90759
plantview__langdon_4__13-02-24,287,14947,0.13372,0.14743,0.24148,0.20847,0.54359,0.80732,0.92674,0.94689,0.11814,0.14202,0.25799,0.22078,0.6608,0.82157,0.87743
plantview__langdon_4__13-02-24,288,14698,0.13779,0.16355,0.54073,0.23902,0.49469,0.8344,0.91931,0.94463,0.12269,0.15982,0.55007,0.25056,0.60484,0.84141,0.8742
plantview__langdon_4__13-02-24,289,17509,0.15499,0.16583,0.2663,0.23407,0.44257,0.81501,0.85093,0.92751,0.13279,0.15904,0.28805,0.25085,0.5825,0.82101,0.82757
plantview__langdon_4__13-02-24,290,16780,0.13212,0.14713,0.247,0.21437,0.50358,0.8348,0.86317,0.95153,0.11859,0.14221,0.26141,0.2266,0.6683,0.8292,0.84714
plantview__langdon_4__13-02-24,291,17208,0.12682,0.14317,0.23755,0.20551,0.54172,0.83438,0.88436,0.94181,0.11218,0.13777,0.25558,0.2222,0.71566,0.82613,0.85309
plantview__langdon_4__13-02-24,292,17363,0.12552,0.14725,0.24608,0.21091,0.58786,0.82572,0.86034,0.94747,0.11012,0.1396,0.26204,0.22587,0.74019,0.82319,0.83816
plantview__langdon_4__13-02-24,293,18489,0.11265,0.13332,0.23225,0.19978,0.69961,0.84737,0.8716,0.96793,0.10282,0.12768,0.24122,0.20846,0.72443,0.8445,0.85948
plantview__langdon_4__13-02-24,294,19479,0.10306,0.12256,0.2207,0.19376,0.66774,0.85533,0.87946,0.98726,0.10123,0.12192,0.22417,0.1974,0.67888,0.85348,0.87777
plantview__langdon_4__13-02-24,295,20705,0.09678,0.11349,0.2044,0.18213,0.69983,0.87394,0.90085,0.99033,0.09624,0.11364,0.20692,0.18491,0.72784,0.87249,0.90017
plantview__langdon_4__13-02-24,296,22231,0.09116,0.10912,0.20428,0.18485,0.78984,0.88206,0.89915,1.01904,0.09048,0.10745,0.19913,0.17884,0.77635,0.88341,0.9
plantview__langdon_4__13-02-24,297,22022,0.14369,0.18746,0.29289,0.25563,0.47839,0.81714,0.85869,1.11145,0.10618,0.14108,0.24494,0.20233,0.75706,0.83653,0.88407
plantview__langdon_4__13-02-24,298,20681,0.15155,0.19642,0.29111,0.25881,0.45066,0.80359,0.86268,1.13884,0.10794,0.14054,0.2323,0.19451,0.71699,0.8369,0.89778
plantview__langdon_4__13-02-24,299,19770,0.17321,0.23089,0.32961,0.29195,0.36743,0.75933,0.83328,1.16277,0.12289,0.16314,0.2589,0.21539,0.66146,0.81057,0.86464
plantview__langdon_4__13-02-24,300,19461,0.17705,0.23675,0.33515,0.30138,0.29171,0.75957,0.84261,1.18508,0.13043,0.1707,0.26233,0.22118,0.58198,0.81825,0.87041
plantview__langdon_4__13-02-24,301,17895,0.20047,0.2719,0.37519,0.34249,0.2442,0.69092,0.80587,1.22563,0.15715,0.20461,0.29078,0.24734,0.46292,0.78664,0.84549
plantview__langdon_4__13-02-24,302,16587,0.21609,0.30074,0.41557,0.37684,0.24013,0.64725,0.78302,1.24774,0.18559,0.24125,0.32956,0.27919,0.38994,0.71417,0.81781
plantview__langdon_4__13-02-24,303,16309,0.24871,0.34561,0.46054,0.43567,0.22215,0.59145,0.70305,1.34745,0.25275,0.31528,0.3673,0.315,0.12061,0.55497,0.82844
plantview__langdon_4__13-02-24,304,15652,0.30134,0.42382,0.53323,0.5444,0.16982,0.43982,0.60829,1.43635,0.28522,0.36342,0.4089,0.36426,0.08612,0.39516,0.85063
plantview__langdon_4__13-02-24,305,12727,0.31076,0.44498,0.56175,0.57417,0.21647,0.41078,0.564,1.50903,0.3013,0.37816,0.43368,0.38038,0.12517,0.32419,0.87177
plantview__langdon_4__13-02-24,306,12605,0.32158,0.4521,0.55492,0.5652,0.13923,0.35589,0.5835,1.51731,0.29128,0.36453,0.42614,0.37171,0.11488,0.39937,0.86593
plantview__langdon_4__13-02-24,307,14706,0.31344,0.43846,0.54184,0.55765,0.16055,0.42248,0.56977,1.44782,0.28623,0.36313,0.40546,0.36348,0.07439,0.40786,0.84156
plantview__langdon_4__13-02-24,308,15986,0.25538,0.36112,0.47339,0.45012,0.20656,0.59446,0.67509,1.38322,0.25501,0.32818,0.36549,0.30425,0.05492,0.48768,0.89197
plantview__langdon_4__13-02-24,309,16808,0.22141,0.31681,0.43683,0.39401,0.25071,0.66046,0.7331,1.27194,0.20408,0.27225,0.34332,0.28263,0.25,0.65029,0.84495
plantview__langdon_4__13-02-24,310,18025,0.20801,0.29797,0.42437,0.37409,0.2623,0.70047,0.7727,1.21878,0.16465,0.22948,0.33823,0.27504,0.46286,0.74646,0.83423
plantview__langdon_4__13-02-24,311,20127,0.18893,0.2617,0.37629,0.33213,0.28171,0.74144,0.80226,1.18862,0.1394,0.19144,0.29936,0.24526,0.55617,0.79609,0.8657
plantview__langdon_4__13-02-24,312,20373,0.19058,0.26241,0.3768,0.33116,0.30128,0.75261,0.8067,1.1735,0.1309,0.18299,0.30032,0.24553,0.6542,0.79679,0.83444
plantview__langdon_4__13-02-24,313,21803,0.1657,0.22566,0.34553,0.3015,0.43531,0.78586,0.82484,1.13996,0.12292,0.16976,0.28643,0.23466,0.6838,0.81356,0.84181
plantview__langdon_4__13-02-24,314,22926,0.14912,0.20162,0.32503,0.28156,0.49437,0.79682,0.83495,1.11579,0.11722,0.16047,0.27704,0.227,0.71801,0.82339,0.84528
plantview__langdon_4__13-02-24,315,22777,0.1056,0.135,0.25647,0.22725,0.76972,0.84506,0.8682,1.02177,0.10532,0.13332,0.25001,0.21953,0.76086,0.84959,0.86939
plantview__langdon_4__13-02-24,316,21937,0.10593,0.13022,0.24337,0.2158,0.71755,0.8555,0.87751,1.00507,0.10608,0.13,0.24199,0.2142,0.69864,0.85677,0.8776
plantview__langdon_4__13-02-24,317,20057,0.10286,0.12429,0.23351,0.2066,0.70644,0.85531,0.8778,0.99036,0.10186,0.12412,0.23607,0.20944,0.7195,0.85417,0.8772
plantview__langdon_4__13-02-24,318,18760,0.12063,0.14531,0.25722,0.22466,0.64995,0.83593,0.84797,0.97285,0.11371,0.14197,0.26481,0.23245,0.69472,0.83236,0.84771
plantview__langdon_4__13-02-24,319,17159,0.12651,0.15254,0.26867,0.23532,0.64141,0.81502,0.82924,0.9686,0.11859,0.14932,0.27857,0.24523,0.72458,0.81415,0.82662
plantview__langdon_4__13-02-24,320,17205,0.13398,0.16528,0.28994,0.25117,0.6079,0.80203,0.80703,0.98093,0.12904,0.16359,0.29614,0.25726,0.65446,0.80203,0.80593
plantview__langdon_4__13-02-24,321,16537,0.15209,0.18173,0.29964,0.26192,0.50215,0.77481,0.78962,0.9716,0.14435,0.17951,0.30926,0.27093,0.59636,0.77747,0.78485
plantview__langdon_4__13-02-24,322,17369,0.15118,0.18821,0.32995,0.28604,0.56871,0.77897,0.78554,0.99386,0.15007,0.1883,0.33209,0.28814,0.57701,0.78203,0.78554
plantview__langdon_4__13-02-24,323,18829,0.16287,0.19709,0.33373,0.29649,0.53561,0.76796,0.77837,0.96242,0.15088,0.19307,0.34625,0.30953,0.59807,0.77742,0.77837
plantview__langdon_4__13-02-24,324,17500,0.14737,0.17771,0.30707,0.27202,0.57137,0.79469,0.80206,0.96759,0.13702,0.17353,0.31722,0.28242,0.65651,0.79491,0.79537
plantview__langdon_4__13-02-24,325,18161,0.14113,0.17656,0.30744,0.26908,0.61351,0.78993,0.80618,0.97343,0.13426,0.17417,0.31637,0.27858,0.66692,0.78531,0.80133
plantview__langdon_4__13-02-24,326,18325,0.13493,0.16851,0.29636,0.26062,0.63045,0.791,0.81866,0.98269,0.13104,0.1672,0.30191,0.26658,0.67738,0.79072,0.81479
plantview__langdon_4__13-02-24,327,19481,0.12093,0.15024,0.28724,0.24246,0.682,0.81921,0.85535,0.98699,0.11867,0.14955,0.29086,0.24661,0.72537,0.81793,0.85278
plantview__langdon_4__13-02-24,328,20779,0.11162,0.1366,0.2553,0.22927,0.701,0.83377,0.87304,0.99329,0.11122,0.13679,0.25717,0.23144,0.71158,0.83305,0.87083
plantview__langdon_4__13-02-24,329,22942,0.11491,0.14439,0.26772,0.24163,0.7383,0.82739,0.86958,1.0063,0.11481,0.14381,0.26583,0.23935,0.72335,0.82822,0.87072
plantview__langdon_4__13-02-24,330,22612,0.11436,0.14665,0.2733,0.24678,0.75991,0.82496,0.86547,1.01706,0.11422,0.14528,0.26816,0.24048,0.75057,0.82744,0.86843
plantview__langdon_4__13-02-24,331,23231,0.15484,0.21157,0.34397,0.30041,0.50747,0.78417,0.8279,1.11272,0.1246,0.17153,0.29828,0.24772,0.71654,0.80539,0.85713
plantview__langdon_4__13-02-24,332,22766,0.16723,0.22914,0.35549,0.31176,0.4396,0.78301,0.82281,1.13912,0.12913,0.17826,0.30143,0.24881,0.67201,0.8066,0.86427
plantview__langdon_4__13-02-24,333,21918,0.19083,0.26683,0.54223,0.34447,0.30445,0.74272,0.79994,1.17364,0.14146,0.19902,0.49389,0.26334,0.59134,0.77918,0.86062
plantview__langdon_4__13-02-24,334,20093,0.21514,0.30539,0.45278,0.38061,0.23924,0.69099,0.75419,1.2173,0.16278,0.22909,0.36966,0.27753,0.46529,0.72772,0.84184
plantview__langdon_4__13-02-24,335,18445,0.2243,0.31399,0.43055,0.39429,0.22223,0.66321,0.75625,1.28407,0.19888,0.26213,0.33382,0.27641,0.26143,0.67455,0.84473
plantview__langdon_4__13-02-24,336,16823,0.23974,0.333,0.44236,0.4174,0.20977,0.62736,0.729,1.37253,0.2457,0.30938,0.34809,0.28879,0.0768,0.53546,0.87119
plantview__langdon_4__13-02-24,337,15481,0.24989,0.34942,0.46945,0.44252,0.2339,0.59873,0.6902,1.4011,0.26859,0.33693,0.38047,0.30841,0.07583,0.43828,0.90769
plantview__langdon_4__13-02-24,338,14917,0.30758,0.42067,0.52594,0.55723,0.17738,0.48287,0.57961,1.44174,0.29949,0.37009,0.41012,0.3748,0.06684,0.33673,0.82564
plantview__langdon_4__13-02-24,339,13149,0.31739,0.44452,0.55629,0.57287,0.15591,0.41265,0.57267,1.51368,0.32004,0.39259,0.44823,0.39106,0.10115,0.32459,0.81154
plantview__langdon_4__20-02-24,0,13377,0.33986,0.44501,0.54179,0.5348,0.18053,0.33468,0.51985,1.58065,0.44439,0.4396,0.4977,0.43701,0.13082,0.29468,0.65418
plantview__langdon_4__20-02-24,1,15078,0.30027,0.40944,0.64391,0.49295,0.1989,0.44038,0.55651,1.53497,0.37786,0.41731,0.59783,0.38028,0.06738,0.24612,0.744
plantview__langdon_4__20-02-24,2,16710,0.22558,0.29233,0.38928,0.37474,0.33459,0.61173,0.662,1.40782,0.30633,0.34294,0.36069,0.30365,0.03645,0.32394,0.90628
plantview__langdon_4__20-02-24,3,17693,0.18422,0.24898,0.39927,0.3263,0.41875,0.69785,0.74334,1.28415,0.24779,0.29241,0.36244,0.27204,0.05539,0.52931,0.96349
plantview__langdon_4__20-02-24,4,19993,0.15785,0.20459,0.30328,0.27601,0.49412,0.73136,0.81669,1.17527,0.17498,0.20511,0.25687,0.22453,0.2992,0.68894,0.94288
plantview__langdon_4__20-02-24,5,21046,0.13888,0.18215,0.29912,0.25933,0.58301,0.76813,0.85047,1.12197,0.14394,0.17509,0.26073,0.21729,0.51673,0.75611,0.92597
plantview__langdon_4__20-02-24,6,23210,0.1317,0.17609,0.29382,0.2557,0.62594,0.77243,0.84304,1.09924,0.13517,0.17014,0.26002,0.2197,0.57734,0.7729,0.89763
plantview__langdon_4__20-02-24,7,24275,0.11855,0.15922,0.28394,0.24396,0.70521,0.78851,0.86122,1.06527,0.12796,0.16318,0.26223,0.22107,0.67003,0.78739,0.91127
plantview__langdon_4__20-02-24,8,24894,0.10961,0.15537,0.32797,0.23943,0.75368,0.80156,0.88833,1.03301,0.11399,0.15722,0.31826,0.22765,0.75508,0.8018,0.90427
plantview__langdon_4__20-02-24,9,25580,0.11708,0.13019,0.20299,0.18103,0.52596,0.8622,0.95711,0.94062,0.08932,0.10818,0.21052,0.18874,0.83198,0.86251,0.92897
plantview__langdon_4__20-02-24,10,25524,0.13662,0.14798,0.21397,0.19175,0.45475,0.85657,0.95651,0.9164,0.09523,0.11643,0.22515,0.20215,0.79361,0.85316,0.90452
plantview__langdon_4__20-02-24,11,23689,0.14341,0.15548,0.22625,0.20089,0.42737,0.82456,0.94858,0.91238,0.1001,0.12393,0.2407,0.21365,0.75026,0.84174,0.88839
plantview__langdon_4__20-02-24,12,20087,0.19645,0.20679,0.26645,0.23846,0.13242,0.74899,0.92373,0.87458,0.12348,0.16205,0.29819,0.2605,0.73266,0.79031,0.79663
plantview__langdon_4__20-02-24,13,19220,0.18962,0.20005,0.27073,0.24144,0.18512,0.75645,0.9103,0.88678,0.12915,0.16687,0.30233,0.26373,0.69579,0.78965,0.79912
plantview__langdon_4__20-02-24,14,19359,0.21508,0.22487,0.31286,0.27002,0.14154,0.63986,0.88548,0.86581,0.14722,0.1931,0.35228,0.29911,0.62023,0.76993,0.78052
plantview__langdon_4__20-02-24,15,19259,0.21136,0.21407,0.28962,0.26223,0.17462,0.62594,0.89029,0.87719,0.14541,0.18131,0.32071,0.27976,0.55237,0.79293,0.81011
plantview__langdon_4__20-02-24,16,20355,0.18044,0.18403,0.25275,0.22725,0.22712,0.75854,0.92955,0.87925,0.11723,0.14843,0.28114,0.24345,0.68366,0.82609,0.84402
plantview__langdon_4__20-02-24,17,20085,0.17105,0.17041,0.22525,0.20649,0.22325,0.80329,0.96694,0.88308,0.10099,0.12421,0.24362,0.212,0.74628,0.84954,0.87862
plantview__langdon_4__20-02-24,18,20739,0.15207,0.15603,0.2119,0.19173,0.30691,0.84493,0.96885,0.90266,0.0935,0.11482,0.22684,0.19809,0.77733,0.85192,0.89802
plantview__langdon_4__20-02-24,19,21216,0.14926,0.15777,0.22056,0.19847,0.41026,0.815,0.96767,0.90806,0.09758,0.12047,0.23564,0.20903,0.77192,0.84422,0.87858
plantview__langdon_4__20-02-24,20,22493,0.12906,0.13512,0.1947,0.17762,0.54515,0.85382,0.97733,0.9184,0.08565,0.10191,0.20392,0.1844,0.76655,0.87129,0.92322
plantview__langdon_4__20-02-24,21,24063,0.12461,0.13102,0.18845,0.17354,0.5156,0.87462,0.9761,0.91944,0.08531,0.10016,0.19588,0.1805,0.80767,0.87425,0.94145
plantview__langdon_4__20-02-24,22,25053,0.10571,0.11286,0.17462,0.16062,0.59869,0.88704,0.97952,0.93614,0.07812,0.09055,0.17988,0.16648,0.8579,0.88704,0.95031
plantview__langdon_4__20-02-24,23,25419,0.09423,0.12372,0.23739,0.20401,0.78536,0.84228,0.91502,1.04417,0.09851,0.12502,0.22401,0.18939,0.76789,0.84323,0.952
plantview__langdon_4__20-02-24,24,23551,0.09832,0.12264,0.21709,0.19569,0.71322,0.84833,0.91236,1.06689,0.10172,0.12132,0.19698,0.17421,0.72506,0.84476,0.96832
plantview__langdon_4__20-02-24,25,22381,0.12092,0.15512,0.25831,0.2295,0.60377,0.81172,0.85934,1.10624,0.12551,0.1499,0.22673,0.1962,0.57973,0.81127,0.95487
plantview__langdon_4__20-02-24,26,21243,0.13326,0.1692,0.27081,0.24622,0.57511,0.79626,0.82437,1.13072,0.1524,0.17635,0.23883,0.21158,0.45121,0.73332,0.95424
plantview__langdon_4__20-02-24,27,19356,0.14466,0.17958,0.27314,0.25653,0.53813,0.78105,0.80259,1.12713,0.15489,0.17682,0.24017,0.22046,0.50573,0.71327,0.95428
plantview__langdon_4__20-02-24,28,18828,0.17885,0.24974,1.20367,0.32479,0.46303,0.71872,0.74506,1.25743,0.25673,0.30824,1.19434,0.28782,0.06087,0.50542,0.96532
plantview__langdon_4__20-02-24,29,17367,0.21826,0.27694,0.38243,0.36516,0.35153,0.62031,0.69459,1.378,0.34316,0.36911,0.38383,0.33179,0.01716,0.21811,0.86647
plantview__langdon_4__20-02-24,30,16333,0.29327,0.37538,0.56175,0.47619,0.25035,0.4644,0.58581,1.46896,0.41401,0.43034,0.54316,0.40256,0.05584,0.16978,0.71101
plantview__langdon_4__20-02-24,31,13636,0.33407,0.43749,0.54094,0.53443,0.19199,0.3636,0.52361,1.59117,0.46709,0.4596,0.52421,0.45339,0.16097,0.2863,0.59908
plantview__langdon_4__20-02-24,32,13319,0.36146,0.47008,0.57401,0.55283,0.13154,0.27682,0.49733,1.60637,0.48781,0.46742,0.54888,0.47097,0.14025,0.30678,0.59209
plantview__langdon_4__20-02-24,33,14728,0.31006,0.40633,0.50823,0.49514,0.19324,0.4156,0.57516,1.51972,0.43334,0.45613,0.4932,0.41554,0.05262,0.19453,0.70349
plantview__langdon_4__20-02-24,34,16807,0.227,0.29667,0.52468,0.38498,0.33212,0.58517,0.69191,1.36746,0.34283,0.37633,0.51578,0.34347,0.05438,0.23062,0.84304
plantview__langdon_4__20-02-24,35,18190,0.17897,0.22642,0.3336,0.31411,0.44277,0.70852,0.76146,1.24272,0.25762,0.28576,0.31238,0.27818,0.08741,0.48532,0.94475
plantview__langdon_4__20-02-24,36,19465,0.15106,0.18808,0.2879,0.26863,0.52484,0.74719,0.81623,1.15244,0.18634,0.20965,0.25935,0.23546,0.27953,0.65569,0.93506
plantview__langdon_4__20-02-24,37,21418,0.13176,0.16592,0.27051,0.24519,0.61462,0.78131,0.8392,1.12454,0.16208,0.1857,0.24649,0.21823,0.38449,0.72122,0.9521
plantview__langdon_4__20-02-24,38,22300,0.10947,0.13933,0.26008,0.21724,0.69274,0.82857,0.87587,1.09109,0.12438,0.14644,0.23994,0.19495,0.59094,0.82305,0.96013
plantview__langdon_4__20-02-24,39,23876,0.0966,0.12225,0.22738,0.20209,0.75917,0.84482,0.89969,1.06191,0.10681,0.12795,0.21149,0.18495,0.69266,0.84235,0.94924
plantview__langdon_4__20-02-24,40,24581,0.08864,0.11364,0.22137,0.19266,0.80041,0.8544,0.92083,1.03258,0.09387,0.11673,0.21238,0.18295,0.78911,0.85468,0.94874
plantview__langdon_4__20-02-24,41,25741,0.10747,0.11392,0.17182,0.1592,0.55884,0.89406,0.97444,0.93965,0.07795,0.08979,0.17544,0.16288,0.85894,0.89363,0.9394
plantview__langdon_4__20-02-24,42,25392,0.12933,0.13682,0.19976,0.18333,0.50221,0.88158,0.96259,0.91719,0.08518,0.10149,0.2064,0.18988,0.82904,0.88091,0.9054
plantview__langdon_4__20-02-24,43,23551,0.13983,0.14721,0.2189,0.19251,0.45616,0.85436,0.9704,0.90653,0.08908,0.10817,0.22811,0.19999,0.7809,0.87232,0.88744
plantview__langdon_4__20-02-24,44,22413,0.16206,0.16809,0.22721,0.20767,0.28912,0.80337,0.96453,0.89852,0.09744,0.11988,0.23927,0.21463,0.76777,0.8504,0.87141
plantview__langdon_4__20-02-24,45,20374,0.16897,0.1731,0.23049,0.20983,0.1874,0.82905,0.95642,0.88602,0.097,0.12195,0.24683,0.21817,0.77555,0.85118,0.87057
plantview__langdon_4__20-02-24,46,20104,0.17731,0.1784,0.2402,0.21832,0.202,0.79546,0.93021,0.88258,0.10368,0.12882,0.25682,0.22338,0.73483,0.85888,0.8741
plantview__langdon_4__20-02-24,47,19343,0.18849,0.18101,0.23657,0.21892,0.1841,0.73867,0.95233,0.86799,0.10544,0.12819,0.25352,0.21706,0.71731,0.86807,0.8813
plantview__langdon_4__20-02-24,48,19221,0.20963,0.19117,0.25071,0.23704,0.14541,0.65272,0.92727,0.83648,0.1124,0.13528,0.27256,0.23392,0.65616,0.86733,0.88507
plantview__langdon_4__20-02-24,49,17903,0.21581,0.20421,0.28008,0.25545,0.16344,0.60029,0.90404,0.84155,0.12647,0.15562,0.30659,0.26165,0.60403,0.85656,0.8646
plantview__langdon_4__20-02-24,50,18739,0.19788,0.18975,0.24921,0.2303,0.16863,0.70986,0.9207,0.85268,0.10833,0.13336,0.26866,0.23212,0.71679,0.86712,0.87326
plantview__langdon_4__20-02-24,51,18568,0.19179,0.19286,0.26653,0.23207,0.16986,0.74752,0.91679,0.8707,0.10976,0.13782,0.28345,0.23673,0.73384,0.85383,0.85895
plantview__langdon_4__20-02-24,52,19257,0.18306,0.18773,0.26051,0.22301,0.14847,0.81087,0.93488,0.87909,0.10129,0.12869,0.2743,0.22802,0.78127,0.85398,0.86021
plantview__langdon_4__20-02-24,53,20853,0.16428,0.16943,0.27367,0.21033,0.23397,0.83058,0.95267,0.89082,0.0913,0.11377,0.28017,0.21106,0.80578,0.87709,0.88731
plantview__langdon_4__20-02-24,54,22158,0.14806,0.15347,0.21149,0.19433,0.38704,0.83952,0.96331,0.90477,0.09183,0.11013,0.22,0.20023,0.76031,0.86763,0.87878
plantview__langdon_4__20-02-24,55,23442,0.13574,0.14101,0.19693,0.18132,0.4393,0.88026,0.964,0.91072,0.08435,0.09958,0.20194,0.18558,0.83764,0.88141,0.90031
plantview__langdon_4__20-02-24,56,24073,0.11996,0.19297,1.50719,0.24423,0.52125,0.88173,0.93806,0.93669,0.08703,0.1663,1.51032,0.25039,0.85669,0.88223,0.90242
plantview__langdon_4__20-02-24,57,24215,0.09013,0.11634,0.23161,0.19754,0.78992,0.83647,0.90394,1.02579,0.09534,0.12,0.22449,0.1897,0.7618,0.84229,0.92488
plantview__langdon_4__20-02-24,58,22633,0.10612,0.13886,0.26637,0.22534,0.72717,0.80829,0.88261,1.05859,0.11789,0.14629,0.24996,0.20736,0.67857,0.8135,0.93147
plantview__langdon_4__20-02-24,59,22087,0.11868,0.1501,0.25581,0.23151,0.644,0.81573,0.8773,1.09094,0.12673,0.14966,0.23074,0.20468,0.61498,0.81845,0.92534
plantview__langdon_4__20-02-24,60,20945,0.14201,0.17755,0.28067,0.25975,0.53478,0.77312,0.85094,1.12867,0.15912,0.18208,0.24898,0.22509,0.43691,0.71163,0.91354
plantview__langdon_4__20-02-24,61,19637,0.16362,0.2112,0.42297,0.29666,0.45017,0.74492,0.79554,1.21927,0.21474,0.24439,0.3979,0.2559,0.19585,0.62184,0.94724
plantview__langdon_4__20-02-24,62,17797,0.20274,0.25743,0.36175,0.34263,0.33169,0.66034,0.75552,1.36403,0.31413,0.33758,0.35852,0.31223,0.05759,0.32359,0.8747
plantview__langdon_4__20-02-24,63,15792,0.23778,0.30499,0.41999,0.40131,0.32345,0.58998,0.69288,1.42918,0.38089,0.40552,0.4293,0.36646,0.03559,0.1906,0.78324
plantview__langdon_4__20-02-24,64,14066,0.30784,0.40744,0.59724,0.49638,0.20098,0.44846,0.55787,1.51615,0.42651,0.44377,0.56426,0.41471,0.09043,0.20994,0.66295
plantview__langdon_4__20-02-24,65,11934,0.36628,0.48767,0.57781,0.56538,0.12963,0.28708,0.46564,1.67296,0.44629,0.42835,0.50224,0.44187,0.17429,0.39367,0.637
plantview__langdon_4__20-02-24,66,12458,0.35956,0.47332,0.56353,0.54865,0.13766,0.29323,0.47752,1.66806,0.4539,0.431,0.50866,0.44441,0.14216,0.40279,0.63959
plantview__langdon_4__20-02-24,67,14645,0.30781,0.41235,0.52793,0.50574,0.21079,0.44964,0.59556,1.54421,0.42048,0.44376,0.47967,0.41043,0.09676,0.1987,0.71649
plantview__langdon_4__20-02-24,68,16501,0.26106,0.3451,0.46891,0.44393,0.29126,0.55494,0.65142,1.48678,0.40046,0.42761,0.45364,0.38583,0.05206,0.18793,0.79801
plantview__langdon_4__20-02-24,69,17507,0.19693,0.25439,0.37984,0.35592,0.42069,0.70229,0.76335,1.3443,0.31636,0.34656,0.37142,0.32248,0.03616,0.33044,0.87908
plantview__langdon_4__20-02-24,70,19244,0.17705,0.2297,0.37929,0.32994,0.46612,0.73332,0.78154,1.17602,0.21016,0.24346,0.34395,0.285,0.27011,0.63324,0.84624
plantview__langdon_4__20-02-24,71,20658,0.16114,0.2083,0.3312,0.30597,0.52648,0.76092,0.78444,1.15759,0.19008,0.22174,0.29493,0.26332,0.31228,0.66308,0.87564
plantview__langdon_4__20-02-24,72,20797,0.13542,0.17404,0.29184,0.2696,0.62249,0.79382,0.80728,1.1014,0.14932,0.17897,0.26429,0.23773,0.55378,0.76025,0.88037
plantview__langdon_4__20-02-24,73,22111,0.1166,0.1486,0.27054,0.24489,0.68364,0.81729,0.82936,1.06316,0.12848,0.15549,0.25329,0.22595,0.6589,0.8053,0.88481
plantview__langdon_4__20-02-24,74,23474,0.10642,0.14026,0.26642,0.23552,0.73792,0.82985,0.84374,1.03927,0.11306,0.14407,0.25475,0.22222,0.72242,0.83279,0.84732
plantview__langdon_4__20-02-24,75,22993,0.11878,0.13071,0.21123,0.19596,0.52542,0.88231,0.89118,0.94309,0.09011,0.10744,0.21671,0.20313,0.84739,0.8824,0.88579
plantview__langdon_4__20-02-24,76,22757,0.13174,0.13893,0.21014,0.19586,0.50551,0.89058,0.90451,0.92081,0.089,0.10452,0.21463,0.20156,0.81012,0.89401,0.89625
plantview__langdon_4__20-02-24,77,20911,0.15708,0.16006,0.22151,0.20663,0.34757,0.85467,0.90225,0.89593,0.09109,0.10834,0.22571,0.20938,0.79633,0.88647,0.88953
plantview__langdon_4__20-02-24,78,19381,0.17122,0.17237,0.23035,0.21481,0.24906,0.8174,0.90516,0.8883,0.09715,0.11671,0.23755,0.21771,0.77689,0.87065,0.87637
plantview__langdon_4__20-02-24,79,18676,0.18334,0.18288,0.24095,0.22418,0.20486,0.80729,0.90025,0.88824,0.10123,0.12212,0.24775,0.2235,0.77597,0.86796,0.86978
plantview__langdon_4__20-02-24,80,18197,0.22137,0.2145,0.26709,0.24945,0.08694,0.62697,0.91372,0.8568,0.11435,0.13957,0.27619,0.24351,0.73232,0.85987,0.85992
plantview__langdon_4__20-02-24,81,17794,0.21478,0.20814,0.2736,0.24906,0.12386,0.63988,0.90699,0.84774,0.11139,0.14044,0.29125,0.24966,0.73918,0.86473,0.86619
plantview__langdon_4__20-02-24,82,17714,0.22349,0.21509,0.28931,0.26442,0.16433,0.56481,0.89472,0.83542,0.1314,0.16417,0.31899,0.27579,0.62753,0.84814,0.85249
plantview__langdon_4__20-02-24,83,18868,0.22947,0.2248,0.31139,0.27995,0.17315,0.5592,0.89124,0.85846,0.13983,0.17319,0.3339,0.286,0.5398,0.84604,0.84662
plantview__langdon_4__20-02-24,84,17644,0.20585,0.2053,0.28718,0.25831,0.20557,0.66215,0.88081,0.8942,0.12932,0.15447,0.29773,0.25647,0.59363,0.86182,0.86211
plantview__langdon_4__20-02-24,85,19104,0.20993,0.23009,0.37925,0.28495,0.15908,0.72435,0.85883,0.88589,0.12835,0.17457,0.39581,0.29429,0.68802,0.83679,0.83752
plantview__langdon_4__20-02-24,86,19042,0.19419,0.19524,0.25644,0.23928,0.14226,0.77066,0.88835,0.88397,0.10909,0.13305,0.26562,0.24265,0.74267,0.85301,0.85721
plantview__langdon_4__20-02-24,87,19981,0.19097,0.19408,0.25583,0.23848,0.12622,0.78735,0.87403,0.87624,0.10175,0.127,0.26516,0.24501,0.77749,0.86127,0.86202
plantview__langdon_4__20-02-24,88,21345,0.15141,0.14934,0.20629,0.19449,0.30682,0.8862,0.9323,0.8879,0.07891,0.09206,0.20526,0.19057,0.84057,0.9078,0.92218
plantview__langdon_4__20-02-24,89,22905,0.13818,0.14015,0.20301,0.19077,0.42441,0.91513,0.92683,0.90989,0.07928,0.09192,0.20122,0.18841,0.83964,0.91687,0.91871
plantview__langdon_4__20-02-24,90,24074,0.11552,0.12141,0.19443,0.18238,0.5066,0.91921,0.92909,0.93574,0.07827,0.09064,0.19558,0.18441,0.85644,0.91156,0.92432
plantview__langdon_4__20-02-24,91,23207,0.09951,0.13129,0.26565,0.23356,0.75464,0.86698,0.8812,1.04742,0.11018,0.13839,0.25426,0.22058,0.72077,0.87504,0.88603
plantview__langdon_4__20-02-24,92,22650,0.1107,0.16562,0.57504,0.27439,0.70155,0.84411,0.86278,1.06723,0.12219,0.17158,0.56475,0.25583,0.66636,0.8562,0.87664
plantview__langdon_4__20-02-24,93,23770,0.14825,0.19414,0.33358,0.30243,0.56327,0.79899,0.8146,1.11301,0.16132,0.19653,0.30669,0.26783,0.52394,0.75221,0.83021
plantview__langdon_4__20-02-24,94,20637,0.17205,0.22932,0.36295,0.33814,0.48956,0.76276,0.78035,1.15867,0.18693,0.2274,0.31931,0.28523,0.38567,0.6877,0.8068
plantview__langdon_4__20-02-24,95,19689,0.1896,0.2544,0.393,0.36448,0.44568,0.72218,0.76754,1.25365,0.25368,0.29598,0.35034,0.30645,0.09,0.56585,0.83625
plantview__langdon_4__20-02-24,96,17863,0.20616,0.27717,0.41821,0.39005,0.40995,0.67469,0.76208,1.38224,0.3416,0.38103,0.40964,0.34864,0.0477,0.23557,0.77943
plantview__langdon_4__20-02-24,97,15975,0.24308,0.32848,0.47166,0.44485,0.38498,0.59505,0.69133,1.48388,0.40934,0.44677,0.46981,0.39305,0.0452,0.13095,0.76732
plantview__langdon_4__20-02-24,98,13965,0.3155,0.4131,0.52667,0.51517,0.21704,0.41303,0.58926,1.56873,0.45249,0.46492,0.50061,0.42925,0.0507,0.19205,0.69101
plantview__langdon_4__20-02-24,99,12434,0.36887,0.48707,0.5781,0.56774,0.12546,0.2884,0.46099,1.76722,0.49258,0.4553,0.55779,0.47292,0.17372,0.41773,0.60085
plantview__langdon_4__20-02-24,100,10475,0.38027,0.488,0.57587,0.56692,0.10979,0.2401,0.4464,1.7285,0.49375,0.441,0.54182,0.47905,0.20277,0.46568,0.61642
plantview__langdon_4__20-02-24,101,13203,0.35129,0.47874,0.575,0.55464,0.18049,0.35015,0.4502,1.66489,0.42383,0.44273,0.50509,0.41318,0.11497,0.30841,0.74566
plantview__langdon_4__20-02-24,102,14089,0.28032,0.38457,0.52264,0.49233,0.31755,0.51324,0.61644,1.50194,0.41049,0.46395,0.49248,0.40091,0.03847,0.14685,0.74313
plantview__langdon_4__20-02-24,103,16441,0.24081,0.33205,0.56772,0.45203,0.37425,0.6128,0.69321,1.425,0.38698,0.44064,0.55022,0.39586,0.02135,0.14233,0.74436
plantview__langdon_4__20-02-24,104,19498,0.18707,0.25249,0.42042,0.37517,0.46897,0.72387,0.78613,1.29748,0.29175,0.33257,0.39567,0.33101,0.04047,0.46487,0.82537
plantview__langdon_4__20-02-24,105,21248,0.16722,0.23437,0.88449,0.35114,0.54076,0.76958,0.80153,1.15528,0.19163,0.2426,0.86779,0.30586,0.36775,0.70849,0.81565
plantview__langdon_4__20-02-24,106,22859,0.15681,0.21256,0.37439,0.34051,0.59946,0.77475,0.7964,1.10395,0.16536,0.21089,0.34577,0.30353,0.56582,0.73507,0.80454
plantview__langdon_4__20-02-24,107,23920,0.15119,0.20498,0.36557,0.33508,0.6291,0.77291,0.79114,1.08254,0.1588,0.20532,0.34176,0.30416,0.61413,0.76024,0.79402
plantview__langdon_4__20-02-24,108,25260,0.12852,0.16896,0.31604,0.28938,0.70194,0.79968,0.81892,1.04338,0.1369,0.17409,0.30438,0.2745,0.67272,0.80099,0.82094
plantview__langdon_4__20-02-24,109,23447,0.12534,0.13362,0.22152,0.20546,0.50228,0.90408,0.9179,0.92645,0.08464,0.09999,0.2242,0.21066,0.85546,0.90894,0.91517
plantview__langdon_4__20-02-24,110,22747,0.13637,0.14054,0.21376,0.20461,0.47219,0.90386,0.91691,0.9145,0.08834,0.10202,0.21544,0.20845,0.82767,0.90693,0.91392
plantview__langdon_4__20-02-24,111,20768,0.15088,0.15362,0.22729,0.21475,0.42026,0.87052,0.90967,0.89852,0.09197,0.10794,0.23119,0.2191,0.75857,0.89874,0.90769
plantview__langdon_4__20-02-24,112,19905,0.16758,0.1686,0.2382,0.22366,0.25943,0.82718,0.90485,0.88407,0.09331,0.11225,0.24377,0.22767,0.77754,0.89184,0.89565
plantview__langdon_4__20-02-24,113,18956,0.1869,0.18515,0.24833,0.23371,0.14993,0.77917,0.88964,0.87984,0.10019,0.12143,0.2553,0.23508,0.75137,0.87397,0.87766
plantview__langdon_4__20-02-24,114,18664,0.1912,0.18771,0.2539,0.2382,0.15436,0.75236,0.89182,0.88916,0.1066,0.1271,0.26037,0.23618,0.70665,0.87366,0.87393
plantview__langdon_4__20-02-24,115,18132,0.20459,0.19442,0.26363,0.24867,0.17119,0.65624,0.89626,0.88706,0.11847,0.13561,0.26878,0.24104,0.62155,0.87547,0.87845
plantview__langdon_4__20-02-24,116,18256,0.2408,0.24274,0.33422,0.30187,0.15255,0.51293,0.85408,0.88608,0.16331,0.19729,0.35326,0.30935,0.46817,0.80406,0.81431
plantview__langdon_4__20-02-24,117,18210,0.21435,0.20462,0.27636,0.25988,0.12477,0.61532,0.89791,0.85565,0.12855,0.15473,0.29992,0.27102,0.657,0.83202,0.84618
plantview__langdon_4__20-02-24,118,17102,0.19671,0.20818,0.38679,0.26813,0.18933,0.70664,0.87423,0.8997,0.12828,0.16365,0.40029,0.27717,0.60315,0.82827,0.83978
plantview__langdon_4__20-02-24,119,18693,0.19381,0.19662,0.26754,0.24835,0.16958,0.74632,0.88252,0.89328,0.11963,0.14559,0.28074,0.25517,0.65565,0.84358,0.84609
plantview__langdon_4__20-02-24,120,19490,0.19101,0.19692,0.30314,0.24872,0.155,0.78645,0.8881,0.88159,0.10542,0.13458,0.31295,0.25311,0.75382,0.8647,0.86778
plantview__langdon_4__20-02-24,121,19614,0.17712,0.17838,0.24593,0.23101,0.2256,0.80774,0.89115,0.88163,0.10071,0.12156,0.25401,0.2366,0.77169,0.87081,0.88263
plantview__langdon_4__20-02-24,122,21540,0.15847,0.15758,0.21982,0.20834,0.34076,0.85153,0.91968,0.89153,0.08801,0.10219,0.21955,0.20617,0.79076,0.90367,0.91096
plantview__langdon_4__20-02-24,123,22533,0.14428,0.14639,0.21512,0.20184,0.39777,0.90046,0.92713,0.90531,0.08505,0.09906,0.21526,0.20091,0.82448,0.90734,0.91763
plantview__langdon_4__20-02-24,124,24692,0.14592,0.16066,0.26297,0.25126,0.44776,0.84708,0.87931,0.93802,0.11166,0.13385,0.26895,0.26035,0.78175,0.85599,0.87259
plantview__langdon_4__20-02-24,125,25244,0.14371,0.18847,0.34119,0.31793,0.6882,0.78042,0.80221,1.04468,0.15184,0.1924,0.3286,0.30224,0.66087,0.77583,0.8055
plantview__langdon_4__20-02-24,126,23078,0.14475,0.2011,0.41535,0.33658,0.66436,0.77524,0.80423,1.05885,0.15641,0.20788,0.40086,0.31621,0.65032,0.7638,0.80757
plantview__langdon_4__20-02-24,127,22028,0.15924,0.21275,0.38349,0.35157,0.5961,0.78477,0.81192,1.09043,0.16967,0.21522,0.36224,0.32257,0.56687,0.75931,0.81623
plantview__langdon_4__20-02-24,128,19507,0.18293,0.2477,0.4074,0.38278,0.52714,0.71559,0.76772,1.11948,0.19708,0.24902,0.37461,0.34001,0.45209,0.68673,0.77623
plantview__langdon_4__20-02-24,129,18186,0.20655,0.27738,0.42717,0.40738,0.44985,0.67085,0.77213,1.3136,0.2958,0.34491,0.39405,0.34257,0.03893,0.44793,0.82047
plantview__langdon_4__20-02-24,130,15314,0.26097,0.34867,0.49273,0.47411,0.38305,0.54708,0.64516,1.46867,0.40814,0.45047,0.48267,0.40443,0.05394,0.14079,0.7642
plantview__langdon_4__20-02-24,131,13311,0.31775,0.42332,0.53839,0.51943,0.2815,0.42702,0.50687,1.54038,0.42916,0.45855,0.50043,0.41404,0.04981,0.18376,0.75261
plantview__langdon_4__20-02-24,132,12185,0.37559,0.49679,0.58321,0.57151,0.17087,0.30135,0.39048,1.71823,0.45237,0.44497,0.53235,0.43971,0.13484,0.37292,0.69791
plantview__langdon_4__20-02-24,133,10622,0.37534,0.47395,0.5491,0.5352,0.10403,0.25042,0.46912,1.65491,0.48826,0.44035,0.54294,0.4714,0.1624,0.46488,0.61777
plantview__langdon_4__20-02-24,134,11766,0.35042,0.45207,0.52999,0.51379,0.12196,0.27409,0.49601,1.58074,0.40873,0.38772,0.468,0.41716,0.18587,0.39419,0.67381
plantview__langdon_4__20-02-24,135,10774,0.41224,0.51287,0.58426,0.57696,0.10173,0.21385,0.35753,1.76416,0.50434,0.42702,0.55038,0.48726,0.21069,0.50343,0.69983
plantview__langdon_4__20-02-24,136,13254,0.36078,0.46998,0.57564,0.5486,0.21895,0.3153,0.42191,1.57159,0.43454,0.4396,0.508,0.42901,0.11016,0.29138,0.77184
plantview__langdon_4__20-02-24,137,13936,0.27913,0.38392,0.65074,0.4758,0.3115,0.45982,0.62557,1.45559,0.37276,0.4328,0.6196,0.38955,0.10706,0.21592,0.83345
plantview__langdon_4__20-02-24,138,17181,0.23807,0.31486,0.44784,0.4281,0.3537,0.56574,0.7052,1.38282,0.31586,0.36856,0.41319,0.34666,0.09627,0.30982,0.83779
plantview__langdon_4__20-02-24,139,18762,0.19661,0.26019,0.40782,0.38374,0.44873,0.68292,0.7762,1.13178,0.18736,0.2359,0.36665,0.3322,0.48396,0.71901,0.78973
plantview__langdon_4__20-02-24,140,21877,0.17882,0.24032,0.39535,0.37165,0.47662,0.71609,0.80121,1.10936,0.16926,0.22062,0.3613,0.32781,0.54363,0.74512,0.8151
plantview__langdon_4__20-02-24,141,24304,0.16288,0.22792,0.5408,0.35964,0.54353,0.75699,0.80452,1.08915,0.15971,0.21676,0.52101,0.32535,0.60336,0.75881,0.81958
plantview__langdon_4__20-02-24,142,25873,0.14875,0.19896,0.35351,0.32738,0.6426,0.76474,0.80485,1.061,0.15215,0.19692,0.33475,0.30384,0.63955,0.77181,0.82147
plantview__langdon_4__20-02-24,143,24841,0.14605,0.16336,0.26754,0.26312,0.48561,0.82489,0.8713,0.93608,0.12338,0.14632,0.27681,0.27775,0.73596,0.82867,0.85822
plantview__langdon_4__20-02-24,144,23657,0.15978,0.17529,0.27828,0.25654,0.40618,0.84296,0.87733,0.91122,0.11634,0.1418,0.28813,0.27154,0.74743,0.85125,0.86604
plantview__langdon_4__20-02-24,145,22362,0.16677,0.18044,0.27016,0.25927,0.41146,0.80619,0.87604,0.90571,0.11871,0.14464,0.28206,0.27584,0.71966,0.84858,0.85395
plantview__langdon_4__20-02-24,146,20552,0.17705,0.18909,0.27143,0.25568,0.30751,0.78357,0.88133,0.89783,0.1195,0.14776,0.28694,0.27336,0.71404,0.83637,0.84138
plantview__langdon_4__20-02-24,147,18167,0.1577,0.15574,0.21655,0.20186,0.30088,0.84846,0.9318,0.89613,0.08935,0.10588,0.22499,0.20327,0.79259,0.88391,0.88952
plantview__langdon_4__20-02-24,148,18149,0.19216,0.19073,0.27634,0.23036,0.0994,0.76417,0.95295,0.8771,0.103,0.12829,0.28779,0.23047,0.73839,0.85503,0.86385
plantview__langdon_4__20-02-24,149,17569,0.17844,0.17679,0.24425,0.22445,0.2184,0.79082,0.91872,0.90123,0.11102,0.13206,0.25779,0.22734,0.65274,0.856,0.86641
plantview__langdon_4__20-02-24,150,18290,0.20229,0.19155,0.26067,0.24457,0.16714,0.63477,0.92242,0.85807,0.12213,0.14486,0.28275,0.25197,0.67261,0.85249,0.86085
plantview__langdon_4__20-02-24,151,18909,0.22528,0.20677,0.26367,0.25606,0.08916,0.60024,0.93405,0.87074,0.12649,0.14312,0.27416,0.24703,0.60537,0.84801,0.85245
plantview__langdon_4__20-02-24,152,17982,0.20349,0.19695,0.25937,0.24341,0.10527,0.69764,0.92203,0.878,0.11267,0.13574,0.27249,0.24263,0.68646,0.84996,0.85602
plantview__langdon_4__20-02-24,153,18959,0.18648,0.19343,0.26945,0.24727,0.18577,0.76729,0.92347,0.89237,0.11465,0.14427,0.28625,0.25828,0.70457,0.83633,0.84403
plantview__langdon_4__20-02-24,154,19733,0.18932,0.20137,0.31689,0.26091,0.17311,0.78544,0.91426,0.89465,0.11498,0.14805,0.32984,0.27121,0.72903,0.83089,0.84311
plantview__langdon_4__20-02-24,155,22232,0.17201,0.18645,0.28623,0.25624,0.32602,0.79359,0.884,0.91073,0.11699,0.14622,0.29867,0.27013,0.73007,0.8356,0.8445
plantview__langdon_4__20-02-24,156,23590,0.16594,0.17285,0.24718,0.23852,0.33781,0.82493,0.90538,0.90064,0.10893,0.12988,0.25627,0.25041,0.73103,0.85447,0.86927
plantview__langdon_4__20-02-24,157,25551,0.14341,0.15829,0.25492,0.24691,0.51493,0.84909,0.88329,0.93194,0.11203,0.13468,0.26416,0.26002,0.74561,0.84916,0.86482
plantview__langdon_4__20-02-24,158,25456,0.13647,0.14848,0.25088,0.24763,0.50868,0.84224,0.87657,0.94515,0.11481,0.13282,0.25806,0.25777,0.77227,0.83898,0.87618
plantview__langdon_4__20-02-24,159,25282,0.13617,0.18149,0.35012,0.31787,0.65818,0.79456,0.83981,1.05607,0.14055,0.18029,0.33483,0.29898,0.6952,0.7893,0.84463
plantview__langdon_4__20-02-24,160,24030,0.14023,0.21701,1.37119,0.33175,0.62335,0.79813,0.84411,1.07429,0.14511,0.21348,1.36523,0.30976,0.66184,0.78448,0.84773
plantview__langdon_4__20-02-24,161,21854,0.15114,0.19447,0.35704,0.30414,0.51144,0.79221,0.85568,1.11342,0.14048,0.17025,0.32652,0.26701,0.65311,0.76755,0.85852
plantview__langdon_4__20-02-24,162,19279,0.16132,0.19257,0.29816,0.28508,0.49515,0.76015,0.85082,1.1228,0.15844,0.17334,0.2674,0.25321,0.5881,0.73292,0.84154
plantview__langdon_4__20-02-24,163,15997,0.20955,0.26037,0.36647,0.3479,0.34238,0.65243,0.78871,1.25388,0.23668,0.25743,0.31261,0.28968,0.19504,0.65419,0.84328
plantview__langdon_4__20-02-24,164,14318,0.2791,0.3456,0.45064,0.43988,0.2515,0.46173,0.64401,1.49208,0.36997,0.37815,0.43041,0.37365,0.14667,0.2844,0.84733
plantview__langdon_4__20-02-24,165,11995,0.3729,0.45847,0.54854,0.55045,0.19441,0.32005,0.43118,1.65248,0.46962,0.42808,0.50572,0.45171,0.1303,0.27561,0.74573
plantview__langdon_4__20-02-24,166,11428,0.37698,0.46037,0.5539,0.55708,0.16328,0.27713,0.46885,1.71417,0.5502,0.4649,0.56441,0.50847,0.16696,0.30784,0.5896
plantview__langdon_4__20-02-24,167,10769,0.33682,0.44251,0.52208,0.50724,0.15025,0.28155,0.49271,1.60052,0.3734,0.36011,0.43521,0.38883,0.21878,0.43272,0.70619
plantview__langdon_4__20-02-24,168,11462,0.30485,0.40682,0.68028,0.45916,0.10644,0.36146,0.59222,1.57714,0.39594,0.38157,0.63887,0.40225,0.19447,0.44163,0.65111
plantview__langdon_4__20-02-24,169,12860,0.28621,0.36576,0.48403,0.46316,0.23017,0.43173,0.61625,1.48307,0.37651,0.36654,0.4315,0.39112,0.11104,0.364,0.74292
plantview__langdon_4__20-02-24,170,13010,0.29754,0.37886,0.47881,0.46683,0.22367,0.41299,0.59708,1.54693,0.38813,0.39172,0.44684,0.38797,0.14274,0.31883,0.78624
plantview__langdon_4__20-02-24,171,14740,0.25549,0.39915,1.60641,0.46353,0.25047,0.53311,0.73318,1.35997,0.30024,0.40486,1.58087,0.38772,0.14389,0.48026,0.8097
plantview__langdon_4__20-02-24,172,17307,0.22682,0.30648,0.47666,0.40874,0.30779,0.61761,0.77512,1.2692,0.23377,0.29017,0.41627,0.3237,0.20466,0.66886,0.81655
plantview__langdon_4__20-02-24,173,19296,0.17186,0.2155,0.3422,0.321,0.45196,0.74477,0.84888,1.13669,0.1626,0.19158,0.30422,0.27709,0.56576,0.7784,0.83898
plantview__langdon_4__20-02-24,174,20872,0.15901,0.20161,0.33679,0.32035,0.54288,0.77702,0.83178,1.09911,0.15166,0.18387,0.3072,0.28597,0.66074,0.77257,0.83145
plantview__langdon_4__20-02-24,175,23297,0.145,0.19473,0.41479,0.3218,0.61956,0.78113,0.81839,1.0707,0.14565,0.1893,0.39696,0.29576,0.68065,0.77109,0.81517
plantview__langdon_4__20-02-24,176,24574,0.12494,0.16504,0.30934,0.28472,0.71799,0.81012,0.8347,1.03883,0.12861,0.16571,0.29771,0.27063,0.74843,0.80683,0.83507
plantview__langdon_4__20-02-24,177,24504,0.13812,0.17067,0.89455,0.24852,0.47596,0.86365,0.88741,0.92979,0.10623,0.14506,0.89746,0.25942,0.80093,0.86198,0.88071
plantview__langdon_4__20-02-24,178,24151,0.16073,0.16832,0.28985,0.23024,0.4035,0.85731,0.89446,0.90083,0.10641,0.12585,0.29468,0.2379,0.77579,0.86328,0.88601
plantview__langdon_4__20-02-24,179,22803,0.16272,0.17169,0.24853,0.23451,0.40135,0.81682,0.87603,0.90771,0.11132,0.1332,0.2584,0.24574,0.71473,0.85379,0.86532
plantview__langdon_4__20-02-24,180,20991,0.18495,0.19157,0.25546,0.23908,0.22167,0.76857,0.87766,0.89459,0.11576,0.14068,0.2676,0.24925,0.71435,0.82855,0.8467
plantview__langdon_4__20-02-24,181,19577,0.18036,0.18814,0.25489,0.23518,0.22031,0.79149,0.87674,0.90203,0.11106,0.13811,0.26914,0.24529,0.74388,0.8275,0.83981
plantview__langdon_4__20-02-24,182,19454,0.20943,0.21433,0.27515,0.25106,0.08836,0.69163,0.8883,0.87717,0.11929,0.15203,0.29362,0.26014,0.69708,0.82101,0.82564
plantview__langdon_4__20-02-24,183,18246,0.21183,0.21027,0.27657,0.25661,0.12025,0.66645,0.87581,0.87967,0.12784,0.15592,0.29565,0.26344,0.64606,0.8233,0.82763
plantview__langdon_4__20-02-24,184,18272,0.211,0.21021,0.28092,0.26173,0.1551,0.61077,0.87292,0.90961,0.14509,0.1683,0.29513,0.26598,0.53886,0.80495,0.8142
plantview__langdon_4__20-02-24,185,19677,0.21777,0.22171,0.30107,0.27651,0.15399,0.60228,0.83504,0.91449,0.15437,0.18169,0.31606,0.28269,0.54332,0.79118,0.81044
plantview__langdon_4__20-02-24,186,18873,0.21118,0.21405,0.28223,0.25917,0.09283,0.65655,0.85233,0.88956,0.12773,0.15791,0.29874,0.26587,0.62883,0.82181,0.82976
plantview__langdon_4__20-02-24,187,19962,0.19431,0.20564,0.28298,0.25299,0.14528,0.76846,0.85407,0.89415,0.11914,0.154,0.30254,0.26722,0.71576,0.815,0.82191
plantview__langdon_4__20-02-24,188,20582,0.18074,0.1897,0.26083,0.23902,0.22204,0.79987,0.87188,0.90578,0.11183,0.13965,0.2742,0.2484,0.72831,0.83034,0.84365
plantview__langdon_4__20-02-24,189,21525,0.17749,0.19082,0.26782,0.24732,0.32348,0.76655,0.85984,0.91429,0.12181,0.15031,0.2812,0.26001,0.6957,0.81886,0.8335
plantview__langdon_4__20-02-24,190,24459,0.16206,0.17096,0.24301,0.2285,0.38272,0.81177,0.87334,0.91555,0.10993,0.13135,0.25196,0.23785,0.70203,0.84693,0.86324
plantview__langdon_4__20-02-24,191,25989,0.15547,0.1753,0.37387,0.25049,0.44273,0.8257,0.85348,0.93145,0.11901,0.14769,0.38141,0.26276,0.7118,0.83139,0.84855
plantview__langdon_4__20-02-24,192,27554,0.15288,0.17243,0.27154,0.26303,0.44756,0.80776,0.83378,0.95033,0.1293,0.15453,0.27932,0.27418,0.72146,0.81694,0.83255
plantview__langdon_4__20-02-24,193,25981,0.14919,0.20162,0.40464,0.33791,0.6887,0.7646,0.77949,1.05184,0.15647,0.20476,0.39079,0.31702,0.66333,0.75994,0.78242
plantview__langdon_4__20-02-24,194,24624,0.16345,0.21813,0.37748,0.35795,0.61655,0.7619,0.774,1.08746,0.16585,0.21253,0.35175,0.32299,0.61554,0.72515,0.77831
plantview__langdon_4__20-02-24,195,23646,0.18238,0.25053,0.42069,0.39155,0.5554,0.72452,0.75362,1.11329,0.19179,0.249,0.38786,0.34684,0.51992,0.68832,0.75505
plantview__langdon_4__20-02-24,196,22221,0.20433,0.28274,0.4414,0.4183,0.48108,0.67828,0.7389,1.17658,0.2284,0.29059,0.39345,0.35326,0.21997,0.65303,0.74794
plantview__langdon_4__20-02-24,197,19149,0.23106,0.32425,0.47596,0.44719,0.40681,0.64186,0.70014,1.30561,0.28537,0.35089,0.41006,0.3519,0.04559,0.5005,0.79649
plantview__langdon_4__20-02-24,198,16439,0.25407,0.33674,0.46779,0.44706,0.35604,0.57808,0.67662,1.4037,0.33128,0.37674,0.41673,0.35512,0.07275,0.24935,0.8416
plantview__langdon_4__20-02-24,199,15200,0.24689,0.46594,2.56975,0.48369,0.33474,0.54401,0.68145,1.47022,0.34994,0.51577,2.54234,0.40156,0.08086,0.24875,0.81974
plantview__langdon_4__20-02-24,200,13043,0.24527,0.31828,0.4265,0.406,0.28935,0.51461,0.68941,1.3544,0.3174,0.33391,0.37965,0.34444,0.08825,0.38986,0.83639
plantview__langdon_4__20-02-24,201,12142,0.25251,0.30889,0.3864,0.35933,0.155,0.49967,0.67666,1.3038,0.31518,0.30022,0.32945,0.32187,0.11958,0.32474,0.85151
plantview__langdon_4__20-02-24,202,12937,0.24093,0.31663,0.55191,0.37901,0.2615,0.523,0.66074,1.37573,0.35729,0.36344,0.53442,0.36029,0.05604,0.34135,0.79477
plantview__langdon_4__20-02-24,203,15260,0.24215,0.32428,0.46939,0.41741,0.34751,0.52221,0.66048,1.4689,0.36691,0.39842,0.47058,0.37104,0.06101,0.32693,0.81638
plantview__langdon_4__20-02-24,204,17609,0.23546,0.31495,0.45059,0.43579,0.42115,0.58044,0.68499,1.46031,0.36838,0.4077,0.44287,0.37259,0.06446,0.23164,0.81742
plantview__langdon_4__20-02-24,205,19106,0.24723,0.34114,0.48148,0.46462,0.40029,0.56815,0.669,1.42695,0.34449,0.40715,0.43795,0.36418,0.04826,0.1701,0.83178
plantview__langdon_4__20-02-24,206,20641,0.23198,0.32883,0.48588,0.45724,0.44727,0.61116,0.68926,1.29031,0.28389,0.35755,0.41854,0.35738,0.0436,0.49261,0.75544
plantview__langdon_4__20-02-24,207,22101,0.2073,0.29044,0.44666,0.42175,0.49812,0.67354,0.72675,1.15192,0.21149,0.27799,0.39621,0.35627,0.39098,0.67011,0.74101
plantview__langdon_4__20-02-24,208,24304,0.18818,0.26578,0.47223,0.39998,0.56147,0.69034,0.73597,1.11111,0.20151,0.26815,0.44076,0.35518,0.46248,0.66129,0.74909
plantview__langdon_4__20-02-24,209,25974,0.17257,0.23021,0.3853,0.36556,0.60114,0.7218,0.74952,1.08816,0.18178,0.23151,0.35904,0.33012,0.55752,0.68596,0.76076
plantview__langdon_4__20-02-24,210,27534,0.1475,0.19238,0.34035,0.32708,0.66994,0.76959,0.7855,1.04902,0.15489,0.19603,0.32662,0.30815,0.64883,0.7579,0.78913
plantview__langdon_4__20-02-24,211,27754,0.15159,0.17237,0.27778,0.27031,0.49996,0.79988,0.81577,0.95662,0.13245,0.15783,0.28522,0.28155,0.69954,0.8068,0.81527
plantview__langdon_4__20-02-24,212,26239,0.16249,0.20192,0.58779,0.28828,0.4472,0.81181,0.82092,0.93531,0.12943,0.17674,0.5947,0.30384,0.69416,0.8112,0.81611
plantview__langdon_4__20-02-24,213,24566,0.17497,0.19443,0.28285,0.26765,0.39681,0.77998,0.8169,0.924,0.13376,0.16444,0.29668,0.28523,0.65717,0.80074,0.80876
plantview__langdon_4__20-02-24,214,21771,0.18411,0.1924,0.26977,0.25719,0.29976,0.77139,0.84663,0.90601,0.12488,0.14947,0.28262,0.27041,0.70553,0.82546,0.83382
plantview__langdon_4__20-02-24,215,19555,0.18615,0.19608,0.27177,0.25165,0.22066,0.78067,0.85973,0.90239,0.11818,0.14732,0.28644,0.26404,0.71107,0.8249,0.83467
plantview__langdon_4__20-02-24,216,19557,0.19882,0.20466,0.27462,0.25339,0.14563,0.72649,0.85156,0.89655,0.12255,0.15128,0.28878,0.26134,0.66626,0.83111,0.83218
plantview__langdon_4__20-02-24,217,19865,0.21606,0.2323,0.33642,0.28912,0.17282,0.6588,0.82527,0.90313,0.14738,0.18766,0.35443,0.30146,0.58575,0.80186,0.80856
plantview__langdon_4__20-02-24,218,19183,0.22004,0.22328,0.31407,0.28251,0.17807,0.6058,0.84778,0.90103,0.14762,0.17752,0.32932,0.28816,0.55075,0.82266,0.82792
plantview__langdon_4__20-02-24,219,17677,0.22393,0.23154,0.80737,0.28552,0.2105,0.57261,0.89059,0.86322,0.14138,0.18357,0.81716,0.28924,0.56531,0.84449,0.85427
plantview__langdon_4__20-02-24,220,17431,0.19681,0.19048,0.26173,0.24345,0.24583,0.67604,0.89892,0.89595,0.12335,0.14119,0.27081,0.24124,0.61425,0.84608,0.86753
plantview__langdon_4__20-02-24,221,18449,0.19456,0.18739,0.24739,0.23508,0.21952,0.70107,0.90536,0.89289,0.11805,0.13346,0.25245,0.23036,0.62437,0.85614,0.87354
plantview__langdon_4__20-02-24,222,18964,0.17418,0.16952,0.22713,0.21617,0.26487,0.78913,0.92285,0.89502,0.10275,0.11727,0.23154,0.21375,0.73371,0.87297,0.88294
plantview__langdon_4__20-02-24,223,22756,0.18682,0.21047,0.55338,0.27238,0.31196,0.71313,0.84145,0.89958,0.13161,0.17213,0.56346,0.28963,0.66154,0.81684,0.82356
plantview__langdon_4__20-02-24,224,24052,0.17166,0.19562,0.58813,0.2603,0.36317,0.77424,0.84808,0.91491,0.12832,0.16427,0.59559,0.2773,0.64938,0.80904,0.82384
plantview__langdon_4__20-02-24,225,25479,0.15834,0.17963,0.28764,0.26073,0.46501,0.80211,0.82174,0.94532,0.13415,0.16179,0.2971,0.27433,0.61521,0.80309,0.81475
plantview__langdon_4__20-02-24,226,26381,0.15464,0.18003,0.28663,0.27489,0.46863,0.79883,0.80698,0.97631,0.14403,0.1718,0.29101,0.28155,0.57462,0.79887,0.80433
plantview__langdon_4__20-02-24,227,26601,0.1645,0.22078,0.36324,0.33315,0.6084,0.7093,0.74178,1.1107,0.19593,0.2429,0.33226,0.29337,0.27488,0.69024,0.75802
plantview__langdon_4__20-02-24,228,25232,0.18157,0.24643,0.38978,0.36558,0.54268,0.68897,0.73185,1.17849,0.21995,0.27081,0.34224,0.30208,0.18049,0.66273,0.7668
plantview__langdon_4__20-02-24,229,23933,0.21331,0.29236,0.43284,0.40667,0.46003,0.63958,0.69327,1.23002,0.25027,0.30936,0.37021,0.32295,0.12021,0.59036,0.76096
plantview__langdon_4__20-02-24,230,22382,0.23325,0.32443,0.46134,0.43588,0.40273,0.59847,0.67898,1.34438,0.28955,0.35571,0.39174,0.32735,0.07301,0.31534,0.83558
plantview__langdon_4__20-02-24,231,20691,0.25221,0.35402,0.56676,0.46681,0.37306,0.56242,0.66309,1.38909,0.32649,0.39477,0.51042,0.35916,0.06036,0.22681,0.80508
plantview__langdon_4__20-02-24,232,20465,0.26354,0.36688,0.51008,0.48453,0.38656,0.5378,0.62375,1.44933,0.37567,0.44474,0.47318,0.38321,0.03289,0.16301,0.78129
plantview__langdon_4__20-02-24,233,17039,0.28409,0.39515,0.55073,0.49707,0.31874,0.48289,0.58595,1.50742,0.40145,0.45184,0.51471,0.40234,0.06456,0.24062,0.73848
plantview__langdon_4__20-02-24,234,15328,0.2749,0.3584,0.46153,0.44202,0.26272,0.47567,0.6325,1.48089,0.38533,0.40463,0.452,0.38309,0.09642,0.3018,0.77655
plantview__langdon_4__20-02-24,235,13199,0.27268,0.35005,0.63779,0.4166,0.26366,0.42465,0.64164,1.34825,0.38986,0.40238,0.62833,0.39726,0.0494,0.27798,0.79089
plantview__langdon_4__20-02-24,236,13590,0.29737,0.38766,0.47235,0.4452,0.21361,0.39831,0.544,1.55102,0.37661,0.36555,0.44021,0.37987,0.26939,0.35048,0.73834
plantview__langdon_4__20-02-24,237,15717,0.2833,0.38233,0.49864,0.47637,0.27003,0.48635,0.58274,1.523,0.40285,0.4353,0.48366,0.39916,0.11955,0.24057,0.75829
plantview__langdon_4__20-02-24,238,17638,0.29205,0.39897,0.52853,0.50572,0.28943,0.48764,0.59536,1.4961,0.40626,0.45615,0.49984,0.41247,0.07671,0.24515,0.69089
plantview__langdon_4__20-02-24,239,18171,0.29194,0.39975,0.52846,0.48862,0.27456,0.42084,0.59017,1.47351,0.36506,0.41546,0.46237,0.37384,0.05762,0.26163,0.76969
plantview__langdon_4__20-02-24,240,19292,0.25023,0.34039,0.47276,0.43713,0.308,0.5579,0.66945,1.42715,0.32587,0.37902,0.4199,0.33803,0.06329,0.25819,0.84486
plantview__langdon_4__20-02-24,241,21912,0.22472,0.31263,0.8207,0.4012,0.36469,0.61596,0.7014,1.3421,0.28322,0.34149,0.78776,0.31371,0.08393,0.34821,0.90968
plantview__langdon_4__20-02-24,242,24147,0.20716,0.28512,0.55628,0.38127,0.38767,0.64215,0.73065,1.30329,0.25878,0.31278,0.51387,0.30254,0.12403,0.44614,0.9243
plantview__langdon_4__20-02-24,243,23936,0.18832,0.25557,0.39229,0.35924,0.46984,0.67221,0.72844,1.14569,0.19278,0.24649,0.342,0.29712,0.31789,0.67058,0.76763
plantview__langdon_4__20-02-24,244,23061,0.14969,0.21116,0.42006,0.32428,0.57482,0.76753,0.79897,1.0812,0.15583,0.21075,0.3969,0.2922,0.57825,0.77724,0.80859
plantview__langdon_4__20-02-24,245,24158,0.12946,0.14653,0.24811,0.22431,0.53448,0.83492,0.87222,0.97072,0.11825,0.1379,0.25214,0.22996,0.64269,0.84278,0.86456
plantview__langdon_4__20-02-24,246,23874,0.14151,0.15429,0.23946,0.22556,0.51156,0.83007,0.87011,0.93874,0.11886,0.13814,0.24804,0.23625,0.63911,0.85143,0.8601
plantview__langdon_4__20-02-24,247,21807,0.16398,0.175,0.25409,0.23685,0.40537,0.77764,0.87284,0.91539,0.12421,0.14674,0.266,0.25016,0.62764,0.83762,0.84757
plantview__langdon_4__20-02-24,248,20102,0.16407,0.18104,0.31282,0.24957,0.43125,0.7645,0.86086,0.91827,0.12267,0.15237,0.32567,0.26361,0.67302,0.8334,0.8436
plantview__langdon_4__20-02-24,249,18536,0.17228,0.18023,0.26727,0.24195,0.36853,0.79397,0.86561,0.91481,0.11836,0.14235,0.27887,0.25045,0.68014,0.83146,0.85612
plantview__langdon_4__20-02-24,250,16830,0.19876,0.21145,0.36008,0.27204,0.25193,0.72466,0.86679,0.90298,0.13762,0.17184,0.37389,0.28013,0.60333,0.81557,0.83749
plantview__langdon_4__20-02-24,251,17313,0.20288,0.21378,0.35716,0.27267,0.23035,0.6684,0.86322,0.89031,0.1359,0.17225,0.37461,0.28315,0.5884,0.82637,0.84197
plantview__langdon_4__20-02-24,252,17351,0.21604,0.22031,0.36614,0.28322,0.24615,0.59697,0.88006,0.87992,0.14714,0.18146,0.38465,0.29042,0.52936,0.83863,0.84525
plantview__langdon_4__20-02-24,253,18064,0.19509,0.19358,0.27099,0.24845,0.27762,0.66071,0.86941,0.8902,0.13304,0.1583,0.2923,0.25701,0.60723,0.82772,0.83974
plantview__langdon_4__20-02-24,254,17695,0.18053,0.17546,0.25926,0.22597,0.26132,0.76513,0.90749,0.90276,0.11151,0.12935,0.26929,0.22323,0.66459,0.85923,0.87573
plantview__langdon_4__20-02-24,255,18616,0.17064,0.16727,0.22957,0.21414,0.28878,0.8057,0.92861,0.90133,0.10385,0.12125,0.24025,0.21482,0.74044,0.84991,0.8736
plantview__langdon_4__20-02-24,256,18383,0.155,0.16556,0.33539,0.22494,0.40396,0.81042,0.92096,0.91106,0.10211,0.12882,0.3448,0.22949,0.7489,0.85454,0.87799
plantview__langdon_4__20-02-24,257,19639,0.14048,0.14344,0.21138,0.19503,0.47981,0.81532,0.92652,0.91611,0.09467,0.11028,0.22005,0.19954,0.76633,0.87652,0.88548
plantview__langdon_4__20-02-24,258,21666,0.13326,0.14179,0.26059,0.1971,0.53157,0.85475,0.91549,0.9193,0.09251,0.11124,0.26759,0.20312,0.75432,0.88318,0.89357
plantview__langdon_4__20-02-24,259,22695,0.117,0.12326,0.19482,0.1801,0.56427,0.88685,0.92135,0.93156,0.0884,0.10135,0.20035,0.18546,0.79705,0.89716,0.90249
plantview__langdon_4__20-02-24,260,23848,0.11838,0.12701,0.19759,0.18341,0.53313,0.87685,0.92129,0.93818,0.09226,0.10643,0.20291,0.18962,0.7968,0.88339,0.89932
plantview__langdon_4__20-02-24,261,24169,0.11651,0.15632,0.28935,0.24846,0.68422,0.81224,0.85477,1.05472,0.12224,0.15786,0.27249,0.22938,0.6834,0.81973,0.86437
plantview__langdon_4__20-02-24,262,24269,0.12156,0.1589,0.2837,0.24908,0.65322,0.80922,0.85896,1.05788,0.12743,0.16046,0.26709,0.23016,0.61787,0.82546,0.8714
plantview__langdon_4__20-02-24,263,23403,0.17176,0.22465,0.34206,0.31166,0.48814,0.68401,0.77123,1.12917,0.17,0.20977,0.29676,0.25985,0.44857,0.71487,0.86139
plantview__langdon_4__20-02-24,264,21932,0.19187,0.25057,0.36414,0.33636,0.42718,0.67718,0.74065,1.22061,0.22211,0.25965,0.30898,0.27214,0.18927,0.604,0.87666
plantview__langdon_4__20-02-24,265,19654,0.223,0.29379,0.39951,0.37045,0.31011,0.61438,0.70433,1.30972,0.26589,0.30472,0.33468,0.29121,0.08858,0.46321,0.91991
plantview__langdon_4__20-02-24,266,18175,0.25678,0.34407,0.46215,0.4333,0.27626,0.54713,0.64814,1.41862,0.33769,0.37898,0.40889,0.34545,0.04759,0.2729,0.81728
plantview__langdon_4__20-02-24,267,17185,0.29166,0.39588,0.51445,0.49051,0.27524,0.48577,0.57038,1.45764,0.37742,0.42114,0.45332,0.38809,0.05738,0.23992,0.76421
plantview__langdon_4__20-02-24,268,16151,0.28456,0.39412,0.5022,0.4687,0.23286,0.45694,0.59903,1.49018,0.3607,0.40914,0.45977,0.37108,0.14104,0.29676,0.78107
plantview__langdon_4__20-02-24,269,14852,0.28682,0.3729,0.46753,0.44072,0.2327,0.40129,0.60766,1.5614,0.40123,0.39494,0.47106,0.39634,0.24549,0.338,0.67802
plantview__langdon_4__20-02-24,270,15041,0.29538,0.38223,0.47451,0.44754,0.19028,0.39678,0.59737,1.54278,0.42357,0.42888,0.49951,0.40856,0.16375,0.31727,0.67057
plantview__langdon_4__20-02-24,271,15187,0.28906,0.38327,0.49184,0.46011,0.21084,0.49081,0.59637,1.49172,0.41174,0.42596,0.46346,0.39807,0.08744,0.21064,0.73201
plantview__langdon_4__20-02-24,272,16948,0.28347,0.36419,0.46969,0.46281,0.24168,0.50637,0.59913,1.44742,0.38965,0.41592,0.44287,0.38781,0.03393,0.21,0.73779
plantview__langdon_4__20-02-24,273,19129,0.22362,0.29213,0.40112,0.3804,0.37059,0.60249,0.65241,1.35943,0.29787,0.33829,0.36036,0.30784,0.03178,0.35888,0.87689
plantview__langdon_4__20-02-24,274,20877,0.2078,0.26507,0.37411,0.3433,0.36859,0.6386,0.71198,1.23768,0.2504,0.27954,0.32194,0.29039,0.13273,0.5485,0.8826
plantview__langdon_4__20-02-24,275,22248,0.17758,0.2506,0.55489,0.34108,0.45883,0.69737,0.76555,1.13964,0.1857,0.24089,0.52488,0.298,0.39433,0.66446,0.85149
plantview__langdon_4__20-02-24,276,22673,0.1447,0.18893,0.30826,0.26968,0.53844,0.77908,0.82795,1.11152,0.15281,0.1844,0.2759,0.2376,0.52362,0.7557,0.86676
plantview__langdon_4__20-02-24,277,24241,0.13256,0.1774,0.30334,0.26423,0.62712,0.77835,0.82092,1.0866,0.13667,0.17357,0.27446,0.23299,0.58896,0.79267,0.86539
plantview__langdon_4__20-02-24,278,24720,0.11942,0.15821,0.28422,0.24687,0.6871,0.80587,0.8396,1.05673,0.12535,0.15947,0.26582,0.22698,0.67282,0.81509,0.85332
plantview__langdon_4__20-02-24,279,24930,0.11533,0.12639,0.2061,0.18651,0.5444,0.88696,0.9142,0.94918,0.09488,0.11089,0.21151,0.19183,0.78243,0.88404,0.89763
plantview__langdon_4__20-02-24,280,23403,0.13322,0.1508,0.33578,0.21197,0.50472,0.86955,0.92821,0.92962,0.09868,0.12439,0.34165,0.21748,0.74401,0.88023,0.88843
plantview__langdon_4__20-02-24,281,21565,0.14908,0.14933,0.20753,0.19519,0.41753,0.83835,0.94677,0.91134,0.09339,0.10634,0.21124,0.19442,0.745,0.88096,0.89219
plantview__langdon_4__20-02-24,282,19388,0.14583,0.14817,0.22234,0.1953,0.43517,0.83866,0.93001,0.90972,0.08861,0.10475,0.22861,0.19661,0.77661,0.88859,0.89261
plantview__langdon_4__20-02-24,283,18066,0.14619,0.15231,0.22106,0.2004,0.44133,0.83632,0.92157,0.91799,0.09874,0.11874,0.23451,0.20959,0.73685,0.85376,0.8857
plantview__langdon_4__20-02-24,284,18324,0.16672,0.17382,0.29189,0.22755,0.28618,0.82979,0.92382,0.89141,0.10249,0.13094,0.30758,0.23667,0.76086,0.8538,0.87181
plantview__langdon_4__20-02-24,285,17302,0.18205,0.18392,0.7278,0.22976,0.24176,0.77453,0.9188,0.87228,0.11165,0.1416,0.73645,0.23913,0.74801,0.85164,0.86036
plantview__langdon_4__20-02-24,286,18721,0.1791,0.17322,0.25033,0.23385,0.31109,0.73837,0.90118,0.8722,0.12025,0.14165,0.27464,0.24844,0.68479,0.85636,0.86459
plantview__langdon_4__20-02-24,287,18786,0.18731,0.19997,0.82159,0.25862,0.30235,0.71069,0.87379,0.8647,0.1378,0.17976,0.8356,0.28655,0.62903,0.82024,0.82844
plantview__langdon_4__20-02-24,288,18177,0.18383,0.18466,0.25904,0.23276,0.20812,0.75898,0.91588,0.86607,0.11645,0.1462,0.28786,0.25263,0.72025,0.83336,0.83666
plantview__langdon_4__20-02-24,289,18591,0.17445,0.18057,0.24749,0.22436,0.23259,0.80098,0.91345,0.8888,0.11354,0.14236,0.27103,0.24064,0.73562,0.82691,0.83879
plantview__langdon_4__20-02-24,290,19511,0.15345,0.16583,0.23425,0.20852,0.38117,0.81077,0.92338,0.91228,0.1084,0.13628,0.25483,0.22439,0.74619,0.81749,0.86095
plantview__langdon_4__20-02-24,291,20720,0.1486,0.16501,0.24959,0.22873,0.48036,0.80463,0.88098,0.93683,0.11572,0.14208,0.26286,0.24181,0.71366,0.82186,0.8348
plantview__langdon_4__20-02-24,292,23110,0.1427,0.15967,0.253,0.22591,0.51272,0.84704,0.88113,0.93226,0.1103,0.13588,0.26446,0.23838,0.6955,0.84764,0.85223
plantview__langdon_4__20-02-24,293,24429,0.12855,0.14056,0.21731,0.20265,0.53563,0.8494,0.91179,0.94337,0.10585,0.12378,0.22612,0.2126,0.71816,0.85063,0.88763
plantview__langdon_4__20-02-24,294,25512,0.1129,0.1258,0.20873,0.19445,0.58498,0.85815,0.91518,0.96128,0.09922,0.11541,0.21465,0.20122,0.77516,0.86363,0.89958
plantview__langdon_4__20-02-24,295,25786,0.12641,0.16818,0.29775,0.25978,0.66908,0.80179,0.83084,1.05512,0.12696,0.16383,0.27938,0.23973,0.67044,0.8061,0.8415
plantview__langdon_4__20-02-24,296,26093,0.13255,0.17462,0.29854,0.26377,0.644,0.77772,0.84283,1.06005,0.1352,0.17183,0.2797,0.24287,0.61334,0.78109,0.85402
plantview__langdon_4__20-02-24,297,22879,0.15268,0.20067,0.3185,0.28535,0.53831,0.74461,0.82578,1.10692,0.145,0.18153,0.28052,0.24456,0.57039,0.75593,0.84859
plantview__langdon_4__20-02-24,298,21436,0.17081,0.22203,0.33476,0.30572,0.45965,0.72019,0.80449,1.16141,0.17771,0.21232,0.28717,0.25332,0.35856,0.69929,0.85506
plantview__langdon_4__20-02-24,299,21233,0.20188,0.25658,0.36232,0.33812,0.37037,0.65328,0.74135,1.28577,0.25921,0.28823,0.32086,0.28424,0.0762,0.52579,0.91937
plantview__langdon_4__20-02-24,300,18809,0.21129,0.27276,0.37057,0.35647,0.37115,0.60274,0.69802,1.34606,0.26912,0.3097,0.33128,0.28007,0.05285,0.42831,0.93705
plantview__langdon_4__20-02-24,301,17268,0.24627,0.31435,0.41121,0.40366,0.29326,0.56156,0.63435,1.3948,0.33033,0.36506,0.38964,0.33657,0.04135,0.30664,0.8393
plantview__langdon_4__20-02-24,302,15811,0.27846,0.38593,0.67469,0.45742,0.20631,0.49529,0.61432,1.47761,0.37288,0.41299,0.63658,0.38752,0.0549,0.30548,0.79268
plantview__langdon_4__20-02-24,303,13700,0.33198,0.43066,0.51242,0.48167,0.08606,0.31737,0.55438,1.57321,0.43885,0.42752,0.5019,0.4251,0.16927,0.31818,0.68985
plantview__langdon_4__20-02-24,304,13867,0.31988,0.4214,0.53096,0.49075,0.14891,0.3429,0.56638,1.55129,0.39685,0.39712,0.48137,0.40183,0.16759,0.34809,0.68227
plantview__langdon_4__20-02-24,305,15989,0.26043,0.34321,0.44173,0.42276,0.26037,0.52086,0.59572,1.47992,0.36376,0.40575,0.44432,0.35556,0.03108,0.30308,0.8013
plantview__langdon_4__20-02-24,306,18312,0.24525,0.31398,0.40441,0.39278,0.28266,0.52894,0.63647,1.40798,0.31383,0.34084,0.36491,0.31553,0.06509,0.30084,0.86555
plantview__langdon_4__20-02-24,307,19123,0.20784,0.26441,0.36386,0.34407,0.37431,0.62344,0.72013,1.34815,0.28657,0.315,0.33616,0.29079,0.03744,0.38911,0.94833
plantview__langdon_4__20-02-24,308,19973,0.18043,0.23733,0.35298,0.3238,0.49226,0.69619,0.74941,1.24351,0.22948,0.26771,0.30584,0.26423,0.0748,0.61258,0.91338
plantview__langdon_4__20-02-24,309,21312,0.16228,0.22212,0.34774,0.30774,0.55382,0.71828,0.77684,1.12458,0.16169,0.20874,0.30321,0.25728,0.48794,0.70876,0.8636
plantview__langdon_4__20-02-24,310,23057,0.15249,0.2101,0.33908,0.29797,0.58837,0.72702,0.79351,1.10245,0.14559,0.1933,0.29924,0.25301,0.59288,0.74684,0.86247
plantview__langdon_4__20-02-24,311,25163,0.13753,0.19053,0.31972,0.27687,0.66407,0.7395,0.82494,1.06387,0.14194,0.18955,0.29539,0.24966,0.61809,0.73962,0.85042
plantview__langdon_4__20-02-24,312,26066,0.12985,0.17777,0.3034,0.26254,0.67149,0.7557,0.83384,1.05702,0.133,0.17629,0.28165,0.23839,0.67049,0.76218,0.86308
plantview__langdon_4__20-02-24,313,25994,0.12621,0.14553,0.22914,0.20766,0.54351,0.82438,0.90913,0.95455,0.10946,0.13289,0.23841,0.21843,0.73202,0.82596,0.88432
plantview__langdon_4__20-02-24,314,24858,0.12951,0.14541,0.224,0.20466,0.53641,0.82911,0.91757,0.94474,0.10832,0.12993,0.23464,0.21642,0.705,0.82919,0.8835
plantview__langdon_4__20-02-24,315,23159,0.14403,0.16162,0.23888,0.21549,0.46785,0.811,0.91433,0.93603,0.1168,0.14284,0.25305,0.2297,0.67822,0.81178,0.84874
plantview__langdon_4__20-02-24,316,21043,0.16,0.17778,0.25174,0.22641,0.38074,0.76524,0.89545,0.9233,0.1255,0.15549,0.27077,0.24424,0.66759,0.78782,0.83101
plantview__langdon_4__20-02-24,317,19976,0.16708,0.18415,0.25954,0.23081,0.32008,0.7913,0.89577,0.91218,0.12313,0.15629,0.28181,0.24975,0.71351,0.80021,0.81057
plantview__langdon_4__20-02-24,318,19424,0.17479,0.18945,0.26523,0.23668,0.28187,0.78732,0.88921,0.8984,0.12503,0.16026,0.29265,0.25952,0.72102,0.79937,0.80401
plantview__langdon_4__20-02-24,319,18841,0.19947,0.20244,0.26725,0.24457,0.14835,0.70357,0.90319,0.87367,0.1271,0.16005,0.29577,0.26242,0.67523,0.80935,0.81498
plantview__langdon_4__20-02-24,320,19172,0.20714,0.21153,0.28597,0.26152,0.16331,0.62852,0.86663,0.86983,0.14444,0.18149,0.322,0.28838,0.58408,0.78776,0.79209
plantview__langdon_4__20-02-24,321,19515,0.18556,0.19098,0.44485,0.24279,0.24233,0.72964,0.8806,0.87111,0.12472,0.1602,0.46602,0.26445,0.67297,0.8247,0.83449
plantview__langdon_4__20-02-24,322,19209,0.16757,0.16833,0.23921,0.21739,0.28591,0.81191,0.91369,0.86993,0.11188,0.13834,0.26934,0.23853,0.73419,0.85049,0.85444
plantview__langdon_4__20-02-24,323,20065,0.17187,0.19489,0.36231,0.24436,0.31438,0.7835,0.8924,0.89943,0.12278,0.16616,0.38455,0.26503,0.69684,0.80733,0.81336
plantview__langdon_4__20-02-24,324,20295,0.17085,0.18152,0.24695,0.22224,0.28086,0.78985,0.91806,0.89762,0.11482,0.14475,0.26935,0.23913,0.72594,0.81665,0.81912
plantview__langdon_4__20-02-24,325,21318,0.15202,0.16329,0.23374,0.20936,0.38188,0.80275,0.92574,0.91368,0.10536,0.13033,0.24899,0.22118,0.75476,0.84032,0.85369
plantview__langdon_4__20-02-24,326,23038,0.13592,0.14715,0.2201,0.19731,0.48142,0.85389,0.92647,0.92328,0.09958,0.12077,0.23179,0.20747,0.74646,0.85615,0.90642
plantview__langdon_4__20-02-24,327,25644,0.13244,0.14688,0.2211,0.20015,0.51291,0.84495,0.92622,0.93409,0.10189,0.12399,0.23227,0.21179,0.74887,0.83891,0.90356
plantview__langdon_4__20-02-24,328,25617,0.12112,0.13554,0.21081,0.19052,0.535,0.84471,0.93329,0.94218,0.09704,0.11698,0.21981,0.20058,0.80002,0.84928,0.91408
plantview__langdon_4__20-02-24,329,26647,0.11773,0.15824,0.28305,0.24272,0.70984,0.7814,0.87199,1.05094,0.12359,0.16012,0.26572,0.22377,0.70991,0.779,0.89537
plantview__langdon_4__20-02-24,330,26509,0.11836,0.15447,0.27272,0.23831,0.69267,0.79324,0.8708,1.05661,0.12548,0.1571,0.25635,0.22037,0.65472,0.79396,0.89962
plantview__langdon_4__20-02-24,331,24597,0.1277,0.16756,0.2811,0.24657,0.66073,0.77575,0.86714,1.08485,0.13473,0.16767,0.25615,0.21894,0.58861,0.77916,0.91283
plantview__langdon_4__20-02-24,332,22556,0.1446,0.18929,0.29842,0.26558,0.57133,0.75749,0.84687,1.11144,0.14727,0.18061,0.26357,0.22779,0.52602,0.75337,0.91616
plantview__langdon_4__20-02-24,333,20089,0.1593,0.21599,0.34685,0.29305,0.52481,0.73184,0.80596,1.15602,0.17515,0.2154,0.30204,0.24354,0.3596,0.68575,0.91294
plantview__langdon_4__20-02-24,334,19126,0.19992,0.26143,0.36307,0.33282,0.38801,0.6396,0.72566,1.35648,0.27922,0.31458,0.33534,0.28096,0.05882,0.42267,0.93909
plantview__langdon_4__20-02-24,335,17931,0.23085,0.29551,0.38846,0.37866,0.31342,0.59623,0.65786,1.40004,0.30672,0.34238,0.36194,0.30616,0.04066,0.32352,0.87591
plantview__langdon_4__20-02-24,336,15581,0.29752,0.39543,0.48924,0.4718,0.17387,0.45658,0.53739,1.50454,0.35131,0.38372,0.42756,0.35725,0.06424,0.32816,0.76664
plantview__langdon_4__20-02-24,337,15334,0.30105,0.39965,0.50104,0.49057,0.22408,0.40374,0.57369,1.56,0.39751,0.41618,0.47255,0.39743,0.13493,0.30768,0.6991
