sequence_id,frame_idx,raw_absrel,raw_mae,raw_rmse,raw_logrmse,raw_delta1,raw_delta2,raw_delta3,median_scale,aligned_absrel,aligned_mae,aligned_rmse,aligned_logrmse,aligned_delta1,aligned_delta2,aligned_delta3
plantview__langdon_4__05-03-24,0,0.21794,0.33891,0.42854,0.30544,0.10365,0.50811,0.90781,1.27453,0.11908,0.16299,0.30106,0.19442,0.65334,0.85749,0.93688
plantview__langdon_4__05-03-24,1,0.23769,0.37117,0.42875,0.32727,0.03969,0.47446,0.85427,1.26576,0.11488,0.16855,0.26288,0.18954,0.6431,0.8283,0.9484
plantview__langdon_4__05-03-24,2,0.25993,0.40132,0.46316,0.35993,0.03214,0.40509,0.78522,1.3099,0.13935,0.20515,0.27907,0.1966,0.45569,0.81066,0.95233
plantview__langdon_4__05-03-24,3,0.26198,0.40607,0.51175,0.36832,0.05229,0.40233,0.75558,1.32345,0.15566,0.2281,0.35089,0.20835,0.35771,0.79001,0.95456
plantview__langdon_4__05-03-24,4,0.27853,0.42985,0.50233,0.3963,0.06258,0.36854,0.68174,1.36967,0.17804,0.25562,0.31261,0.22047,0.26494,0.71708,0.95397
plantview__langdon_4__05-03-24,5,0.2967,0.45821,0.53267,0.42582,0.04908,0.33463,0.62871,1.38775,0.18883,0.27152,0.32773,0.23247,0.23795,0.68322,0.9554
plantview__langdon_4__05-03-24,6,0.29922,0.46262,0.54037,0.43291,0.06435,0.32822,0.60833,1.41067,0.2027,0.28659,0.33715,0.23993,0.20834,0.6273,0.95848
plantview__langdon_4__05-03-24,7,0.30301,0.47345,0.573,0.44,0.05961,0.35129,0.57613,1.41896,0.20899,0.2969,0.37379,0.24416,0.17416,0.6034,0.95756
plantview__langdon_4__05-03-24,8,0.27365,0.39624,0.48378,0.41668,0.21777,0.39916,0.61377,1.38902,0.23231,0.29435,0.33374,0.26051,0.16441,0.48797,0.95218
plantview__langdon_4__05-03-24,9,0.27908,0.41131,0.51493,0.45123,0.24871,0.39714,0.60412,1.41381,0.25344,0.32287,0.37153,0.2922,0.16563,0.40988,0.92444
plantview__langdon_4__05-03-24,10,0.28224,0.42473,0.53306,0.44494,0.25543,0.37701,0.56762,1.46741,0.25818,0.32261,0.38714,0.28615,0.18954,0.47542,0.92705
plantview__langdon_4__05-03-24,11,0.30488,0.4641,0.56219,0.49028,0.24768,0.35669,0.50917,1.54089,0.27443,0.33736,0.39295,0.30416,0.2181,0.46375,0.86837
plantview__langdon_4__05-03-24,12,0.31727,0.49329,0.63002,0.51372,0.23229,0.33628,0.46722,1.59414,0.28179,0.34213,0.46362,0.31947,0.30545,0.48413,0.82536
plantview__langdon_4__05-03-24,13,0.31761,0.49831,0.59585,0.50115,0.23213,0.3166,0.44118,1.63821,0.27379,0.31814,0.40759,0.31224,0.37426,0.5541,0.78535
plantview__langdon_4__05-03-24,14,0.33819,0.53899,0.6372,0.54789,0.21384,0.28933,0.39008,1.68058,0.29159,0.33761,0.43659,0.34334,0.39896,0.54296,0.69617
plantview__langdon_4__05-03-24,15,0.34877,0.57522,0.68328,0.57796,0.21342,0.27943,0.35465,1.71692,0.29851,0.35185,0.45451,0.35641,0.40588,0.55451,0.67192
plantview__langdon_4__05-03-24,16,0.34102,0.55433,0.6595,0.55303,0.23449,0.29449,0.36831,1.71374,0.29869,0.33972,0.43385,0.34293,0.39453,0.55844,0.68434
plantview__langdon_4__05-03-24,17,0.33639,0.53301,0.63249,0.53782,0.22412,0.30584,0.37872,1.70498,0.29887,0.33775,0.42994,0.33682,0.38978,0.536,0.70861
plantview__langdon_4__05-03-24,18,0.33011,0.51727,0.62128,0.53497,0.23755,0.33234,0.39608,1.67075,0.29851,0.34555,0.42537,0.3298,0.31825,0.50488,0.73845
plantview__langdon_4__05-03-24,19,0.31326,0.48361,0.58935,0.50462,0.25107,0.35659,0.43222,1.61813,0.29012,0.34111,0.41449,0.31597,0.26927,0.49917,0.81463
plantview__langdon_4__05-03-24,20,0.29063,0.4422,0.54367,0.465,0.27485,0.37597,0.50308,1.54652,0.27422,0.32992,0.38332,0.29484,0.21885,0.48456,0.89185
plantview__langdon_4__05-03-24,21,0.27753,0.41646,0.54183,0.44491,0.27751,0.4,0.55797,1.47403,0.26375,0.32655,0.40254,0.28848,0.16527,0.44533,0.9404
plantview__langdon_4__05-03-24,22,0.27467,0.40371,0.50799,0.44111,0.2792,0.41582,0.56269,1.44173,0.2629,0.32711,0.36733,0.28546,0.12307,0.4033,0.95101
plantview__langdon_4__05-03-24,23,0.26726,0.38746,0.48216,0.4166,0.25214,0.42045,0.60484,1.3832,0.24117,0.30499,0.34332,0.2685,0.13602,0.47258,0.94746
plantview__langdon_4__05-03-24,24,0.30591,0.47269,0.55427,0.44935,0.09623,0.34129,0.54094,1.43718,0.22162,0.30489,0.34819,0.25173,0.15283,0.55057,0.95019
plantview__langdon_4__05-03-24,25,0.30334,0.46643,0.54563,0.44283,0.07491,0.32946,0.57944,1.43578,0.21103,0.29283,0.34038,0.24408,0.19537,0.58005,0.94709
plantview__langdon_4__05-03-24,26,0.30017,0.46029,0.53642,0.43556,0.06881,0.33125,0.59615,1.41833,0.20516,0.28679,0.33735,0.24228,0.20675,0.62311,0.94559
plantview__langdon_4__05-03-24,27,0.28977,0.44164,0.51324,0.41613,0.06009,0.34467,0.64108,1.41681,0.19848,0.27578,0.32746,0.23638,0.22153,0.682,0.94485
plantview__langdon_4__05-03-24,28,0.27159,0.41402,0.48271,0.38609,0.0648,0.37442,0.72782,1.36846,0.17683,0.24907,0.31057,0.22533,0.30972,0.75199,0.94459
plantview__langdon_4__05-03-24,29,0.25696,0.39802,0.46011,0.36252,0.04709,0.4099,0.79713,1.32407,0.14649,0.21422,0.28213,0.20626,0.42783,0.80967,0.94076
plantview__langdon_4__05-03-24,30,0.24401,0.38167,0.4371,0.34167,0.03999,0.45353,0.85175,1.29451,0.12517,0.18332,0.26402,0.19858,0.59962,0.83797,0.93684
plantview__langdon_4__05-03-24,31,0.23405,0.36929,0.41904,0.32547,0.04538,0.48876,0.87892,1.26831,0.11493,0.16724,0.25288,0.19427,0.64989,0.85501,0.93802
plantview__langdon_4__05-03-24,32,0.23527,0.37193,0.42651,0.33218,0.05331,0.50296,0.86319,1.27203,0.12446,0.18197,0.26481,0.20179,0.61059,0.83916,0.94042
plantview__langdon_4__05-03-24,33,0.25314,0.39882,0.49538,0.36046,0.03372,0.44181,0.81915,1.30716,0.13997,0.20851,0.34072,0.2137,0.49683,0.82268,0.93729
plantview__langdon_4__05-03-24,34,0.25727,0.39832,0.46508,0.36984,0.04931,0.40628,0.80803,1.30482,0.14743,0.2167,0.29888,0.22223,0.452,0.80748,0.93288
plantview__langdon_4__05-03-24,35,0.28403,0.43587,0.51069,0.41545,0.06346,0.36307,0.69914,1.38765,0.18786,0.26822,0.33722,0.24391,0.2753,0.72609,0.92002
plantview__langdon_4__05-03-24,36,0.29722,0.4549,0.53021,0.43604,0.07757,0.33548,0.63363,1.4224,0.20187,0.28309,0.34248,0.2478,0.24562,0.65263,0.92602
plantview__langdon_4__05-03-24,37,0.3161,0.48397,0.56306,0.46752,0.07479,0.31336,0.56251,1.45694,0.22245,0.30737,0.36349,0.26331,0.21833,0.54684,0.92883
plantview__langdon_4__05-03-24,38,0.32328,0.49625,0.57959,0.48391,0.08178,0.31392,0.5075,1.48335,0.23831,0.3255,0.37501,0.27119,0.17208,0.48064,0.93421
plantview__langdon_4__05-03-24,39,0.32061,0.49392,0.58223,0.48409,0.09209,0.32337,0.50147,1.47825,0.24287,0.33031,0.37762,0.27464,0.14701,0.4611,0.93014
plantview__langdon_4__05-03-24,40,0.2671,0.38424,0.47876,0.41624,0.26919,0.41133,0.61127,1.39584,0.24786,0.30631,0.34783,0.27338,0.15413,0.45357,0.94426
plantview__langdon_4__05-03-24,41,0.28918,0.42669,0.53261,0.46632,0.2565,0.39441,0.54209,1.477,0.27752,0.34187,0.38671,0.3012,0.14199,0.38973,0.93239
plantview__langdon_4__05-03-24,42,0.29331,0.4393,0.54727,0.47923,0.28094,0.38571,0.51767,1.52505,0.2915,0.35436,0.40278,0.31154,0.15783,0.40944,0.89114
plantview__langdon_4__05-03-24,43,0.3086,0.46951,0.57812,0.508,0.27126,0.37217,0.46296,1.60726,0.3025,0.35964,0.41864,0.3223,0.20848,0.45353,0.80361
plantview__langdon_4__05-03-24,44,0.32535,0.50133,0.60259,0.52349,0.23994,0.34052,0.426,1.67094,0.30523,0.35606,0.42928,0.32695,0.24426,0.51933,0.75653
plantview__langdon_4__05-03-24,45,0.34276,0.5342,0.63276,0.54824,0.2161,0.30994,0.38539,1.71703,0.31106,0.35556,0.43685,0.33601,0.28214,0.5231,0.73076
plantview__langdon_4__05-03-24,46,0.3533,0.5613,0.65829,0.56005,0.20766,0.29331,0.34008,1.74243,0.30591,0.34204,0.43797,0.34048,0.35744,0.56967,0.71536
plantview__langdon_4__05-03-24,47,0.36339,0.5892,0.69347,0.58599,0.21109,0.28106,0.33339,1.76647,0.31924,0.35724,0.4566,0.35783,0.34575,0.56989,0.68702
plantview__langdon_4__05-03-24,48,0.35625,0.57378,0.68241,0.57624,0.22366,0.30239,0.34109,1.77064,0.33557,0.36759,0.46431,0.36514,0.31057,0.56906,0.68164
plantview__langdon_4__05-03-24,49,0.3508,0.55518,0.65931,0.55976,0.22655,0.30059,0.35562,1.75462,0.33252,0.36442,0.46123,0.35729,0.30087,0.56506,0.70177
plantview__langdon_4__05-03-24,50,0.33123,0.52121,0.70144,0.52835,0.23249,0.33017,0.40205,1.72662,0.33502,0.37368,0.55953,0.35488,0.27657,0.5541,0.69189
plantview__langdon_4__05-03-24,51,0.33095,0.50747,0.61733,0.54407,0.26058,0.3521,0.42378,1.7148,0.35039,0.3982,0.47919,0.36149,0.20344,0.48582,0.67366
plantview__langdon_4__05-03-24,52,0.31927,0.48639,0.59938,0.52957,0.27499,0.36151,0.44773,1.65132,0.33007,0.38385,0.44932,0.34562,0.18742,0.45507,0.72957
plantview__langdon_4__05-03-24,53,0.304,0.45553,0.57656,0.50537,0.27626,0.38197,0.50595,1.56114,0.31767,0.37912,0.44154,0.3369,0.16624,0.37968,0.82144
plantview__langdon_4__05-03-24,54,0.297,0.43875,0.55572,0.48434,0.25265,0.38386,0.53538,1.49367,0.29399,0.36112,0.41871,0.31825,0.15363,0.35867,0.90174
plantview__langdon_4__05-03-24,55,0.28053,0.40277,0.50084,0.44266,0.24622,0.40251,0.58107,1.41373,0.26726,0.3282,0.37294,0.29499,0.14335,0.41343,0.91941
plantview__langdon_4__05-03-24,56,0.33463,0.51646,0.61092,0.51126,0.09814,0.30861,0.47963,1.52103,0.26196,0.35317,0.41127,0.29326,0.1444,0.4386,0.91392
plantview__langdon_4__05-03-24,57,0.33146,0.50646,0.5924,0.50246,0.10669,0.29921,0.49414,1.50671,0.25626,0.3453,0.39855,0.28882,0.15577,0.45219,0.92151
plantview__langdon_4__05-03-24,58,0.31869,0.48783,0.65199,0.47952,0.08876,0.31254,0.55102,1.47189,0.23976,0.32761,0.49774,0.28333,0.20934,0.52432,0.90362
plantview__langdon_4__05-03-24,59,0.30006,0.45441,0.52702,0.43822,0.08471,0.3251,0.62351,1.42489,0.20829,0.2854,0.34498,0.25398,0.2426,0.6395,0.91856
plantview__langdon_4__05-03-24,60,0.28898,0.44429,0.51779,0.41957,0.07161,0.33432,0.68147,1.38603,0.18984,0.26998,0.34079,0.24581,0.28158,0.70845,0.92848
plantview__langdon_4__05-03-24,61,0.26448,0.41123,0.47506,0.37699,0.05514,0.3821,0.78363,1.32496,0.15483,0.22755,0.29905,0.2197,0.37847,0.7975,0.94225
plantview__langdon_4__05-03-24,62,0.24892,0.39224,0.45126,0.3523,0.04196,0.46038,0.81673,1.2948,0.14232,0.2114,0.28068,0.20802,0.46032,0.81542,0.94745
plantview__langdon_4__05-03-24,63,0.25057,0.3992,0.45061,0.35098,0.04102,0.41483,0.83081,1.30914,0.13195,0.19601,0.26867,0.20013,0.54085,0.82614,0.94486
plantview__langdon_4__05-03-24,64,0.24124,0.38242,0.43942,0.34681,0.08032,0.45018,0.83769,1.29735,0.14541,0.21057,0.28361,0.21607,0.48171,0.80841,0.9351
plantview__langdon_4__05-03-24,65,0.25506,0.40185,0.46471,0.37047,0.06203,0.4351,0.79342,1.30566,0.15224,0.22466,0.29923,0.22579,0.42851,0.79684,0.93233
plantview__langdon_4__05-03-24,66,0.28221,0.44234,0.51249,0.41514,0.05611,0.37164,0.70026,1.36193,0.18143,0.26796,0.33441,0.24466,0.27945,0.73945,0.92546
plantview__langdon_4__05-03-24,67,0.28851,0.44475,0.51818,0.42676,0.07413,0.34471,0.68281,1.3727,0.19462,0.27918,0.34718,0.25744,0.28293,0.69517,0.91366
plantview__langdon_4__05-03-24,68,0.32296,0.49713,0.57766,0.48592,0.06728,0.28961,0.58953,1.4884,0.23048,0.32053,0.39238,0.28482,0.25348,0.56235,0.89821
plantview__langdon_4__05-03-24,69,0.34935,0.55047,1.09813,0.53843,0.06036,0.27657,0.47326,1.54628,0.26225,0.37145,0.99111,0.31479,0.18903,0.48072,0.87613
plantview__langdon_4__05-03-24,70,0.35205,0.54906,0.68994,0.55001,0.08368,0.27116,0.47416,1.54007,0.26982,0.3721,0.50521,0.32195,0.19267,0.4415,0.85346
plantview__langdon_4__05-03-24,71,0.35791,0.55945,0.79979,0.56207,0.09061,0.28416,0.44523,1.56181,0.28796,0.39153,0.64244,0.32831,0.1496,0.39423,0.85662
plantview__langdon_4__05-03-24,72,0.30406,0.44013,0.54519,0.48962,0.22775,0.36112,0.54936,1.4657,0.29199,0.35872,0.41483,0.32575,0.16461,0.37822,0.86537
plantview__langdon_4__05-03-24,73,0.30939,0.45594,0.56635,0.5065,0.24591,0.35687,0.51067,1.53015,0.30751,0.37272,0.43243,0.33437,0.17215,0.39867,0.84873
plantview__langdon_4__05-03-24,74,0.31291,0.46936,0.58006,0.51096,0.25656,0.35472,0.48713,1.58026,0.32112,0.38194,0.44131,0.33854,0.17215,0.41119,0.78901
plantview__langdon_4__05-03-24,75,0.32394,0.49288,0.60261,0.52361,0.25885,0.33142,0.43748,1.65262,0.32379,0.37523,0.45376,0.34207,0.23198,0.47224,0.73336
plantview__langdon_4__05-03-24,76,0.33933,0.52697,0.67006,0.54197,0.23441,0.31719,0.39387,1.72458,0.33812,0.38182,0.52049,0.35655,0.25006,0.5303,0.70181
plantview__langdon_4__05-03-24,77,0.34538,0.54325,0.68616,0.54657,0.2126,0.30402,0.37778,1.75603,0.34501,0.37919,0.53271,0.36752,0.28317,0.57685,0.69766
plantview__langdon_4__05-03-24,78,0.36117,0.57351,0.67154,0.56662,0.20248,0.274,0.33711,1.77323,0.33851,0.36728,0.47053,0.36523,0.30553,0.5827,0.70827
plantview__langdon_4__05-03-24,79,0.37572,0.61231,0.73671,0.59717,0.18276,0.25194,0.32159,1.77985,0.33576,0.37738,0.50928,0.36978,0.29395,0.58107,0.70597
plantview__langdon_4__05-03-24,80,0.37554,0.61046,0.72951,0.57638,0.16172,0.22888,0.29073,1.77401,0.30596,0.33759,0.49034,0.34917,0.39978,0.61791,0.7512
plantview__langdon_4__05-03-24,81,0.35929,0.5704,0.67877,0.54475,0.17122,0.24344,0.33363,1.72085,0.31247,0.34296,0.48324,0.35069,0.37885,0.6114,0.738
plantview__langdon_4__05-03-24,82,0.36215,0.57606,0.7569,0.567,0.17747,0.26754,0.34904,1.73595,0.33282,0.38011,0.59494,0.36663,0.31482,0.55053,0.72315
plantview__langdon_4__05-03-24,83,0.354,0.55066,0.669,0.56294,0.19302,0.29718,0.37891,1.73005,0.34782,0.39625,0.51714,0.36866,0.26698,0.50575,0.70902
plantview__langdon_4__05-03-24,84,0.34068,0.52209,0.63294,0.55748,0.24462,0.32195,0.42007,1.68122,0.3489,0.40798,0.48758,0.36533,0.20546,0.44109,0.69446
plantview__langdon_4__05-03-24,85,0.32144,0.48406,0.59956,0.53465,0.25221,0.3497,0.4831,1.58761,0.33382,0.40204,0.46665,0.35638,0.17105,0.402,0.73368
plantview__langdon_4__05-03-24,86,0.32272,0.48021,0.59937,0.53041,0.22836,0.33264,0.50254,1.55973,0.31878,0.38769,0.46362,0.35094,0.19099,0.40771,0.78123
plantview__langdon_4__05-03-24,87,0.32009,0.46654,0.57063,0.51713,0.19833,0.31888,0.54439,1.49186,0.29228,0.36163,0.42865,0.33798,0.20677,0.40873,0.83766
plantview__langdon_4__05-03-24,88,0.37778,0.58748,0.67766,0.58906,0.07492,0.23268,0.39841,1.5907,0.28051,0.37869,0.45362,0.33295,0.1988,0.46124,0.8389
plantview__langdon_4__05-03-24,89,0.37189,0.57413,0.66165,0.58014,0.06561,0.2417,0.42102,1.58153,0.27486,0.37457,0.44792,0.32893,0.19295,0.44673,0.86142
plantview__langdon_4__05-03-24,90,0.34948,0.54505,0.68857,0.5568,0.08711,0.27825,0.491,1.53924,0.27534,0.38626,0.52818,0.33969,0.20462,0.46561,0.84479
plantview__langdon_4__05-03-24,91,0.33886,0.52519,0.60619,0.51684,0.07182,0.27281,0.5264,1.52254,0.24425,0.34336,0.41781,0.30028,0.23806,0.52529,0.89029
plantview__langdon_4__05-03-24,92,0.30584,0.47512,0.54623,0.45264,0.04695,0.30851,0.63008,1.39296,0.20076,0.29012,0.35771,0.266,0.26154,0.67146,0.91559
plantview__langdon_4__05-03-24,93,0.28012,0.43587,0.49918,0.40688,0.04767,0.36621,0.72377,1.33579,0.17206,0.25171,0.31859,0.24078,0.31926,0.75194,0.92725
plantview__langdon_4__05-03-24,94,0.26867,0.42119,0.47917,0.38664,0.05104,0.37525,0.77133,1.33601,0.15836,0.23122,0.30244,0.22929,0.40088,0.79686,0.92546
plantview__langdon_4__05-03-24,95,0.24456,0.38752,0.43941,0.34468,0.07796,0.4142,0.83293,1.31286,0.14647,0.21192,0.27742,0.20711,0.44772,0.8191,0.94197
plantview__langdon_4__05-03-24,96,0.22326,0.35293,0.40307,0.30538,0.08734,0.50222,0.88564,1.26639,0.12748,0.18454,0.25474,0.18634,0.53318,0.84605,0.95868
plantview__langdon_4__05-03-24,97,0.2624,0.41148,0.4587,0.35487,0.03677,0.34201,0.81424,1.3344,0.13519,0.19875,0.26291,0.1889,0.45495,0.84825,0.96028
plantview__langdon_4__05-03-24,98,0.28556,0.44591,0.51158,0.40255,0.03929,0.31344,0.72462,1.3555,0.15994,0.23605,0.31555,0.22145,0.35271,0.77463,0.94091
plantview__langdon_4__05-03-24,99,0.3159,0.48949,0.55755,0.46442,0.05052,0.27055,0.60517,1.40869,0.19972,0.28796,0.35596,0.26337,0.28509,0.65461,0.91519
plantview__langdon_4__05-03-24,100,0.34617,0.53524,0.61131,0.52064,0.07119,0.24561,0.48863,1.48918,0.23993,0.33547,0.4055,0.2981,0.21591,0.53124,0.88979
plantview__langdon_4__05-03-24,101,0.367,0.57201,0.66038,0.56333,0.06333,0.23453,0.44039,1.56074,0.26282,0.36676,0.45096,0.3218,0.21449,0.49477,0.87053
plantview__langdon_4__05-03-24,102,0.38237,0.61103,1.01616,0.60444,0.05015,0.21193,0.43033,1.58279,0.27516,0.39666,0.87229,0.34975,0.2068,0.47539,0.83699
plantview__langdon_4__05-03-24,103,0.39653,0.62611,0.73204,0.62974,0.04658,0.21423,0.37561,1.66851,0.29324,0.402,0.50312,0.35215,0.21762,0.45746,0.83638
plantview__langdon_4__05-03-24,104,0.32495,0.48132,0.73794,0.52803,0.22059,0.31352,0.5112,1.49795,0.30144,0.37782,0.63045,0.35142,0.20254,0.41535,0.83993
plantview__langdon_4__05-03-24,105,0.32394,0.48232,0.59203,0.52735,0.23209,0.31659,0.50286,1.54089,0.31192,0.38166,0.45107,0.34835,0.19988,0.41799,0.80626
plantview__langdon_4__05-03-24,106,0.33013,0.49463,0.6015,0.53579,0.23448,0.31771,0.47873,1.60083,0.3312,0.3934,0.45926,0.35345,0.18047,0.42058,0.73379
plantview__langdon_4__05-03-24,107,0.339,0.51895,0.63362,0.54538,0.23676,0.3132,0.42025,1.65983,0.33688,0.39284,0.48285,0.35794,0.22324,0.46183,0.72383
plantview__langdon_4__05-03-24,108,0.34656,0.53772,0.6441,0.5511,0.21124,0.30573,0.38402,1.701,0.33699,0.38197,0.47651,0.35915,0.26556,0.50202,0.7102
plantview__langdon_4__05-03-24,109,0.35249,0.55063,0.64213,0.54402,0.1824,0.27368,0.35603,1.71117,0.31542,0.34848,0.44978,0.34885,0.34365,0.58025,0.72694
plantview__langdon_4__05-03-24,110,0.36563,0.58861,0.76001,0.56302,0.17076,0.25239,0.31964,1.76636,0.31386,0.34667,0.57346,0.35736,0.39751,0.62391,0.73818
plantview__langdon_4__05-03-24,111,0.35874,0.5797,0.67286,0.5523,0.17518,0.25534,0.32796,1.74202,0.30469,0.33145,0.43676,0.34641,0.40571,0.60164,0.73343
plantview__langdon_4__05-03-24,112,0.34917,0.56253,0.65559,0.53017,0.1811,0.26463,0.35609,1.73038,0.31806,0.33626,0.44101,0.35306,0.38849,0.61569,0.7162
plantview__langdon_4__05-03-24,113,0.34574,0.54804,0.67214,0.5276,0.19393,0.28245,0.35979,1.73061,0.31868,0.33774,0.48748,0.35212,0.37858,0.61494,0.71982
plantview__langdon_4__05-03-24,114,0.34621,0.5414,0.6366,0.53727,0.19582,0.29092,0.38269,1.73047,0.33245,0.36199,0.46295,0.35828,0.31784,0.57985,0.7084
plantview__langdon_4__05-03-24,115,0.3368,0.52201,0.62249,0.53299,0.21213,0.31118,0.41196,1.69798,0.32604,0.36832,0.45435,0.34721,0.26494,0.53546,0.72372
plantview__langdon_4__05-03-24,116,0.33742,0.51731,0.62544,0.55272,0.23072,0.31919,0.4282,1.64474,0.32808,0.38952,0.46629,0.35453,0.22645,0.45805,0.70868
plantview__langdon_4__05-03-24,117,0.33347,0.50536,0.61673,0.54392,0.2348,0.31733,0.455,1.63228,0.32541,0.38901,0.46345,0.34943,0.19418,0.44529,0.73468
plantview__langdon_4__05-03-24,118,0.33332,0.4997,0.62118,0.5548,0.22208,0.32115,0.47598,1.57276,0.32331,0.3985,0.47718,0.36096,0.18426,0.39314,0.76545
plantview__langdon_4__05-03-24,119,0.34131,0.50485,0.61434,0.56535,0.19046,0.30908,0.47235,1.56645,0.30697,0.38675,0.45985,0.35479,0.20103,0.39519,0.82224
plantview__langdon_4__05-03-24,120,0.40565,0.6383,0.74084,0.64733,0.04067,0.20955,0.35443,1.73091,0.29509,0.40075,0.50518,0.34926,0.22215,0.47115,0.8222
plantview__langdon_4__05-03-24,121,0.39004,0.60939,0.69769,0.61888,0.04226,0.21726,0.39673,1.65246,0.27936,0.38925,0.47018,0.33923,0.19873,0.45967,0.84899
plantview__langdon_4__05-03-24,122,0.38761,0.60605,0.69064,0.61151,0.04236,0.20723,0.41449,1.61637,0.2722,0.38504,0.45952,0.3345,0.17251,0.46114,0.85377
plantview__langdon_4__05-03-24,123,0.34497,0.53188,0.6055,0.5227,0.06369,0.24617,0.51331,1.48862,0.23433,0.33026,0.39474,0.2934,0.22658,0.52401,0.88346
plantview__langdon_4__05-03-24,124,0.30956,0.48077,0.54424,0.44641,0.0501,0.27417,0.61794,1.41172,0.19013,0.27469,0.33694,0.24497,0.29043,0.67082,0.93586
plantview__langdon_4__05-03-24,125,0.29878,0.46088,0.52034,0.43557,0.0417,0.29872,0.67145,1.36793,0.17807,0.25858,0.32452,0.24785,0.32227,0.72745,0.92064
plantview__langdon_4__05-03-24,126,0.26927,0.42167,0.47029,0.36712,0.03044,0.35327,0.77397,1.33563,0.14441,0.21234,0.27226,0.19671,0.40725,0.81706,0.96563
plantview__langdon_4__05-03-24,127,0.22622,0.36062,0.44118,0.3065,0.06771,0.48466,0.88374,1.27383,0.12167,0.17913,0.29787,0.1796,0.56187,0.85504,0.96487
plantview__langdon_4__05-03-24,128,0.2517,0.39769,0.43815,0.3361,0.03703,0.36664,0.83842,1.31042,0.12462,0.18171,0.24547,0.18084,0.52071,0.85675,0.96117
plantview__langdon_4__05-03-24,129,0.27727,0.43515,0.48723,0.38539,0.02605,0.32511,0.74965,1.34842,0.15006,0.22015,0.28779,0.21201,0.41978,0.79402,0.94791
plantview__langdon_4__05-03-24,130,0.2948,0.45748,0.518,0.42019,0.03047,0.30045,0.68881,1.37261,0.16844,0.24614,0.31433,0.23115,0.33887,0.75152,0.94071
plantview__langdon_4__05-03-24,131,0.33658,0.52573,0.68473,0.49511,0.02,0.23502,0.57296,1.47599,0.20335,0.29611,0.50148,0.26597,0.27569,0.63388,0.91252
plantview__langdon_4__05-03-24,132,0.34972,0.54183,0.61812,0.52904,0.03551,0.24085,0.52269,1.50237,0.22961,0.32826,0.39531,0.28981,0.22248,0.53766,0.89053
plantview__langdon_4__05-03-24,133,0.37326,0.58036,0.6604,0.56875,0.03473,0.21116,0.4437,1.57292,0.24431,0.34716,0.41729,0.29878,0.2055,0.4984,0.88567
plantview__langdon_4__05-03-24,134,0.37446,0.58487,0.67208,0.58126,0.03955,0.22719,0.45028,1.58012,0.25981,0.36737,0.43835,0.31582,0.18731,0.4685,0.86779
plantview__langdon_4__05-03-24,135,0.39172,0.61135,0.70151,0.6215,0.04179,0.22304,0.40136,1.65566,0.28725,0.39444,0.46281,0.33729,0.15778,0.4376,0.85717
plantview__langdon_4__05-03-24,136,0.33292,0.48814,0.59228,0.53902,0.16732,0.3128,0.48814,1.50172,0.29183,0.36875,0.43113,0.33996,0.1405,0.40509,0.85423
plantview__langdon_4__05-03-24,137,0.32538,0.48328,0.59665,0.53794,0.23019,0.3419,0.47508,1.55221,0.31601,0.38694,0.4455,0.34683,0.16228,0.37667,0.82067
plantview__langdon_4__05-03-24,138,0.3365,0.50938,0.63089,0.56903,0.24584,0.34007,0.43858,1.62765,0.34226,0.41188,0.48061,0.36834,0.17708,0.38573,0.71551
plantview__langdon_4__05-03-24,139,0.34349,0.52623,0.64943,0.59031,0.25582,0.34681,0.44018,1.67194,0.36825,0.44043,0.50764,0.38724,0.16087,0.36602,0.6642
plantview__langdon_4__05-03-24,140,0.33944,0.52731,0.63874,0.55724,0.23721,0.33672,0.41861,1.72162,0.35045,0.40105,0.47737,0.36334,0.21642,0.46275,0.69168
plantview__langdon_4__05-03-24,141,0.3565,0.55908,0.67247,0.58749,0.21327,0.3227,0.38926,1.78789,0.38231,0.42263,0.51763,0.39528,0.25848,0.46718,0.6483
plantview__langdon_4__05-03-24,142,0.34846,0.55527,0.67726,0.55499,0.22743,0.31623,0.36851,1.7767,0.35597,0.37981,0.4972,0.37481,0.29966,0.55465,0.68193
plantview__langdon_4__05-03-24,143,0.34422,0.56199,0.74966,0.5405,0.22513,0.30337,0.36283,1.76083,0.33182,0.35209,0.56033,0.35917,0.335,0.59702,0.69382
plantview__langdon_4__05-03-24,144,0.33837,0.55327,0.6732,0.55141,0.2632,0.33436,0.36665,1.74956,0.34283,0.37263,0.46302,0.36543,0.33127,0.51458,0.66036
plantview__langdon_4__05-03-24,145,0.34403,0.55958,0.85668,0.57236,0.24682,0.35275,0.37447,1.79728,0.35913,0.40032,0.71295,0.37887,0.31047,0.48537,0.64977
plantview__langdon_4__05-03-24,146,0.34434,0.54355,0.66952,0.58672,0.24627,0.36814,0.41004,1.77171,0.38804,0.4355,0.52227,0.39811,0.25312,0.40465,0.61488
plantview__langdon_4__05-03-24,147,0.32858,0.51363,0.63811,0.55479,0.2768,0.37543,0.43123,1.69593,0.36106,0.41519,0.48836,0.37155,0.20884,0.39563,0.66858
plantview__langdon_4__05-03-24,148,0.32506,0.49805,0.62129,0.55537,0.27918,0.37664,0.44883,1.64328,0.34909,0.4144,0.47253,0.36308,0.16758,0.36148,0.72224
plantview__langdon_4__05-03-24,149,0.31695,0.47755,0.60017,0.5361,0.25918,0.38196,0.46972,1.57332,0.33203,0.40257,0.44956,0.34748,0.10651,0.34283,0.79554
plantview__langdon_4__05-03-24,150,0.31032,0.47088,0.79064,0.53088,0.25083,0.38897,0.51077,1.51163,0.31393,0.39935,0.68406,0.3493,0.10959,0.32976,0.84197
plantview__langdon_4__05-03-24,151,0.31736,0.46182,0.56981,0.52156,0.19119,0.37314,0.49925,1.48088,0.29178,0.36735,0.41425,0.33031,0.10255,0.35316,0.86193
plantview__langdon_4__05-03-24,152,0.36863,0.57539,0.79766,0.59029,0.05069,0.27134,0.44282,1.55948,0.27962,0.39053,0.62278,0.33919,0.13826,0.41381,0.83257
plantview__langdon_4__05-03-24,153,0.37452,0.5818,0.72253,0.60034,0.03648,0.24327,0.44248,1.57439,0.27416,0.38608,0.52063,0.34054,0.15365,0.4319,0.84522
plantview__langdon_4__05-03-24,154,0.36111,0.5695,0.89975,0.56815,0.03995,0.24642,0.47916,1.54414,0.25492,0.3687,0.75085,0.32407,0.19845,0.47327,0.86565
plantview__langdon_4__05-03-24,155,0.34102,0.53039,0.61449,0.5254,0.03997,0.26263,0.54705,1.49032,0.23027,0.33136,0.40024,0.29544,0.24417,0.51851,0.87334
plantview__langdon_4__05-03-24,156,0.32429,0.50112,0.57587,0.48573,0.03296,0.27105,0.61159,1.45148,0.20947,0.30084,0.37239,0.27419,0.28071,0.60045,0.89589
plantview__langdon_4__05-03-24,157,0.30912,0.48126,0.54384,0.45313,0.03122,0.27679,0.64902,1.41618,0.18264,0.26563,0.32922,0.2469,0.31507,0.70179,0.92235
plantview__langdon_4__05-03-24,158,0.28059,0.44156,0.49592,0.39169,0.02129,0.33403,0.73113,1.38722,0.15618,0.23043,0.28778,0.20576,0.33671,0.81782,0.95565
plantview__langdon_4__05-03-24,159,0.27201,0.42861,0.46828,0.36288,0.031,0.26731,0.80966,1.35851,0.13252,0.18961,0.25793,0.18957,0.51403,0.84366,0.95929
plantview__langdon_4__05-03-24,160,0.2648,0.4196,0.46359,0.35925,0.03465,0.33981,0.79601,1.34793,0.1358,0.19901,0.25664,0.18777,0.46222,0.82817,0.965
plantview__langdon_4__05-03-24,161,0.27551,0.43836,0.73005,0.38667,0.02656,0.33845,0.75668,1.36363,0.15133,0.22756,0.61028,0.21193,0.38561,0.80348,0.95183
plantview__langdon_4__05-03-24,162,0.29526,0.45948,0.52883,0.4328,0.03694,0.32663,0.6848,1.38016,0.1825,0.26669,0.33524,0.24778,0.31123,0.7281,0.91372
plantview__langdon_4__05-03-24,163,0.30778,0.4776,0.55537,0.45996,0.05459,0.30752,0.64663,1.4063,0.2036,0.29468,0.36541,0.26859,0.28017,0.63909,0.89303
plantview__langdon_4__05-03-24,164,0.32597,0.50099,0.58885,0.50289,0.06424,0.30163,0.59365,1.45546,0.2383,0.33354,0.40495,0.30304,0.2273,0.52748,0.87085
plantview__langdon_4__05-03-24,165,0.32985,0.50605,0.60219,0.51919,0.08472,0.30978,0.54542,1.47055,0.25757,0.35682,0.4238,0.31637,0.1763,0.4652,0.86912
plantview__langdon_4__05-03-24,166,0.3365,0.51623,0.61536,0.5351,0.07786,0.31287,0.52339,1.48744,0.26444,0.36451,0.42941,0.32294,0.15625,0.43269,0.86702
plantview__langdon_4__05-03-24,167,0.34081,0.53486,0.80222,0.54389,0.07753,0.32533,0.4992,1.51035,0.27086,0.37997,0.65356,0.32294,0.13343,0.39417,0.873
plantview__langdon_4__05-03-24,168,0.29501,0.43194,0.55113,0.4971,0.22062,0.41846,0.56133,1.43623,0.28842,0.36556,0.42067,0.33502,0.1083,0.35511,0.86347
plantview__langdon_4__05-03-24,169,0.29768,0.4425,0.57786,0.53215,0.29547,0.43448,0.55143,1.4516,0.32005,0.404,0.45864,0.36935,0.09523,0.27332,0.82045
plantview__langdon_4__05-03-24,170,0.2991,0.4549,0.59224,0.53608,0.33823,0.4287,0.51739,1.49506,0.33701,0.42101,0.46741,0.36857,0.0915,0.28236,0.80805
plantview__langdon_4__05-03-24,171,0.30438,0.46795,0.59769,0.52936,0.32639,0.40676,0.48689,1.56247,0.33646,0.40764,0.46213,0.35806,0.14262,0.3538,0.76213
plantview__langdon_4__05-03-24,172,0.32361,0.51185,0.73936,0.55675,0.27037,0.38896,0.44527,1.62916,0.36465,0.43774,0.62479,0.38285,0.20404,0.35484,0.66943
plantview__langdon_4__05-03-24,173,0.33009,0.52527,0.65326,0.56609,0.28392,0.37341,0.41742,1.69336,0.37709,0.43268,0.51345,0.39154,0.24215,0.38488,0.59948
plantview__langdon_4__05-03-24,174,0.32163,0.51649,0.63682,0.5242,0.27831,0.35391,0.41011,1.69253,0.35174,0.38737,0.47811,0.36913,0.29727,0.47925,0.64282
plantview__langdon_4__05-03-24,175,0.32596,0.53491,0.65486,0.52966,0.27996,0.35006,0.38293,1.72372,0.33013,0.36032,0.45038,0.3546,0.34344,0.52491,0.65884
plantview__langdon_4__05-03-24,176,0.32895,0.54048,0.64928,0.51931,0.24517,0.31133,0.40014,1.69957,0.3117,0.34984,0.43752,0.33938,0.33459,0.56934,0.69399
plantview__langdon_4__05-03-24,177,0.31708,0.51126,0.65311,0.50867,0.26385,0.33891,0.43865,1.66784,0.3382,0.37847,0.50112,0.35979,0.30765,0.52153,0.66235
plantview__langdon_4__05-03-24,178,0.31905,0.50382,0.61835,0.5175,0.25505,0.35708,0.45687,1.65728,0.35081,0.401,0.48338,0.36474,0.24598,0.4679,0.66434
plantview__langdon_4__05-03-24,179,0.3143,0.49371,0.60853,0.51883,0.28473,0.37003,0.4452,1.62141,0.33219,0.39353,0.46193,0.34793,0.20957,0.43306,0.73261
plantview__langdon_4__05-03-24,180,0.30286,0.46962,0.59387,0.51458,0.31799,0.3919,0.49243,1.55542,0.32642,0.39852,0.46123,0.34958,0.18508,0.39336,0.76007
plantview__langdon_4__05-03-24,181,0.29022,0.44246,0.57246,0.50304,0.34269,0.4174,0.53896,1.47914,0.3266,0.40595,0.4582,0.35395,0.13708,0.31746,0.81127
plantview__langdon_4__05-03-24,182,0.28885,0.44038,0.78975,0.50144,0.29899,0.43054,0.5623,1.47877,0.31302,0.39765,0.70495,0.34688,0.13495,0.30196,0.85283
plantview__langdon_4__05-03-24,183,0.28185,0.41628,0.54364,0.47921,0.28036,0.44257,0.57798,1.41817,0.29484,0.37327,0.4285,0.33378,0.09985,0.33504,0.85279
plantview__langdon_4__05-03-24,184,0.33604,0.52593,0.64061,0.54386,0.09945,0.33528,0.50962,1.48924,0.27787,0.38639,0.45955,0.33512,0.12401,0.40357,0.84604
plantview__langdon_4__05-03-24,185,0.33342,0.51865,0.63366,0.54108,0.0859,0.34204,0.53242,1.4566,0.27008,0.38005,0.4605,0.33904,0.13972,0.44537,0.83678
plantview__langdon_4__05-03-24,186,0.31462,0.4819,0.5753,0.49045,0.09335,0.33986,0.5785,1.44148,0.25013,0.34616,0.40928,0.30537,0.17317,0.49695,0.87753
plantview__langdon_4__05-03-24,187,0.29766,0.45636,0.54034,0.44801,0.09275,0.35634,0.62853,1.38618,0.22145,0.30989,0.371,0.27585,0.21752,0.59092,0.90072
plantview__langdon_4__05-03-24,188,0.28611,0.43728,0.51408,0.41933,0.07226,0.36568,0.68235,1.36528,0.19891,0.28064,0.34845,0.25608,0.26622,0.68198,0.91195
plantview__langdon_4__05-03-24,189,0.27247,0.42339,0.49651,0.39916,0.07675,0.3863,0.73072,1.331,0.17949,0.26058,0.3307,0.24387,0.31573,0.73089,0.91773
plantview__langdon_4__05-03-24,190,0.2633,0.41507,0.48108,0.37923,0.05315,0.41554,0.74446,1.34345,0.16606,0.24579,0.30671,0.22062,0.32038,0.76557,0.93834
plantview__langdon_4__05-03-24,191,0.25489,0.40201,0.44844,0.34736,0.04501,0.37894,0.82444,1.3254,0.13712,0.19794,0.2607,0.1931,0.47128,0.83476,0.95031
plantview__langdon_4__05-03-24,192,0.24935,0.39375,0.44202,0.34256,0.04098,0.41207,0.84117,1.30255,0.13312,0.19556,0.26594,0.19615,0.52322,0.83114,0.94243
plantview__langdon_4__05-03-24,193,0.23997,0.37652,0.44495,0.34747,0.07722,0.49496,0.80451,1.26329,0.14941,0.2194,0.29984,0.22319,0.4865,0.76822,0.92655
plantview__langdon_4__05-03-24,194,0.26086,0.41405,0.88753,0.39001,0.08192,0.44256,0.73573,1.30225,0.17495,0.26407,0.80966,0.24714,0.33372,0.72157,0.91382
plantview__langdon_4__05-03-24,195,0.26757,0.40888,0.48315,0.39492,0.08956,0.412,0.71948,1.31234,0.1852,0.26256,0.32685,0.2473,0.2916,0.70466,0.91502
plantview__langdon_4__05-03-24,196,0.28657,0.44025,0.52414,0.43314,0.10184,0.39151,0.64624,1.35684,0.21175,0.30064,0.36019,0.26872,0.21548,0.62155,0.90541
plantview__langdon_4__05-03-24,197,0.30072,0.46537,0.55848,0.46332,0.11261,0.36568,0.59771,1.38948,0.23325,0.33042,0.39108,0.28795,0.17693,0.54468,0.89218
plantview__langdon_4__05-03-24,198,0.3139,0.49014,0.5905,0.49524,0.10946,0.36756,0.54749,1.41568,0.25207,0.3564,0.41625,0.3091,0.12929,0.49309,0.87014
plantview__langdon_4__05-03-24,199,0.32373,0.51105,0.61243,0.50668,0.10715,0.34326,0.52358,1.45536,0.25512,0.3596,0.42074,0.30526,0.14337,0.46154,0.87522
plantview__langdon_4__05-03-24,200,0.27553,0.41034,0.52995,0.46292,0.28008,0.43239,0.61198,1.39173,0.2782,0.35794,0.41339,0.32364,0.12953,0.38201,0.87183
plantview__langdon_4__05-03-24,201,0.28005,0.42303,0.57703,0.48166,0.31626,0.4162,0.59798,1.42619,0.29695,0.37917,0.47119,0.33935,0.15478,0.34182,0.85405
plantview__langdon_4__05-03-24,202,0.28426,0.43294,0.56603,0.47908,0.31195,0.40097,0.55692,1.47612,0.30373,0.37834,0.45246,0.33449,0.17055,0.38699,0.84919
plantview__langdon_4__05-03-24,203,0.30527,0.47156,0.599,0.53199,0.30509,0.38797,0.51929,1.54977,0.33192,0.40957,0.47868,0.36689,0.20976,0.37533,0.71865
plantview__langdon_4__05-03-24,204,0.31891,0.49999,0.61327,0.52488,0.25565,0.35631,0.46829,1.63079,0.33007,0.39616,0.46874,0.34969,0.2244,0.43586,0.73998
plantview__langdon_4__05-03-24,205,0.33446,0.52935,0.63524,0.53734,0.2252,0.31834,0.43208,1.69419,0.33161,0.38738,0.47179,0.35299,0.24671,0.50167,0.70158
plantview__langdon_4__05-03-24,206,0.33665,0.54272,0.64707,0.5321,0.22952,0.29295,0.43821,1.70461,0.32479,0.37714,0.45732,0.34481,0.23109,0.54384,0.7128
plantview__langdon_4__05-03-24,207,0.34736,0.57332,0.68685,0.54691,0.21048,0.28405,0.39771,1.73438,0.31302,0.3617,0.45459,0.33974,0.26523,0.57884,0.71727
plantview__langdon_4__05-03-24,208,0.34904,0.57478,0.67137,0.54204,0.19571,0.25683,0.4154,1.74055,0.29573,0.35113,0.42297,0.31986,0.23499,0.60666,0.75692
plantview__langdon_4__05-03-24,209,0.34418,0.55692,0.65568,0.54205,0.19673,0.26718,0.46093,1.70618,0.31631,0.37971,0.45477,0.3383,0.20426,0.55043,0.73985
plantview__langdon_4__05-03-24,210,0.34777,0.58014,1.03491,0.56734,0.19368,0.28938,0.45384,1.71123,0.32346,0.41525,0.913,0.36029,0.20218,0.52368,0.72794
plantview__langdon_4__05-03-24,211,0.33958,0.53916,0.76757,0.56264,0.20017,0.31117,0.48626,1.62457,0.32312,0.40837,0.63112,0.35812,0.22322,0.43206,0.72074
plantview__langdon_4__05-03-24,212,0.32162,0.49897,0.61721,0.54885,0.2483,0.34266,0.53962,1.54652,0.3173,0.40285,0.47944,0.36559,0.2378,0.39701,0.73326
plantview__langdon_4__05-03-24,213,0.29659,0.45719,0.61366,0.5107,0.28324,0.3706,0.59171,1.47775,0.29658,0.38107,0.49673,0.35129,0.23573,0.40501,0.82951
plantview__langdon_4__05-03-24,214,0.28087,0.4264,0.54467,0.4699,0.28962,0.39064,0.62264,1.42878,0.27419,0.35264,0.41726,0.32026,0.21297,0.41059,0.86861
plantview__langdon_4__05-03-24,215,0.27052,0.40491,0.51784,0.44489,0.28456,0.40348,0.64726,1.37697,0.2597,0.33681,0.39792,0.30841,0.17921,0.44597,0.88206
plantview__langdon_4__05-03-24,216,0.31225,0.49563,0.59385,0.48437,0.11606,0.35418,0.54189,1.42511,0.23957,0.34242,0.40417,0.29306,0.15147,0.53043,0.88699
plantview__langdon_4__05-03-24,217,0.31482,0.49733,0.59362,0.48682,0.0997,0.33757,0.55324,1.42864,0.23769,0.34114,0.40392,0.29238,0.16764,0.5197,0.89088
plantview__langdon_4__05-03-24,218,0.29746,0.4648,0.552,0.44924,0.10687,0.36065,0.60063,1.38856,0.21903,0.31478,0.37123,0.26912,0.18074,0.58424,0.92222
plantview__langdon_4__05-03-24,219,0.28604,0.44472,0.52696,0.42621,0.10307,0.38008,0.62358,1.35239,0.20437,0.2952,0.35239,0.25582,0.20783,0.63086,0.93274
plantview__langdon_4__05-03-24,220,0.26337,0.40404,0.47752,0.38203,0.07993,0.42069,0.7279,1.31011,0.17369,0.2488,0.31361,0.22921,0.31743,0.70903,0.94277
plantview__langdon_4__05-03-24,221,0.25824,0.39737,0.46665,0.37538,0.069,0.44085,0.74993,1.29124,0.16545,0.24061,0.30774,0.2286,0.34358,0.73439,0.92905
plantview__langdon_4__05-03-24,222,0.25509,0.39763,0.4651,0.36088,0.03952,0.44173,0.79253,1.29538,0.14929,0.21893,0.30165,0.21533,0.45172,0.77977,0.93021
plantview__langdon_4__05-03-24,223,0.2426,0.38395,0.43586,0.33845,0.05994,0.43616,0.84506,1.28703,0.13466,0.19686,0.26822,0.20087,0.52658,0.81485,0.93959
plantview__langdon_4__05-03-24,224,0.2364,0.37172,0.42234,0.32299,0.04529,0.45807,0.87244,1.27237,0.12114,0.17331,0.2584,0.19217,0.61884,0.83529,0.93879
plantview__langdon_4__05-03-24,225,0.24966,0.3881,0.43701,0.34164,0.03449,0.43539,0.81907,1.28849,0.13046,0.18944,0.25895,0.19369,0.55634,0.81098,0.94993
plantview__langdon_4__05-03-24,226,0.25235,0.38939,0.447,0.35277,0.05961,0.43926,0.77707,1.28672,0.14901,0.21657,0.27637,0.20379,0.42284,0.76316,0.95848
plantview__langdon_4__05-03-24,227,0.26701,0.4141,0.48462,0.38503,0.07293,0.40373,0.72188,1.29808,0.17239,0.25053,0.31792,0.23323,0.33814,0.70978,0.93112
plantview__langdon_4__05-03-24,228,0.28095,0.43756,0.51645,0.41369,0.09104,0.37346,0.67873,1.33595,0.19285,0.27887,0.34549,0.2521,0.26569,0.68517,0.91767
plantview__langdon_4__05-03-24,229,0.29087,0.46002,0.55131,0.44199,0.10263,0.36307,0.64042,1.35067,0.20721,0.30545,0.37564,0.27122,0.22224,0.64175,0.90232
plantview__langdon_4__05-03-24,230,0.30042,0.4804,0.71303,0.45176,0.07472,0.34566,0.61453,1.38676,0.2051,0.30629,0.56857,0.26572,0.21325,0.65962,0.90452
plantview__langdon_4__05-03-24,231,0.30885,0.49191,0.61349,0.46449,0.08353,0.33506,0.58195,1.41227,0.21725,0.3152,0.42582,0.27203,0.19832,0.60658,0.90839
plantview__langdon_4__05-03-24,232,0.26002,0.39127,0.49926,0.42167,0.27103,0.40335,0.69667,1.34974,0.23462,0.31035,0.3746,0.28873,0.21833,0.50623,0.89615
plantview__langdon_4__05-03-24,233,0.28115,0.42753,0.54213,0.46698,0.27365,0.37516,0.63282,1.41685,0.26322,0.34382,0.41055,0.31463,0.22686,0.4173,0.87871
plantview__langdon_4__05-03-24,234,0.29455,0.45255,0.56617,0.49218,0.27049,0.35583,0.59138,1.4524,0.28091,0.36503,0.43097,0.33035,0.21756,0.42216,0.84889
plantview__langdon_4__05-03-24,235,0.32146,0.50036,0.60993,0.53438,0.22143,0.32379,0.52794,1.54688,0.29938,0.38501,0.45427,0.34303,0.20982,0.43938,0.7574
plantview__langdon_4__05-03-24,236,0.33171,0.52244,0.62218,0.5345,0.17791,0.29186,0.50838,1.59043,0.30005,0.38083,0.45162,0.33582,0.21828,0.47264,0.77271
plantview__langdon_4__05-03-24,237,0.35234,0.56253,0.66735,0.55594,0.15934,0.25901,0.44266,1.70031,0.30957,0.38211,0.47679,0.33854,0.22803,0.52879,0.75542
plantview__langdon_4__05-03-24,238,0.35852,0.58281,0.67173,0.55417,0.15932,0.23378,0.39498,1.73866,0.29377,0.35646,0.44234,0.32581,0.2885,0.56941,0.77144
plantview__langdon_4__05-03-24,239,0.35991,0.59459,0.68183,0.54983,0.13959,0.22365,0.3938,1.74112,0.28432,0.34467,0.42825,0.31864,0.30556,0.59608,0.78654
plantview__langdon_4__05-03-24,240,0.3489,0.57418,0.65306,0.51706,0.12947,0.21848,0.39116,1.69954,0.25587,0.30696,0.39554,0.29742,0.37553,0.64639,0.81088
plantview__langdon_4__05-03-24,241,0.3447,0.55426,0.63279,0.515,0.13841,0.23091,0.41583,1.69053,0.27656,0.32959,0.42351,0.31457,0.34265,0.62872,0.78539
plantview__langdon_4__05-03-24,242,0.34217,0.55125,0.78452,0.53322,0.14764,0.27072,0.44388,1.66376,0.30461,0.38166,0.64265,0.33593,0.26528,0.50485,0.77525
plantview__langdon_4__05-03-24,243,0.3355,0.52627,0.62198,0.53493,0.1708,0.28339,0.47367,1.61232,0.30461,0.38434,0.45736,0.33589,0.23083,0.47399,0.76428
plantview__langdon_4__05-03-24,244,0.3171,0.49293,0.59591,0.51382,0.21007,0.31588,0.52615,1.54631,0.29283,0.37544,0.4404,0.32711,0.20218,0.46143,0.78845
plantview__langdon_4__05-03-24,245,0.28874,0.4439,0.54787,0.4632,0.24862,0.34785,0.59067,1.46325,0.27225,0.35021,0.40841,0.30646,0.1955,0.46407,0.87885
plantview__langdon_4__05-03-24,246,0.267,0.40742,0.53136,0.42324,0.25278,0.39428,0.63327,1.40224,0.24789,0.32361,0.40183,0.28183,0.19465,0.47175,0.92738
plantview__langdon_4__05-03-24,247,0.26139,0.39405,0.5027,0.42285,0.25886,0.42038,0.67324,1.3543,0.23662,0.31425,0.37439,0.28707,0.19138,0.50897,0.89931
plantview__langdon_4__05-03-24,248,0.31427,0.50479,0.62833,0.4765,0.07586,0.31839,0.58945,1.41999,0.21766,0.32142,0.4358,0.27705,0.22573,0.57168,0.89893
plantview__langdon_4__05-03-24,249,0.29657,0.47633,0.65862,0.45112,0.09159,0.35604,0.63943,1.37933,0.20998,0.31262,0.50464,0.27353,0.23256,0.62421,0.89905
plantview__langdon_4__05-03-24,250,0.27101,0.43002,0.51566,0.40123,0.11593,0.39613,0.6964,1.33558,0.19268,0.28278,0.34693,0.24569,0.26195,0.67356,0.93448
plantview__langdon_4__05-03-24,251,0.27393,0.42958,0.50307,0.39482,0.09557,0.38424,0.69024,1.32685,0.18482,0.26974,0.32697,0.23358,0.26321,0.69007,0.94634
plantview__langdon_4__05-03-24,252,0.26545,0.41415,0.47784,0.37028,0.06649,0.3894,0.74129,1.30762,0.16038,0.23452,0.29446,0.2101,0.33904,0.75464,0.9557
plantview__langdon_4__05-03-24,253,0.24698,0.38359,0.43181,0.32968,0.04306,0.41928,0.82797,1.28004,0.12911,0.18872,0.24795,0.1793,0.50913,0.8234,0.97041
plantview__langdon_4__05-03-24,254,0.23704,0.36919,0.41247,0.31624,0.0436,0.47224,0.84954,1.27727,0.11726,0.17112,0.23167,0.17029,0.59594,0.83028,0.97477
plantview__langdon_4__05-03-24,255,0.23484,0.36775,0.40631,0.31235,0.03931,0.4548,0.87188,1.27735,0.11306,0.16078,0.22878,0.17448,0.63991,0.84261,0.95858
plantview__langdon_4__05-03-24,256,0.22594,0.35502,0.39408,0.29426,0.06042,0.4654,0.89835,1.27361,0.1069,0.15012,0.22191,0.16358,0.666,0.8619,0.96788
plantview__langdon_4__05-03-24,257,0.23353,0.36039,0.39652,0.29983,0.03264,0.45945,0.90135,1.27672,0.1108,0.15451,0.21381,0.16311,0.63271,0.8804,0.9756
plantview__langdon_4__05-03-24,258,0.24798,0.38569,0.43639,0.33326,0.04511,0.43209,0.8143,1.2863,0.13667,0.19837,0.25759,0.18644,0.47555,0.80843,0.96976
plantview__langdon_4__05-03-24,259,0.25876,0.40373,0.46612,0.36036,0.06756,0.41976,0.74482,1.29157,0.16071,0.23561,0.29509,0.21104,0.36475,0.7377,0.95712
plantview__langdon_4__05-03-24,260,0.26928,0.42662,0.58065,0.38889,0.09033,0.3954,0.70067,1.30914,0.17725,0.26426,0.4378,0.23329,0.29596,0.69745,0.94491
plantview__langdon_4__05-03-24,261,0.28934,0.45713,0.53641,0.4204,0.06704,0.35095,0.64663,1.3761,0.19366,0.28425,0.34228,0.24068,0.24496,0.66442,0.94455
plantview__langdon_4__05-03-24,262,0.30263,0.4822,0.57432,0.45002,0.07487,0.31637,0.63501,1.40229,0.20334,0.30002,0.37497,0.25782,0.2623,0.60868,0.91995
plantview__langdon_4__05-03-24,263,0.3216,0.51339,0.59866,0.47735,0.05577,0.30264,0.55254,1.44835,0.21855,0.31778,0.3765,0.26447,0.21091,0.54663,0.923
plantview__langdon_4__05-03-24,264,0.26283,0.39402,0.49089,0.40845,0.24487,0.40012,0.66062,1.36708,0.22931,0.30189,0.35137,0.26579,0.19028,0.52069,0.93364
plantview__langdon_4__05-03-24,265,0.27508,0.41867,0.52446,0.44245,0.26246,0.37881,0.62803,1.39694,0.25233,0.33135,0.38762,0.29391,0.19933,0.45131,0.90308
plantview__langdon_4__05-03-24,266,0.28167,0.43236,0.53339,0.44706,0.25506,0.36434,0.61427,1.44635,0.26322,0.33843,0.39813,0.29774,0.21924,0.46899,0.89542
plantview__langdon_4__05-03-24,267,0.30177,0.47022,0.56372,0.46911,0.21969,0.32133,0.53707,1.52965,0.26706,0.33713,0.39931,0.29531,0.23582,0.5191,0.84923
plantview__langdon_4__05-03-24,268,0.32352,0.50729,0.59802,0.50437,0.19575,0.2968,0.47216,1.60731,0.28456,0.35086,0.42555,0.31487,0.27018,0.52348,0.80368
plantview__langdon_4__05-03-24,269,0.33774,0.53445,0.61514,0.51001,0.14806,0.26442,0.43355,1.66012,0.27871,0.3372,0.4208,0.31023,0.29859,0.58231,0.80864
plantview__langdon_4__05-03-24,270,0.3365,0.5414,0.61853,0.50337,0.14075,0.23706,0.44725,1.65419,0.26661,0.31878,0.41361,0.31186,0.38266,0.62797,0.78821
plantview__langdon_4__05-03-24,271,0.338,0.55425,0.63318,0.50511,0.1461,0.23262,0.42793,1.68204,0.25439,0.30219,0.39301,0.3,0.40688,0.65582,0.78914
plantview__langdon_4__05-03-24,272,0.35638,0.58898,0.6736,0.54827,0.15708,0.22336,0.36771,1.74148,0.26687,0.31564,0.40924,0.31619,0.39224,0.65579,0.76345
plantview__langdon_4__05-03-24,273,0.36199,0.58601,0.67431,0.56903,0.17627,0.24151,0.36067,1.74717,0.29038,0.34608,0.4373,0.33116,0.33057,0.59767,0.74225
plantview__langdon_4__05-03-24,274,0.3403,0.54052,0.62864,0.52966,0.17988,0.27362,0.43527,1.676,0.28754,0.34488,0.42493,0.32011,0.28476,0.56679,0.76983
plantview__langdon_4__05-03-24,275,0.33885,0.53152,0.62327,0.53479,0.19175,0.2908,0.44682,1.64262,0.29132,0.35933,0.43285,0.32144,0.25606,0.50823,0.79393
plantview__langdon_4__05-03-24,276,0.31315,0.48339,0.57913,0.49187,0.21398,0.31666,0.51188,1.54831,0.27906,0.35059,0.41368,0.30631,0.22132,0.48523,0.83601
plantview__langdon_4__05-03-24,277,0.28942,0.4434,0.54156,0.45404,0.23559,0.34495,0.57723,1.45742,0.26559,0.33964,0.39838,0.29702,0.21193,0.45944,0.88069
plantview__langdon_4__05-03-24,278,0.29249,0.44187,0.55109,0.47934,0.25382,0.36742,0.57089,1.42416,0.27193,0.35486,0.41095,0.31597,0.16683,0.40886,0.88849
plantview__langdon_4__05-03-24,279,0.27167,0.40819,0.51316,0.4352,0.25436,0.39382,0.64137,1.37639,0.24729,0.32567,0.38181,0.29096,0.19262,0.46482,0.90862
plantview__langdon_4__05-03-24,280,0.32083,0.5103,0.59419,0.47379,0.0654,0.30042,0.54212,1.45274,0.21727,0.31335,0.37265,0.26175,0.21029,0.5586,0.92953
plantview__langdon_4__05-03-24,281,0.29713,0.46966,0.54768,0.42789,0.06653,0.33397,0.60949,1.38594,0.19738,0.28808,0.34061,0.2383,0.21342,0.65185,0.94665
plantview__langdon_4__05-03-24,282,0.28309,0.44635,0.52382,0.40531,0.07008,0.35792,0.65406,1.35397,0.18397,0.27099,0.32993,0.22921,0.24915,0.69737,0.95154
plantview__langdon_4__05-03-24,283,0.27501,0.42991,0.49462,0.38301,0.06254,0.36925,0.69111,1.33121,0.16534,0.24445,0.29595,0.20752,0.28209,0.74063,0.97427
plantview__langdon_4__05-03-24,284,0.26044,0.40423,0.45865,0.35189,0.04658,0.38654,0.75816,1.30079,0.14649,0.21447,0.26814,0.19055,0.38428,0.78382,0.9754
plantview__langdon_4__05-03-24,285,0.25088,0.38724,0.43488,0.3351,0.03405,0.42375,0.80999,1.28588,0.13248,0.19277,0.25192,0.1825,0.50964,0.81204,0.97145
plantview__langdon_4__05-03-24,286,0.22748,0.35732,0.48451,0.29788,0.04547,0.49593,0.89368,1.26975,0.10889,0.15845,0.35352,0.16308,0.63152,0.86639,0.97482
plantview__langdon_4__05-03-24,287,0.22398,0.35005,0.38328,0.28675,0.04578,0.48134,0.91349,1.26831,0.09893,0.13806,0.20482,0.15517,0.70257,0.88438,0.97275
plantview__langdon_4__05-03-24,288,0.22279,0.34963,0.38634,0.28938,0.05683,0.47557,0.90871,1.27328,0.10065,0.14168,0.20793,0.15627,0.68295,0.87428,0.97021
plantview__langdon_4__05-03-24,289,0.23044,0.35651,0.39474,0.29755,0.03089,0.49016,0.89923,1.26851,0.10506,0.14992,0.21632,0.16021,0.67401,0.87928,0.96865
plantview__langdon_4__05-03-24,290,0.25582,0.40387,0.79085,0.3403,0.02177,0.38796,0.81714,1.31124,0.12554,0.18981,0.69603,0.18018,0.5296,0.84283,0.97384
plantview__langdon_4__05-03-24,291,0.26417,0.40859,0.46069,0.35405,0.03397,0.36439,0.7778,1.30524,0.13907,0.20361,0.2617,0.186,0.44329,0.79665,0.97512
plantview__langdon_4__05-03-24,292,0.27273,0.4238,0.48498,0.37398,0.04953,0.36006,0.70313,1.32894,0.15773,0.23095,0.28453,0.20012,0.32745,0.75525,0.97782
plantview__langdon_4__05-03-24,293,0.29018,0.45334,0.52135,0.40581,0.05422,0.3228,0.63599,1.37482,0.17758,0.25834,0.3081,0.21429,0.25327,0.69777,0.97772
plantview__langdon_4__05-03-24,294,0.30926,0.48572,0.55671,0.43986,0.03954,0.29512,0.57147,1.4189,0.19178,0.27855,0.32674,0.22821,0.21471,0.66311,0.96286
plantview__langdon_4__05-03-24,295,0.32503,0.51239,0.58891,0.47052,0.03909,0.28519,0.52498,1.48015,0.21082,0.30027,0.35141,0.2453,0.21151,0.56991,0.95659
plantview__langdon_4__05-03-24,296,0.27462,0.40684,0.49699,0.41808,0.21386,0.3743,0.62428,1.39013,0.22772,0.29554,0.3425,0.26079,0.18032,0.5295,0.94206
plantview__langdon_4__05-03-24,297,0.28251,0.4241,0.52226,0.44502,0.25291,0.36907,0.57794,1.44037,0.2528,0.3225,0.37056,0.28246,0.19217,0.433,0.93801
plantview__langdon_4__05-03-24,298,0.29887,0.45577,0.55535,0.47137,0.23354,0.3413,0.55162,1.50703,0.26155,0.33072,0.38916,0.29042,0.23209,0.45012,0.90322
plantview__langdon_4__05-03-24,299,0.31688,0.48673,0.58301,0.50612,0.21567,0.32089,0.50835,1.55808,0.27811,0.3455,0.41435,0.31393,0.25511,0.4811,0.81973
plantview__langdon_4__05-03-24,300,0.32433,0.50451,0.59324,0.50462,0.19732,0.30384,0.47376,1.62988,0.27608,0.33234,0.40715,0.30715,0.29713,0.54723,0.82487
plantview__langdon_4__05-03-24,301,0.33516,0.52878,0.61785,0.52408,0.18234,0.28542,0.45038,1.67591,0.28628,0.34201,0.4228,0.31973,0.30095,0.55886,0.77311
plantview__langdon_4__05-03-24,302,0.34791,0.56064,0.66187,0.56065,0.19486,0.27081,0.41797,1.75176,0.3016,0.35686,0.44926,0.34025,0.30526,0.57114,0.71677
plantview__langdon_4__05-03-24,303,0.35602,0.58949,0.68313,0.56237,0.18342,0.24389,0.37344,1.77402,0.28721,0.34046,0.42847,0.32914,0.35257,0.60946,0.73781
plantview__langdon_4__05-03-24,304,0.33942,0.56058,0.6582,0.53922,0.20167,0.27062,0.38982,1.71056,0.27673,0.32374,0.41833,0.3263,0.40508,0.60652,0.71993
plantview__langdon_4__05-03-24,305,0.33793,0.54478,0.72154,0.54181,0.21175,0.2769,0.41307,1.69751,0.29331,0.345,0.54812,0.33827,0.36023,0.57221,0.70879
plantview__langdon_4__05-03-24,306,0.32835,0.5164,0.6068,0.51525,0.20997,0.29822,0.41932,1.66334,0.2776,0.32415,0.40885,0.31594,0.36797,0.56253,0.77061
plantview__langdon_4__05-03-24,307,0.31277,0.48342,0.57549,0.49353,0.22494,0.32596,0.48792,1.59492,0.27566,0.3298,0.4024,0.30849,0.29544,0.52621,0.83109
plantview__langdon_4__05-03-24,308,0.3062,0.46741,0.56279,0.48232,0.23156,0.33934,0.48189,1.55397,0.26534,0.32438,0.39053,0.29583,0.25708,0.51169,0.86386
plantview__langdon_4__05-03-24,309,0.28864,0.43497,0.5313,0.45432,0.25011,0.36098,0.5394,1.4868,0.25878,0.32198,0.37463,0.28583,0.21146,0.48192,0.91743
plantview__langdon_4__05-03-24,310,0.28314,0.42052,0.51628,0.44454,0.23576,0.37053,0.56633,1.43272,0.24753,0.31488,0.36094,0.27911,0.16917,0.45921,0.94119
plantview__langdon_4__05-03-24,311,0.27423,0.40189,0.49017,0.41907,0.21725,0.38573,0.60475,1.38615,0.22756,0.29312,0.3361,0.26056,0.17316,0.51881,0.94567
plantview__langdon_4__05-03-24,312,0.32228,0.504,0.57582,0.46181,0.04009,0.28749,0.52178,1.46028,0.20538,0.29146,0.33547,0.23683,0.18728,0.60107,0.96164
plantview__langdon_4__05-03-24,313,0.30596,0.4772,0.54979,0.43669,0.03733,0.31617,0.60104,1.41273,0.19243,0.27849,0.32779,0.22966,0.22394,0.65747,0.96492
plantview__langdon_4__05-03-24,314,0.29089,0.45253,0.52302,0.40946,0.04143,0.33831,0.64296,1.36882,0.17743,0.2593,0.31336,0.21875,0.25477,0.7027,0.96659
plantview__langdon_4__05-03-24,315,0.27443,0.42521,0.49224,0.38279,0.05501,0.3662,0.68982,1.33351,0.16452,0.24013,0.29866,0.21022,0.31312,0.74038,0.9632
plantview__langdon_4__05-03-24,316,0.26007,0.40248,0.46341,0.35725,0.06165,0.3972,0.75472,1.31899,0.15359,0.22194,0.27886,0.1989,0.36499,0.79214,0.96167
plantview__langdon_4__05-03-24,317,0.25306,0.39329,0.44565,0.34131,0.03288,0.41079,0.82218,1.31421,0.13027,0.19201,0.25116,0.17759,0.47735,0.84595,0.96645
plantview__langdon_4__05-03-24,318,0.23764,0.37052,0.41472,0.31506,0.03346,0.4639,0.86407,1.28188,0.11159,0.16336,0.2289,0.16641,0.62167,0.85605,0.96639
plantview__langdon_4__05-03-24,319,0.23083,0.36128,0.39753,0.30279,0.04127,0.4361,0.89861,1.27701,0.0993,0.14085,0.21151,0.16176,0.69693,0.87493,0.96158
plantview__langdon_4__12-03-24,0,0.25987,0.44379,0.49028,0.35059,0.069,0.19329,0.90633,1.36602,0.11544,0.16593,0.25661,0.1909,0.6881,0.85242,0.94997
plantview__langdon_4__12-03-24,1,0.33832,0.56198,0.60584,0.46187,0.01397,0.06196,0.61153,1.52431,0.15982,0.23654,0.30898,0.21816,0.38934,0.84347,0.94235
plantview__langdon_4__12-03-24,2,0.37403,0.61204,0.65544,0.51509,0.01418,0.04486,0.45887,1.60768,0.17037,0.24652,0.32528,0.22455,0.3725,0.80343,0.94722
plantview__langdon_4__12-03-24,3,0.38256,0.62614,0.68048,0.54542,0.01789,0.06471,0.45992,1.62032,0.19635,0.28953,0.36148,0.24677,0.28165,0.70525,0.9368
plantview__langdon_4__12-03-24,4,0.38938,0.63551,0.69856,0.56784,0.0151,0.07082,0.46802,1.60613,0.21549,0.32003,0.39551,0.27078,0.22857,0.64512,0.91612
plantview__langdon_4__12-03-24,5,0.39845,0.6549,0.72694,0.59381,0.01812,0.08243,0.44044,1.65348,0.23723,0.35502,0.42445,0.28425,0.18867,0.53756,0.91135
plantview__langdon_4__12-03-24,6,0.39759,0.65504,0.73485,0.59961,0.02269,0.09241,0.45829,1.66618,0.26107,0.38986,0.46807,0.30286,0.13392,0.49607,0.89591
plantview__langdon_4__12-03-24,7,0.35031,0.53713,0.62938,0.53966,0.04974,0.2611,0.51293,1.56682,0.2726,0.37281,0.43643,0.31006,0.13906,0.43137,0.88024
plantview__langdon_4__12-03-24,8,0.36283,0.55878,0.65033,0.55847,0.04938,0.23924,0.47914,1.62883,0.28606,0.38004,0.44177,0.31525,0.14556,0.42534,0.89692
plantview__langdon_4__12-03-24,9,0.36738,0.56863,0.66269,0.56621,0.07312,0.23002,0.46302,1.68158,0.30257,0.39287,0.4607,0.3247,0.13487,0.41921,0.88749
plantview__langdon_4__12-03-24,10,0.369,0.57744,0.67656,0.57733,0.12122,0.22958,0.42968,1.75002,0.32078,0.40504,0.4883,0.33861,0.17351,0.44459,0.81613
plantview__langdon_4__12-03-24,11,0.38354,0.60142,0.69304,0.58705,0.0787,0.20162,0.41255,1.82595,0.33745,0.40613,0.50435,0.35412,0.21262,0.48167,0.83225
plantview__langdon_4__12-03-24,12,0.38404,0.59934,0.68891,0.57839,0.07822,0.21738,0.40333,1.84931,0.34969,0.39564,0.51246,0.3695,0.28155,0.52418,0.81361
plantview__langdon_4__12-03-24,13,0.37627,0.5944,0.68535,0.56438,0.07048,0.23182,0.40376,1.88142,0.35984,0.40071,0.53549,0.3786,0.32136,0.54486,0.77612
plantview__langdon_4__12-03-24,14,0.39676,0.64324,0.73493,0.601,0.06127,0.20933,0.35751,1.94862,0.35122,0.38861,0.52683,0.37629,0.34532,0.59387,0.75292
plantview__langdon_4__12-03-24,15,0.4008,0.67919,0.86289,0.61923,0.06658,0.21309,0.3471,1.95223,0.33795,0.39306,0.62389,0.36474,0.3043,0.57646,0.7576
plantview__langdon_4__12-03-24,16,0.40011,0.67393,0.7852,0.61429,0.06591,0.21384,0.34371,1.94429,0.33114,0.37847,0.51014,0.35907,0.32066,0.59614,0.7661
plantview__langdon_4__12-03-24,17,0.39326,0.63993,0.73712,0.59976,0.06707,0.19906,0.36858,1.94292,0.34405,0.38484,0.51473,0.36907,0.34819,0.56089,0.77356
plantview__langdon_4__12-03-24,18,0.37714,0.59693,0.68933,0.56989,0.06747,0.21796,0.41157,1.88693,0.34906,0.39225,0.50937,0.36715,0.30689,0.54393,0.79702
plantview__langdon_4__12-03-24,19,0.38463,0.60877,0.70317,0.59182,0.08401,0.19723,0.40277,1.88291,0.34168,0.39803,0.49976,0.35836,0.25643,0.50763,0.82513
plantview__langdon_4__12-03-24,20,0.3613,0.56462,0.66495,0.54004,0.08144,0.19619,0.46374,1.76839,0.31545,0.38596,0.4936,0.33377,0.22723,0.48767,0.84819
plantview__langdon_4__12-03-24,21,0.36054,0.56632,0.72992,0.54979,0.0876,0.21566,0.45753,1.71219,0.30131,0.38649,0.55694,0.32539,0.19206,0.464,0.85214
plantview__langdon_4__12-03-24,22,0.34888,0.53837,0.62985,0.5253,0.07874,0.24579,0.48757,1.62411,0.28208,0.36854,0.43782,0.30711,0.15722,0.47988,0.9136
plantview__langdon_4__12-03-24,23,0.36709,0.56212,0.65129,0.55898,0.03979,0.22409,0.47092,1.63676,0.27591,0.36744,0.43388,0.30758,0.14531,0.46577,0.89966
plantview__langdon_4__12-03-24,24,0.35551,0.53892,0.6207,0.53011,0.03191,0.23095,0.50214,1.55558,0.25481,0.34458,0.40833,0.29341,0.16513,0.48207,0.91332
plantview__langdon_4__12-03-24,25,0.38617,0.63783,0.72098,0.58101,0.0284,0.11453,0.46904,1.64236,0.24972,0.37685,0.44345,0.28958,0.14576,0.51333,0.90348
plantview__langdon_4__12-03-24,26,0.37627,0.61709,0.68859,0.54918,0.02147,0.10374,0.48117,1.61404,0.22238,0.33258,0.39884,0.2632,0.19693,0.60129,0.93505
plantview__langdon_4__12-03-24,27,0.38151,0.61608,0.67222,0.54354,0.01183,0.06954,0.47765,1.6155,0.20388,0.2992,0.36923,0.25007,0.25448,0.68029,0.93913
plantview__langdon_4__12-03-24,28,0.3752,0.60754,0.65443,0.52269,0.01782,0.0589,0.48513,1.60285,0.17816,0.25949,0.33332,0.22849,0.34201,0.75348,0.95126
plantview__langdon_4__12-03-24,29,0.35965,0.58942,0.63455,0.49119,0.02081,0.06196,0.50815,1.58857,0.16581,0.23925,0.31505,0.21568,0.38853,0.81932,0.9565
plantview__langdon_4__12-03-24,30,0.34397,0.57143,0.61405,0.46633,0.01412,0.05506,0.59043,1.5533,0.16166,0.23998,0.30727,0.21109,0.37117,0.84559,0.95114
plantview__langdon_4__12-03-24,31,0.28835,0.48991,0.53384,0.38716,0.02995,0.14718,0.79758,1.43226,0.13427,0.19915,0.27053,0.19382,0.53698,0.85766,0.95269
plantview__langdon_4__12-03-24,32,0.28966,0.49218,0.53247,0.3835,0.02639,0.14963,0.80054,1.44174,0.1345,0.1993,0.26608,0.18757,0.51537,0.87074,0.95452
plantview__langdon_4__12-03-24,33,0.33468,0.55575,0.59654,0.44887,0.01961,0.06947,0.62265,1.53927,0.15425,0.22433,0.29562,0.20473,0.4249,0.85174,0.95214
plantview__langdon_4__12-03-24,34,0.34812,0.57144,0.61602,0.47034,0.02096,0.06304,0.58331,1.53199,0.14879,0.21722,0.30248,0.20571,0.47236,0.8198,0.95842
plantview__langdon_4__12-03-24,35,0.362,0.58881,0.63918,0.50401,0.02343,0.07669,0.52402,1.57256,0.17529,0.25875,0.33917,0.22713,0.36212,0.73973,0.95368
plantview__langdon_4__12-03-24,36,0.36526,0.59522,0.65802,0.52668,0.02932,0.1003,0.5314,1.56352,0.20766,0.30981,0.38534,0.25767,0.25956,0.65097,0.91964
plantview__langdon_4__12-03-24,37,0.37934,0.6185,0.68906,0.55672,0.02796,0.09597,0.49327,1.60627,0.22023,0.32641,0.39551,0.26798,0.21281,0.62294,0.91563
plantview__langdon_4__12-03-24,38,0.39269,0.64688,0.72532,0.58556,0.02729,0.09728,0.45719,1.65008,0.24378,0.35959,0.42947,0.28689,0.16735,0.53912,0.90503
plantview__langdon_4__12-03-24,39,0.33248,0.50727,0.59893,0.50491,0.05392,0.29349,0.55049,1.51182,0.25891,0.35266,0.4186,0.29919,0.16067,0.47037,0.8926
plantview__langdon_4__12-03-24,40,0.3452,0.52927,0.62496,0.53198,0.08688,0.28698,0.49321,1.59985,0.29014,0.38478,0.44722,0.31349,0.13803,0.41057,0.89919
plantview__langdon_4__12-03-24,41,0.34181,0.52741,0.64816,0.52547,0.10139,0.27154,0.50879,1.63321,0.29977,0.39152,0.49487,0.32139,0.13447,0.46121,0.87975
plantview__langdon_4__12-03-24,42,0.36218,0.56344,0.65872,0.55373,0.10454,0.20539,0.45302,1.7273,0.30682,0.38521,0.47395,0.32864,0.1846,0.47656,0.8312
plantview__langdon_4__12-03-24,43,0.35952,0.56198,0.64956,0.53455,0.07473,0.211,0.46623,1.75634,0.318,0.38768,0.48906,0.3364,0.2261,0.49568,0.85067
plantview__langdon_4__12-03-24,44,0.37682,0.58869,0.67744,0.56594,0.07613,0.19371,0.42435,1.84768,0.34114,0.39009,0.49645,0.35893,0.27453,0.51315,0.8321
plantview__langdon_4__12-03-24,45,0.38622,0.61416,0.71196,0.59734,0.07784,0.20686,0.40182,1.92439,0.35412,0.40211,0.51083,0.36923,0.27215,0.51737,0.78327
plantview__langdon_4__12-03-24,46,0.38883,0.63336,0.73333,0.60198,0.07418,0.22458,0.37671,1.9184,0.34746,0.39511,0.50563,0.36725,0.30109,0.52907,0.77133
plantview__langdon_4__12-03-24,47,0.40288,0.68013,0.78177,0.62689,0.07368,0.21361,0.33299,1.95021,0.32641,0.37706,0.48738,0.35501,0.32651,0.57681,0.76371
plantview__langdon_4__12-03-24,48,0.40413,0.67921,0.78007,0.62496,0.07678,0.21732,0.33843,1.96402,0.33203,0.37477,0.49291,0.35919,0.34338,0.59594,0.75717
plantview__langdon_4__12-03-24,49,0.39501,0.64407,0.74313,0.6103,0.0761,0.226,0.36862,1.93564,0.34824,0.38941,0.51573,0.37143,0.34016,0.55558,0.75303
plantview__langdon_4__12-03-24,50,0.37596,0.60374,0.74014,0.58922,0.09511,0.24807,0.41142,1.90194,0.36013,0.41117,0.55445,0.37334,0.25727,0.50323,0.76496
plantview__langdon_4__12-03-24,51,0.38073,0.61195,0.91091,0.58454,0.07994,0.21539,0.40378,1.86777,0.34456,0.40685,0.76643,0.36482,0.26163,0.51906,0.81128
plantview__langdon_4__12-03-24,52,0.37338,0.58827,0.68604,0.57559,0.09337,0.19656,0.44293,1.7936,0.33008,0.40453,0.49576,0.34858,0.21134,0.4571,0.82173
plantview__langdon_4__12-03-24,53,0.34602,0.53704,0.63691,0.53435,0.12478,0.25869,0.48835,1.69129,0.32236,0.40685,0.48977,0.33716,0.15554,0.44707,0.82959
plantview__langdon_4__12-03-24,54,0.35284,0.54691,0.65518,0.54577,0.07214,0.25429,0.49477,1.63225,0.29767,0.39161,0.47266,0.32339,0.13145,0.43415,0.87715
plantview__langdon_4__12-03-24,55,0.34304,0.52509,0.6159,0.52225,0.06401,0.27231,0.50773,1.56803,0.27143,0.36201,0.42311,0.30241,0.14534,0.45827,0.8952
plantview__langdon_4__12-03-24,56,0.32156,0.49243,0.62357,0.49126,0.07682,0.31909,0.59867,1.4581,0.28129,0.39314,0.5358,0.32958,0.17312,0.47861,0.83791
plantview__langdon_4__12-03-24,57,0.39372,0.64862,0.73485,0.60337,0.03503,0.10664,0.45458,1.66406,0.25072,0.37311,0.44988,0.30281,0.18677,0.5202,0.86822
plantview__langdon_4__12-03-24,58,0.38474,0.63166,0.71424,0.57564,0.02956,0.09223,0.50117,1.61393,0.24861,0.37116,0.47606,0.30217,0.18269,0.58013,0.87238
plantview__langdon_4__12-03-24,59,0.3615,0.6098,1.09555,0.53122,0.03869,0.10625,0.55167,1.53686,0.21787,0.34127,0.96262,0.28629,0.27947,0.62928,0.89684
plantview__langdon_4__12-03-24,60,0.3409,0.54807,0.59893,0.47882,0.04741,0.11084,0.60907,1.51107,0.17929,0.26603,0.3513,0.23558,0.3946,0.70903,0.94763
plantview__langdon_4__12-03-24,61,0.2932,0.47175,0.51888,0.40055,0.06997,0.17557,0.76633,1.44693,0.16602,0.25047,0.35992,0.22182,0.48113,0.76339,0.93718
plantview__langdon_4__12-03-24,62,0.27667,0.45293,0.50622,0.38133,0.07881,0.21925,0.82124,1.4038,0.1646,0.2555,0.38233,0.22848,0.5218,0.76869,0.91827
plantview__langdon_4__12-03-24,63,0.28125,0.47871,0.51918,0.37257,0.03955,0.17012,0.82384,1.4111,0.13101,0.19308,0.26417,0.18826,0.55339,0.86215,0.9533
plantview__langdon_4__12-03-24,64,0.27685,0.47399,0.54487,0.37016,0.04195,0.1722,0.84357,1.39772,0.12485,0.18755,0.31395,0.18885,0.59576,0.85976,0.95257
plantview__langdon_4__12-03-24,65,0.2852,0.46982,0.51764,0.38876,0.04748,0.18116,0.80783,1.42707,0.14796,0.22756,0.32126,0.20777,0.52533,0.81384,0.93382
plantview__langdon_4__12-03-24,66,0.3271,0.53068,0.57762,0.45141,0.04844,0.10187,0.66647,1.48994,0.16239,0.2452,0.33851,0.22259,0.4575,0.77232,0.93628
plantview__langdon_4__12-03-24,67,0.33936,0.54576,0.60991,0.4958,0.07513,0.149,0.59189,1.5399,0.21214,0.3222,0.41375,0.26188,0.28268,0.64459,0.91396
plantview__langdon_4__12-03-24,68,0.36908,0.60403,0.67791,0.54786,0.03742,0.11688,0.55008,1.56907,0.24261,0.3598,0.45816,0.29814,0.22843,0.58085,0.87129
plantview__langdon_4__12-03-24,69,0.36344,0.59876,0.68249,0.54812,0.04407,0.13175,0.56038,1.55003,0.24605,0.37098,0.46826,0.30352,0.21447,0.56472,0.85929
plantview__langdon_4__12-03-24,70,0.37881,0.61884,0.70229,0.57435,0.03342,0.13135,0.5062,1.60564,0.24684,0.36606,0.43458,0.29548,0.18433,0.50421,0.88656
plantview__langdon_4__12-03-24,71,0.3435,0.52443,0.6188,0.53128,0.06057,0.27795,0.53936,1.53931,0.28042,0.38021,0.44751,0.31805,0.14037,0.41401,0.86936
plantview__langdon_4__12-03-24,72,0.35062,0.5387,0.63251,0.53968,0.05922,0.2709,0.49558,1.59561,0.28595,0.379,0.43737,0.31295,0.13077,0.40517,0.89852
plantview__langdon_4__12-03-24,73,0.3497,0.545,0.64309,0.54148,0.09714,0.26692,0.47195,1.65335,0.29757,0.38617,0.44976,0.31722,0.13056,0.44082,0.88057
plantview__langdon_4__12-03-24,74,0.37271,0.5849,0.68368,0.58191,0.10164,0.2248,0.41785,1.75793,0.31707,0.39947,0.48036,0.33561,0.17487,0.44824,0.81414
plantview__langdon_4__12-03-24,75,0.37421,0.59208,0.68724,0.57578,0.09803,0.21432,0.40988,1.79536,0.32545,0.39559,0.48975,0.34437,0.21869,0.4934,0.82007
plantview__langdon_4__12-03-24,76,0.38496,0.613,0.71211,0.59512,0.09678,0.22745,0.38924,1.8771,0.34697,0.3996,0.51099,0.36461,0.26623,0.52723,0.79958
plantview__langdon_4__12-03-24,77,0.37155,0.5927,0.69024,0.57007,0.09555,0.24193,0.39739,1.88486,0.33159,0.37313,0.48297,0.35196,0.31718,0.56717,0.78481
plantview__langdon_4__12-03-24,78,0.38539,0.6279,0.72454,0.59124,0.08713,0.22178,0.37254,1.92621,0.34206,0.38396,0.50182,0.36458,0.32384,0.57011,0.76688
plantview__langdon_4__12-03-24,79,0.38932,0.6539,0.75157,0.59366,0.08132,0.21362,0.36455,1.92561,0.32972,0.37488,0.48843,0.35512,0.32612,0.59838,0.77792
plantview__langdon_4__12-03-24,80,0.39727,0.66762,0.75791,0.59959,0.06658,0.18678,0.34831,1.93901,0.3244,0.37363,0.49511,0.35337,0.33421,0.60908,0.79129
plantview__langdon_4__12-03-24,81,0.38368,0.62847,0.7202,0.5782,0.08209,0.2243,0.35718,1.8897,0.33679,0.37408,0.50986,0.3666,0.37642,0.60347,0.76447
plantview__langdon_4__12-03-24,82,0.36688,0.58829,0.68209,0.55681,0.09199,0.23889,0.40403,1.87088,0.33593,0.37804,0.49769,0.3574,0.33272,0.57931,0.78375
plantview__langdon_4__12-03-24,83,0.39557,0.6276,0.72259,0.60939,0.09757,0.19839,0.37357,1.91069,0.33972,0.38746,0.50253,0.36141,0.30723,0.54901,0.80463
plantview__langdon_4__12-03-24,84,0.38139,0.60286,0.69841,0.58438,0.09212,0.20447,0.39284,1.81427,0.31655,0.38464,0.48423,0.33939,0.24339,0.50986,0.82491
plantview__langdon_4__12-03-24,85,0.35632,0.55772,0.65499,0.54705,0.11855,0.24245,0.44357,1.71475,0.30969,0.3886,0.46926,0.32711,0.1771,0.47013,0.83135
plantview__langdon_4__12-03-24,86,0.34603,0.53635,0.63463,0.53381,0.10965,0.26139,0.48516,1.64425,0.30027,0.38927,0.4516,0.31694,0.1251,0.42034,0.884
plantview__langdon_4__12-03-24,87,0.33907,0.51534,0.60624,0.51558,0.06288,0.28546,0.51873,1.56988,0.27843,0.36787,0.4287,0.3044,0.13069,0.43148,0.91298
plantview__langdon_4__12-03-24,88,0.34291,0.52256,0.61375,0.52253,0.05713,0.26355,0.53571,1.53387,0.27352,0.37057,0.44044,0.31055,0.14382,0.44621,0.89153
plantview__langdon_4__12-03-24,89,0.36771,0.60176,0.68319,0.54567,0.04045,0.14099,0.5076,1.59043,0.24657,0.36372,0.44487,0.2878,0.17932,0.54708,0.89692
plantview__langdon_4__12-03-24,90,0.37841,0.61434,0.68765,0.56168,0.03064,0.09949,0.48204,1.61719,0.22925,0.33848,0.40508,0.27466,0.19707,0.57824,0.91323
plantview__langdon_4__12-03-24,91,0.38543,0.62518,0.68816,0.56608,0.02821,0.07658,0.48258,1.6134,0.22453,0.33082,0.41393,0.27764,0.24293,0.6204,0.90028
plantview__langdon_4__12-03-24,92,0.35408,0.58085,0.66993,0.50988,0.03853,0.09862,0.57175,1.54502,0.19928,0.29719,0.42545,0.25744,0.31641,0.68309,0.91127
plantview__langdon_4__12-03-24,93,0.36415,0.59744,0.64272,0.50653,0.02018,0.0612,0.54179,1.59126,0.16709,0.24951,0.32865,0.22245,0.41066,0.77415,0.93784
plantview__langdon_4__12-03-24,94,0.34862,0.59222,0.8255,0.47729,0.02006,0.06665,0.57814,1.56474,0.14842,0.23074,0.60689,0.21149,0.47081,0.83177,0.94497
plantview__langdon_4__12-03-24,95,0.30647,0.52383,0.56958,0.41734,0.03713,0.13033,0.73158,1.47053,0.14438,0.21788,0.28653,0.1991,0.48692,0.81614,0.95168
plantview__langdon_4__12-03-24,96,0.28936,0.49842,0.54877,0.39568,0.04694,0.17825,0.77084,1.44315,0.14562,0.21976,0.28912,0.19912,0.4853,0.80994,0.9507
plantview__langdon_4__12-03-24,97,0.29719,0.49604,0.54454,0.40429,0.03938,0.13611,0.77757,1.43657,0.14265,0.21493,0.2967,0.20363,0.53125,0.82005,0.93682
plantview__langdon_4__12-03-24,98,0.36492,0.59946,0.64414,0.50366,0.01606,0.05393,0.51462,1.58372,0.1669,0.24963,0.32016,0.21627,0.36394,0.786,0.9484
plantview__langdon_4__12-03-24,99,0.37681,0.61496,0.66936,0.53866,0.02387,0.05677,0.5062,1.57962,0.1896,0.28351,0.35489,0.24448,0.31277,0.68314,0.93326
plantview__langdon_4__12-03-24,100,0.38932,0.63448,0.69586,0.5657,0.02178,0.06455,0.46264,1.64046,0.21242,0.31509,0.37921,0.2568,0.22242,0.63954,0.93382
plantview__langdon_4__12-03-24,101,0.38785,0.63215,0.70074,0.57132,0.02906,0.08888,0.45546,1.64689,0.22631,0.33403,0.39962,0.26794,0.20616,0.58348,0.92384
plantview__langdon_4__12-03-24,102,0.38913,0.63742,0.71501,0.58157,0.01917,0.10068,0.46605,1.66216,0.24649,0.36406,0.42879,0.28503,0.15719,0.50052,0.91803
plantview__langdon_4__12-03-24,103,0.3514,0.53501,0.62324,0.53152,0.04774,0.24464,0.51217,1.5765,0.26752,0.35927,0.42432,0.30119,0.14915,0.46554,0.9079
plantview__langdon_4__12-03-24,104,0.35638,0.54733,0.6392,0.54176,0.05201,0.24134,0.47759,1.62267,0.27861,0.36793,0.43527,0.30778,0.15557,0.46098,0.91047
plantview__langdon_4__12-03-24,105,0.36091,0.55905,0.65563,0.55814,0.07607,0.24388,0.45302,1.67601,0.29503,0.38269,0.45227,0.31939,0.16844,0.43937,0.88221
plantview__langdon_4__12-03-24,106,0.36601,0.5728,0.67155,0.56712,0.09695,0.22686,0.44162,1.74304,0.30873,0.39111,0.46994,0.32858,0.19088,0.45069,0.83048
plantview__langdon_4__12-03-24,107,0.37466,0.59131,0.6864,0.57338,0.10189,0.19917,0.416,1.80367,0.31402,0.38396,0.47663,0.33397,0.2159,0.50803,0.82297
plantview__langdon_4__12-03-24,108,0.38118,0.6053,0.70045,0.5813,0.09811,0.20209,0.38492,1.862,0.32566,0.37503,0.48671,0.34906,0.30734,0.54943,0.81262
plantview__langdon_4__12-03-24,109,0.36003,0.57841,0.77547,0.54922,0.09572,0.26477,0.40994,1.84073,0.32939,0.37674,0.61591,0.35094,0.31908,0.5645,0.78849
plantview__langdon_4__12-03-24,110,0.3828,0.62741,0.72043,0.58201,0.08318,0.23486,0.35351,1.89761,0.32575,0.36483,0.49152,0.35568,0.37815,0.60276,0.77429
plantview__langdon_4__12-03-24,111,0.38912,0.65941,0.75232,0.58721,0.07901,0.20868,0.32985,1.89621,0.31369,0.3605,0.47895,0.34681,0.35389,0.62552,0.79049
plantview__langdon_4__12-03-24,112,0.37653,0.63983,0.74213,0.56394,0.08442,0.21018,0.35427,1.85896,0.30072,0.34485,0.47161,0.33676,0.3874,0.61696,0.79729
plantview__langdon_4__12-03-24,113,0.37851,0.62171,0.71898,0.57594,0.08377,0.23196,0.3677,1.87503,0.31987,0.36058,0.48023,0.34896,0.36341,0.58194,0.78395
plantview__langdon_4__12-03-24,114,0.36053,0.57617,0.66814,0.54267,0.09358,0.25529,0.40172,1.82441,0.32281,0.36365,0.48208,0.34849,0.36124,0.56493,0.79415
plantview__langdon_4__12-03-24,115,0.3866,0.61231,0.70888,0.59205,0.09784,0.20093,0.37721,1.86746,0.32734,0.37787,0.48498,0.34971,0.28421,0.5402,0.81253
plantview__langdon_4__12-03-24,116,0.37602,0.59456,0.68636,0.57558,0.09827,0.19421,0.40181,1.80292,0.30663,0.37713,0.4715,0.33088,0.25844,0.50189,0.8268
plantview__langdon_4__12-03-24,117,0.36386,0.56915,0.66421,0.55999,0.10543,0.21411,0.43997,1.71953,0.29922,0.38053,0.46164,0.32407,0.20431,0.4692,0.83175
plantview__langdon_4__12-03-24,118,0.34976,0.54157,0.63333,0.53209,0.0626,0.23938,0.49537,1.63347,0.28027,0.36798,0.43284,0.30665,0.16961,0.47185,0.90401
plantview__langdon_4__12-03-24,119,0.34539,0.53137,0.62135,0.52171,0.04886,0.25109,0.50791,1.5746,0.26173,0.35097,0.41735,0.29733,0.17481,0.48625,0.90654
plantview__langdon_4__12-03-24,120,0.34036,0.52122,0.61174,0.51698,0.06146,0.25824,0.53619,1.52038,0.25445,0.3503,0.41957,0.29849,0.17891,0.49769,0.87335
plantview__langdon_4__12-03-24,121,0.39851,0.65184,0.72812,0.59358,0.01834,0.08795,0.44835,1.688,0.24222,0.35753,0.42768,0.28172,0.16479,0.53121,0.92193
plantview__langdon_4__12-03-24,122,0.39152,0.64284,0.71187,0.57741,0.02405,0.07832,0.4541,1.64576,0.22561,0.33806,0.40002,0.26726,0.18438,0.58434,0.92792
plantview__langdon_4__12-03-24,123,0.39858,0.64767,0.702,0.57605,0.01874,0.0451,0.43205,1.6505,0.20504,0.30553,0.36751,0.2504,0.2258,0.66484,0.93839
plantview__langdon_4__12-03-24,124,0.3624,0.58984,0.63713,0.50597,0.02589,0.06076,0.53859,1.53328,0.17261,0.25566,0.32223,0.22547,0.34907,0.72699,0.95445
plantview__langdon_4__12-03-24,125,0.34752,0.56877,0.60886,0.47331,0.02004,0.05875,0.59793,1.52602,0.15177,0.22502,0.29508,0.20594,0.44797,0.79685,0.95804
plantview__langdon_4__12-03-24,126,0.34476,0.57184,0.61073,0.46801,0.0109,0.04539,0.61074,1.55406,0.15587,0.23745,0.30039,0.2031,0.36913,0.84495,0.9548
plantview__langdon_4__12-03-24,127,0.31111,0.53351,0.58092,0.42628,0.01766,0.11389,0.71937,1.48425,0.15287,0.2361,0.30041,0.20422,0.4109,0.81345,0.95079
plantview__langdon_4__12-03-24,128,0.30861,0.5274,0.57117,0.41753,0.02313,0.10734,0.71902,1.47882,0.14855,0.22837,0.291,0.19723,0.41181,0.83871,0.96162
plantview__langdon_4__12-03-24,129,0.33808,0.56415,0.60747,0.4634,0.01283,0.0521,0.6289,1.53373,0.15534,0.23995,0.31005,0.20917,0.38951,0.82841,0.95555
plantview__langdon_4__12-03-24,130,0.35092,0.57499,0.61722,0.48078,0.01422,0.0474,0.57493,1.5412,0.1607,0.24243,0.30719,0.21034,0.36451,0.80987,0.95215
plantview__langdon_4__12-03-24,131,0.35423,0.57617,0.62378,0.49105,0.01729,0.07501,0.55111,1.54492,0.17204,0.2556,0.31982,0.22002,0.32671,0.76458,0.95695
plantview__langdon_4__12-03-24,132,0.36859,0.60245,0.65804,0.52097,0.01894,0.06656,0.50938,1.57766,0.18523,0.27917,0.34566,0.23275,0.28205,0.71314,0.94842
plantview__langdon_4__12-03-24,133,0.38424,0.63246,0.69988,0.5598,0.01654,0.08018,0.4697,1.60144,0.21011,0.31937,0.38707,0.25948,0.22347,0.63862,0.9286
plantview__langdon_4__12-03-24,134,0.3865,0.63993,0.7195,0.57888,0.02485,0.102,0.48261,1.63168,0.23441,0.35414,0.42878,0.28564,0.19504,0.57309,0.89785
plantview__langdon_4__12-03-24,135,0.3333,0.5084,0.59549,0.49875,0.06395,0.27219,0.54825,1.49708,0.24324,0.33308,0.40493,0.29004,0.20286,0.52448,0.90112
plantview__langdon_4__12-03-24,136,0.34438,0.5277,0.61605,0.519,0.05787,0.24242,0.51409,1.57192,0.26134,0.34933,0.42055,0.29972,0.18541,0.50937,0.90556
plantview__langdon_4__12-03-24,137,0.35762,0.55402,0.63999,0.53491,0.06306,0.22072,0.45927,1.64715,0.26846,0.34789,0.41986,0.29897,0.20893,0.52035,0.90407
plantview__langdon_4__12-03-24,138,0.354,0.55217,0.64274,0.53532,0.10199,0.22054,0.45343,1.68191,0.28813,0.36575,0.44877,0.31501,0.22819,0.49886,0.85928
plantview__langdon_4__12-03-24,139,0.36941,0.57946,0.66373,0.54947,0.08898,0.19227,0.41476,1.77791,0.29595,0.35933,0.46265,0.32252,0.27426,0.55419,0.84339
plantview__langdon_4__12-03-24,140,0.38114,0.60613,0.69556,0.57688,0.10298,0.19514,0.37715,1.86217,0.30074,0.34811,0.45543,0.32884,0.32725,0.58593,0.82996
plantview__langdon_4__12-03-24,141,0.36949,0.59,0.68207,0.55985,0.09047,0.23216,0.39628,1.87591,0.32327,0.36522,0.48132,0.34775,0.35093,0.56988,0.79329
plantview__langdon_4__12-03-24,142,0.38549,0.6303,0.72134,0.58335,0.07286,0.20988,0.3582,1.90406,0.30491,0.3413,0.45919,0.33841,0.40069,0.60118,0.79496
plantview__langdon_4__12-03-24,143,0.39505,0.66546,0.75576,0.59638,0.07434,0.19206,0.31761,1.9183,0.28457,0.32431,0.4342,0.3234,0.41656,0.63688,0.81171
plantview__langdon_4__12-03-24,144,0.39819,0.67558,0.76979,0.60685,0.07559,0.2059,0.31695,1.9195,0.29276,0.33397,0.44828,0.33166,0.41791,0.6257,0.79923
plantview__langdon_4__12-03-24,145,0.40301,0.66318,0.75875,0.62429,0.07073,0.20246,0.3501,1.96007,0.31996,0.36327,0.48371,0.35056,0.36666,0.5747,0.77649
plantview__langdon_4__12-03-24,146,0.36923,0.59536,0.94627,0.55439,0.08472,0.22,0.3995,1.86473,0.30408,0.34921,0.79607,0.3344,0.36096,0.59899,0.81976
plantview__langdon_4__12-03-24,147,0.38042,0.59992,0.68334,0.56993,0.08676,0.19138,0.37945,1.84554,0.28998,0.33494,0.43417,0.31831,0.31868,0.59368,0.84883
plantview__langdon_4__12-03-24,148,0.35934,0.56422,0.64756,0.52724,0.08338,0.19814,0.4376,1.73595,0.29013,0.35494,0.45378,0.31516,0.25305,0.55915,0.85699
plantview__langdon_4__12-03-24,149,0.36014,0.56293,0.65169,0.54067,0.10609,0.19766,0.44536,1.69974,0.28851,0.36562,0.44902,0.31241,0.19093,0.52826,0.85027
plantview__langdon_4__12-03-24,150,0.35371,0.54816,0.63424,0.52805,0.07685,0.22315,0.47595,1.63489,0.27308,0.35726,0.42396,0.29852,0.16977,0.50678,0.91339
plantview__langdon_4__12-03-24,151,0.34776,0.54028,0.71227,0.51753,0.04491,0.2252,0.50336,1.56592,0.25083,0.34367,0.52973,0.28856,0.17012,0.52023,0.92354
plantview__langdon_4__12-03-24,152,0.33755,0.51368,0.59997,0.50661,0.05396,0.27338,0.53274,1.51658,0.25552,0.34905,0.41201,0.29417,0.15762,0.48712,0.90995
plantview__langdon_4__12-03-24,153,0.37569,0.62028,0.69946,0.55826,0.04017,0.12329,0.49805,1.59388,0.24137,0.36327,0.4409,0.28713,0.20169,0.53636,0.90207
plantview__langdon_4__12-03-24,154,0.39044,0.64441,0.72329,0.58146,0.02404,0.08275,0.47565,1.63262,0.2306,0.35191,0.42838,0.2784,0.19086,0.55897,0.90991
plantview__langdon_4__12-03-24,155,0.3817,0.62409,0.67972,0.54456,0.01719,0.05663,0.47029,1.60716,0.18941,0.28599,0.35791,0.24166,0.29634,0.71765,0.93629
plantview__langdon_4__12-03-24,156,0.34807,0.58121,0.95292,0.48843,0.0191,0.08202,0.58708,1.53113,0.17269,0.27023,0.78672,0.23054,0.33825,0.75335,0.94729
plantview__langdon_4__12-03-24,157,0.33183,0.54602,0.59021,0.45171,0.01533,0.07085,0.6326,1.47474,0.14941,0.22878,0.30294,0.20751,0.42576,0.8275,0.94488
plantview__langdon_4__12-03-24,158,0.33554,0.56152,0.60555,0.45899,0.01271,0.06124,0.63124,1.5166,0.15171,0.23578,0.30544,0.20558,0.40281,0.83551,0.95682
plantview__langdon_4__12-03-24,159,0.29464,0.50548,0.55235,0.3993,0.03386,0.16481,0.74916,1.45128,0.14894,0.22812,0.28693,0.1943,0.41735,0.80446,0.96733
plantview__langdon_4__12-03-24,160,0.2857,0.49084,0.5383,0.38577,0.05366,0.16639,0.76933,1.42739,0.14175,0.21573,0.27933,0.19034,0.49293,0.81013,0.96682
plantview__langdon_4__12-03-24,161,0.32453,0.54479,0.58802,0.43884,0.015,0.06594,0.68226,1.4744,0.1417,0.22002,0.29386,0.19889,0.45461,0.83947,0.95431
plantview__langdon_4__12-03-24,162,0.34278,0.56618,0.61388,0.47544,0.00949,0.06661,0.60271,1.50754,0.16017,0.24825,0.3246,0.22027,0.36846,0.81449,0.93741
plantview__langdon_4__12-03-24,163,0.33831,0.55497,0.61082,0.47416,0.02473,0.10537,0.60531,1.49982,0.17786,0.26807,0.3433,0.23323,0.33411,0.74795,0.92324
plantview__langdon_4__12-03-24,164,0.36609,0.59819,0.65903,0.52463,0.02526,0.07535,0.52379,1.56936,0.1975,0.29729,0.36801,0.24789,0.26711,0.68748,0.92342
plantview__langdon_4__12-03-24,165,0.38215,0.6276,0.70008,0.5676,0.01926,0.0873,0.49568,1.5882,0.2227,0.33939,0.40981,0.27823,0.21081,0.59974,0.90195
plantview__langdon_4__12-03-24,166,0.37973,0.62487,0.70442,0.56974,0.03654,0.12488,0.49259,1.5997,0.23884,0.36037,0.43286,0.28778,0.18799,0.54241,0.89335
plantview__langdon_4__12-03-24,167,0.3274,0.50177,0.60008,0.50126,0.07472,0.30798,0.57344,1.47117,0.27368,0.37852,0.4643,0.31926,0.16158,0.46227,0.85843
plantview__langdon_4__12-03-24,168,0.33679,0.51845,0.60835,0.50805,0.068,0.26475,0.53217,1.54919,0.26625,0.35846,0.42324,0.29871,0.15038,0.47485,0.91329
plantview__langdon_4__12-03-24,169,0.34069,0.52599,0.61805,0.51602,0.10071,0.25013,0.50826,1.61383,0.28388,0.37256,0.43392,0.30419,0.13339,0.48005,0.91312
plantview__langdon_4__12-03-24,170,0.34737,0.53986,0.6264,0.51545,0.1011,0.21739,0.47042,1.66524,0.28105,0.35467,0.42979,0.30255,0.19707,0.5236,0.87709
plantview__langdon_4__12-03-24,171,0.36351,0.58124,0.91693,0.54819,0.09516,0.21427,0.42986,1.7512,0.29263,0.36561,0.76648,0.31774,0.22459,0.54372,0.85243
plantview__langdon_4__12-03-24,172,0.37493,0.5926,0.67878,0.56314,0.09033,0.21341,0.38792,1.8346,0.30216,0.34673,0.45012,0.32945,0.33151,0.57862,0.83944
plantview__langdon_4__12-03-24,173,0.37667,0.59957,0.69127,0.57165,0.08058,0.24404,0.3865,1.87202,0.32513,0.36468,0.48117,0.34949,0.34696,0.57785,0.79587
plantview__langdon_4__12-03-24,174,0.39326,0.64388,0.73862,0.60448,0.07647,0.22126,0.3538,1.92463,0.32586,0.36526,0.48775,0.35447,0.36499,0.59224,0.77531
plantview__langdon_4__12-03-24,175,0.38862,0.65368,0.75064,0.59301,0.07999,0.2223,0.3373,1.89635,0.29956,0.3405,0.44628,0.33299,0.38389,0.61016,0.79725
plantview__langdon_4__12-03-24,176,0.39291,0.66415,0.76451,0.60954,0.08301,0.23258,0.33347,1.93514,0.3033,0.34567,0.45319,0.33657,0.38962,0.61159,0.77062
plantview__langdon_4__12-03-24,177,0.38765,0.63427,0.73491,0.60119,0.07268,0.25248,0.36864,1.92231,0.33628,0.37761,0.49566,0.35902,0.33136,0.58012,0.75251
plantview__langdon_4__12-03-24,178,0.36872,0.58796,0.68299,0.56501,0.094,0.25091,0.4026,1.87979,0.33031,0.37221,0.4848,0.35027,0.32526,0.57824,0.78511
plantview__langdon_4__12-03-24,179,0.37172,0.58899,0.68501,0.57219,0.11129,0.25291,0.39336,1.85276,0.31732,0.36332,0.4597,0.33802,0.29413,0.55381,0.81563
plantview__langdon_4__12-03-24,180,0.36605,0.57602,0.66702,0.55424,0.08862,0.23872,0.41328,1.76055,0.29896,0.36194,0.43918,0.31886,0.22243,0.52411,0.85049
plantview__langdon_4__12-03-24,181,0.34039,0.53203,0.62824,0.51818,0.10589,0.25542,0.50006,1.63788,0.29182,0.37384,0.43972,0.31213,0.15939,0.46278,0.87375
plantview__langdon_4__12-03-24,182,0.33723,0.52241,0.61641,0.51432,0.09222,0.27584,0.52401,1.60719,0.28913,0.38016,0.44528,0.30943,0.1383,0.45263,0.90124
plantview__langdon_4__12-03-24,183,0.33093,0.50812,0.60392,0.50694,0.07821,0.30608,0.54066,1.52936,0.28702,0.38924,0.47139,0.31787,0.13383,0.42297,0.87566
plantview__langdon_4__12-03-24,184,0.31708,0.48689,0.58438,0.48751,0.07757,0.32079,0.60022,1.45893,0.26728,0.37268,0.45626,0.31377,0.17527,0.49556,0.84224
plantview__langdon_4__12-03-24,185,0.36672,0.60776,0.69763,0.55547,0.04888,0.15387,0.52853,1.57011,0.25195,0.38126,0.46817,0.30398,0.19082,0.53539,0.8651
plantview__langdon_4__12-03-24,186,0.3406,0.5626,0.64506,0.50722,0.06738,0.18912,0.57044,1.47324,0.2315,0.35219,0.44539,0.29096,0.25558,0.58015,0.87239
plantview__langdon_4__12-03-24,187,0.33091,0.54424,0.61554,0.47736,0.04459,0.17682,0.61255,1.4309,0.21288,0.32324,0.4226,0.2768,0.30256,0.63716,0.87655
plantview__langdon_4__12-03-24,188,0.29609,0.48625,0.54823,0.41282,0.04454,0.1982,0.74486,1.37442,0.17221,0.26044,0.36771,0.24425,0.4929,0.72911,0.89764
plantview__langdon_4__12-03-24,189,0.32164,0.53523,0.58808,0.44394,0.02046,0.10649,0.68205,1.45375,0.15267,0.23717,0.31998,0.21672,0.43706,0.80705,0.94195
plantview__langdon_4__12-03-24,190,0.32468,0.54544,0.59041,0.44157,0.01228,0.08568,0.66941,1.47037,0.14674,0.22997,0.29816,0.19962,0.41687,0.81626,0.96059
plantview__langdon_4__12-03-24,191,0.26484,0.45481,0.5046,0.35709,0.07008,0.22228,0.83309,1.36102,0.13017,0.1971,0.27183,0.18795,0.586,0.81753,0.95741
plantview__langdon_4__12-03-24,192,0.28294,0.48593,0.53387,0.38155,0.04943,0.18021,0.77529,1.41662,0.14284,0.21752,0.27741,0.18889,0.48244,0.8036,0.97284
plantview__langdon_4__12-03-24,193,0.30767,0.51761,0.56369,0.41432,0.02312,0.12081,0.71088,1.45268,0.1449,0.22301,0.29033,0.19435,0.44615,0.8293,0.96025
plantview__langdon_4__12-03-24,194,0.3278,0.54452,0.59741,0.45278,0.01753,0.09583,0.65081,1.48047,0.15638,0.24329,0.32095,0.21421,0.39025,0.80785,0.944
plantview__langdon_4__12-03-24,195,0.32017,0.52831,0.58768,0.44632,0.02777,0.14729,0.67152,1.43992,0.1639,0.25158,0.33574,0.22647,0.41672,0.76649,0.92466
plantview__langdon_4__12-03-24,196,0.31188,0.51352,0.58664,0.44658,0.05456,0.22191,0.67845,1.36438,0.21872,0.33127,0.44683,0.28997,0.39587,0.61026,0.82523
plantview__langdon_4__12-03-24,197,0.33892,0.56163,0.64419,0.50271,0.06388,0.1996,0.56963,1.47064,0.22041,0.3366,0.41728,0.27771,0.26174,0.58757,0.8915
plantview__langdon_4__12-03-24,198,0.3356,0.55571,0.64385,0.50034,0.06705,0.20948,0.58864,1.4654,0.22844,0.34654,0.43253,0.28701,0.26259,0.56624,0.88312
plantview__langdon_4__12-03-24,199,0.30489,0.46473,0.55807,0.4534,0.09477,0.33557,0.65342,1.39093,0.26617,0.37239,0.48711,0.31897,0.23103,0.53635,0.83036
plantview__langdon_4__12-03-24,200,0.3209,0.49324,0.584,0.48327,0.08295,0.29977,0.5645,1.49371,0.25192,0.34021,0.40298,0.28855,0.17651,0.48559,0.91363
plantview__langdon_4__12-03-24,201,0.33745,0.52147,0.6147,0.51336,0.07913,0.26345,0.52129,1.58699,0.27335,0.35841,0.41501,0.2989,0.15344,0.46713,0.92393
plantview__langdon_4__12-03-24,202,0.34393,0.53677,0.63379,0.52725,0.11201,0.25632,0.49082,1.6681,0.29796,0.37785,0.44086,0.31393,0.14965,0.45518,0.86898
plantview__langdon_4__12-03-24,203,0.35367,0.55674,0.6482,0.53439,0.09847,0.2514,0.4495,1.74267,0.30355,0.36819,0.4464,0.32061,0.21036,0.51986,0.85158
plantview__langdon_4__12-03-24,204,0.36492,0.58048,0.67785,0.56306,0.10825,0.27025,0.39702,1.83262,0.31426,0.36302,0.45131,0.33256,0.26984,0.5622,0.80963
plantview__langdon_4__12-03-24,205,0.35264,0.55811,0.65511,0.53402,0.08462,0.30479,0.42458,1.82925,0.33738,0.37234,0.4828,0.35566,0.33765,0.55322,0.78799
plantview__langdon_4__12-03-24,206,0.37374,0.60895,0.70843,0.57357,0.07561,0.27474,0.38239,1.9072,0.3327,0.36705,0.48305,0.35649,0.3712,0.58467,0.74721
plantview__langdon_4__12-03-24,207,0.38604,0.65011,0.76449,0.59063,0.07799,0.22966,0.34499,1.92561,0.30539,0.34204,0.47947,0.34011,0.41148,0.62146,0.76918
plantview__langdon_4__12-03-24,208,0.37596,0.63334,0.7314,0.56935,0.08851,0.24272,0.34773,1.88054,0.29917,0.33596,0.44187,0.33211,0.39446,0.61786,0.78842
plantview__langdon_4__12-03-24,209,0.37284,0.60903,0.70558,0.56341,0.06509,0.26371,0.36622,1.8908,0.31828,0.34743,0.46942,0.34916,0.41193,0.60822,0.76491
plantview__langdon_4__12-03-24,210,0.35054,0.55732,0.65601,0.53267,0.09122,0.29776,0.42994,1.84613,0.33574,0.37285,0.47876,0.35286,0.32022,0.56015,0.77903
plantview__langdon_4__12-03-24,211,0.36555,0.57683,0.66904,0.55422,0.09534,0.25872,0.40862,1.82972,0.31643,0.36112,0.45163,0.33536,0.27035,0.57505,0.82586
plantview__langdon_4__12-03-24,212,0.35174,0.55605,0.65113,0.53244,0.09706,0.2533,0.45781,1.75343,0.30484,0.36932,0.44957,0.32233,0.22751,0.50944,0.84151
plantview__langdon_4__12-03-24,213,0.34276,0.53193,0.62275,0.51716,0.11226,0.25049,0.46904,1.67196,0.27835,0.34677,0.41432,0.29858,0.21157,0.50341,0.87477
plantview__langdon_4__12-03-24,214,0.32926,0.50902,0.60549,0.49988,0.08638,0.29261,0.54098,1.59288,0.28155,0.36785,0.42586,0.30126,0.15537,0.43457,0.92579
plantview__langdon_4__12-03-24,215,0.31841,0.48585,0.5803,0.48202,0.09127,0.31606,0.57451,1.50917,0.28049,0.37631,0.45038,0.30847,0.14433,0.44055,0.89065
plantview__langdon_4__12-03-24,216,0.31195,0.47605,0.57187,0.47491,0.09056,0.33367,0.58637,1.46265,0.25633,0.35029,0.4158,0.29564,0.16314,0.49647,0.8875
plantview__langdon_4__12-03-24,217,0.35804,0.59011,0.67711,0.53739,0.04978,0.17113,0.53535,1.56743,0.24513,0.36634,0.44857,0.29256,0.21024,0.54277,0.88238
plantview__langdon_4__12-03-24,218,0.34376,0.56695,0.64762,0.50168,0.05265,0.17695,0.57465,1.48501,0.24874,0.3746,0.49038,0.30298,0.25577,0.57922,0.84114
plantview__langdon_4__12-03-24,219,0.32769,0.53372,0.60216,0.45977,0.04197,0.16997,0.64165,1.42099,0.22779,0.33751,0.46752,0.29112,0.34858,0.64681,0.84731
plantview__langdon_4__12-03-24,220,0.31761,0.52432,0.5903,0.45049,0.04601,0.16394,0.66648,1.42082,0.18115,0.27353,0.37019,0.24997,0.41109,0.71635,0.89913
plantview__langdon_4__12-03-24,221,0.32564,0.5394,0.5886,0.44545,0.01761,0.09773,0.63899,1.47397,0.15645,0.2401,0.30915,0.20844,0.37026,0.80212,0.95448
plantview__langdon_4__12-03-24,222,0.31278,0.52728,0.57751,0.42595,0.02375,0.12556,0.6831,1.45609,0.15294,0.23753,0.303,0.20134,0.39747,0.79364,0.9665
plantview__langdon_4__12-03-24,223,0.28815,0.49438,0.54049,0.38815,0.03657,0.155,0.77419,1.42773,0.13898,0.21236,0.27318,0.18742,0.48651,0.82261,0.96445
plantview__langdon_4__12-03-24,224,0.26474,0.45522,0.50417,0.35738,0.06673,0.21852,0.83791,1.37572,0.1286,0.19501,0.26625,0.18454,0.57442,0.82167,0.96445
plantview__langdon_4__12-03-24,225,0.33391,0.56173,0.60479,0.451,0.01499,0.07218,0.62087,1.52791,0.15431,0.23716,0.3001,0.19861,0.37372,0.8374,0.9612
plantview__langdon_4__12-03-24,226,0.31763,0.52808,0.58078,0.43708,0.03099,0.12877,0.67118,1.44937,0.1591,0.24001,0.31884,0.21874,0.41634,0.7892,0.93949
plantview__langdon_4__12-03-24,227,0.31063,0.50651,0.57087,0.43558,0.04881,0.20514,0.69238,1.4123,0.21061,0.31176,0.43005,0.27434,0.37393,0.67991,0.8785
plantview__langdon_4__12-03-24,228,0.3376,0.55228,0.62143,0.48202,0.04918,0.15919,0.60525,1.47093,0.22828,0.33593,0.44524,0.2849,0.30408,0.62159,0.86215
plantview__langdon_4__12-03-24,229,0.34798,0.57107,0.65435,0.51523,0.05742,0.18176,0.56832,1.5209,0.25094,0.37274,0.47343,0.30062,0.22379,0.56082,0.86004
plantview__langdon_4__12-03-24,230,0.35508,0.58515,0.67345,0.53065,0.0602,0.16863,0.54161,1.56298,0.24636,0.3636,0.44568,0.29139,0.20971,0.55519,0.87524
plantview__langdon_4__12-03-24,231,0.31574,0.48051,0.57638,0.48109,0.08412,0.32457,0.59408,1.46145,0.26024,0.35583,0.42818,0.30276,0.16985,0.48731,0.89258
plantview__langdon_4__12-03-24,232,0.32974,0.50372,0.59757,0.49866,0.08032,0.27942,0.55438,1.5252,0.26444,0.35188,0.41568,0.29727,0.15541,0.4544,0.91319
plantview__langdon_4__12-03-24,233,0.33818,0.52266,0.61876,0.51678,0.08611,0.27835,0.51716,1.61182,0.2881,0.37493,0.43534,0.3086,0.13942,0.43999,0.91305
plantview__langdon_4__12-03-24,234,0.34853,0.54457,0.64188,0.53331,0.11407,0.27158,0.46177,1.68013,0.30765,0.38478,0.45711,0.32451,0.16383,0.46866,0.85122
plantview__langdon_4__12-03-24,235,0.36646,0.5796,0.67806,0.55966,0.09338,0.24625,0.42519,1.77451,0.33159,0.40437,0.50984,0.34939,0.21781,0.49654,0.81903
plantview__langdon_4__12-03-24,236,0.37016,0.59178,0.70935,0.56571,0.09694,0.26256,0.39296,1.82388,0.32733,0.37971,0.51344,0.34964,0.28853,0.55394,0.80434
plantview__langdon_4__12-03-24,237,0.36175,0.57761,0.67288,0.54982,0.09352,0.28742,0.39751,1.85564,0.3334,0.37114,0.48706,0.35489,0.3312,0.59057,0.76499
plantview__langdon_4__12-03-24,238,0.37763,0.61843,0.71272,0.57228,0.08153,0.2579,0.35986,1.8828,0.32081,0.35401,0.47961,0.3522,0.39795,0.60659,0.76054
plantview__langdon_4__12-03-24,239,0.38046,0.63945,0.72813,0.56406,0.08228,0.2173,0.33935,1.86564,0.30249,0.34019,0.45774,0.33875,0.38929,0.6419,0.79849
plantview__langdon_4__12-03-24,240,0.38452,0.65107,0.74806,0.58384,0.09916,0.22541,0.34292,1.89277,0.31967,0.36386,0.48366,0.35107,0.35965,0.61468,0.77441
plantview__langdon_4__12-03-24,241,0.37486,0.61298,0.70556,0.56376,0.08884,0.25462,0.35083,1.87884,0.31669,0.34381,0.47398,0.35146,0.42597,0.62137,0.76045
plantview__langdon_4__12-03-24,242,0.35195,0.5611,0.65655,0.5318,0.10679,0.29177,0.40855,1.82798,0.3306,0.36321,0.47724,0.35284,0.35355,0.59362,0.76579
plantview__langdon_4__12-03-24,243,0.35728,0.56874,0.65844,0.53329,0.10114,0.27438,0.40348,1.79143,0.31743,0.3602,0.47032,0.34201,0.32141,0.59701,0.79831
plantview__langdon_4__12-03-24,244,0.36069,0.56975,0.69579,0.54503,0.10083,0.2428,0.4229,1.75298,0.30518,0.36781,0.50165,0.32627,0.22382,0.53991,0.8416
plantview__langdon_4__12-03-24,245,0.34946,0.54637,0.63929,0.52896,0.09743,0.25624,0.46631,1.68463,0.29247,0.36545,0.43898,0.31396,0.19424,0.50844,0.86393
plantview__langdon_4__12-03-24,246,0.34618,0.53312,0.62448,0.52414,0.08594,0.26412,0.48896,1.62129,0.28547,0.36681,0.42972,0.30782,0.15557,0.45635,0.91072
plantview__langdon_4__12-03-24,247,0.34126,0.52342,0.61377,0.51538,0.05964,0.26215,0.52823,1.55811,0.26533,0.35371,0.41269,0.29608,0.16295,0.44478,0.91443
plantview__langdon_4__12-03-24,248,0.33648,0.51225,0.59996,0.50632,0.06057,0.26609,0.54098,1.51922,0.25642,0.34468,0.40396,0.29286,0.15672,0.47389,0.9126
plantview__langdon_4__12-03-24,249,0.37034,0.60617,0.68877,0.55158,0.05458,0.14212,0.49496,1.60383,0.25716,0.3757,0.46378,0.29591,0.18652,0.51953,0.89484
plantview__langdon_4__12-03-24,250,0.35656,0.58711,0.72492,0.53147,0.06302,0.16277,0.53833,1.54466,0.26255,0.39064,0.5581,0.31003,0.19392,0.54188,0.86584
plantview__langdon_4__12-03-24,251,0.33216,0.54298,0.76286,0.48167,0.05815,0.17351,0.62852,1.45791,0.23707,0.35214,0.65014,0.30008,0.30054,0.6188,0.85036
plantview__langdon_4__12-03-24,252,0.32645,0.5368,0.60392,0.46801,0.04971,0.16522,0.65249,1.45097,0.22664,0.33469,0.45292,0.29128,0.35555,0.64535,0.83408
plantview__langdon_4__12-03-24,253,0.33869,0.56048,0.61591,0.47383,0.01492,0.07248,0.62695,1.50731,0.16679,0.25571,0.3413,0.23154,0.37409,0.80055,0.92272
plantview__langdon_4__12-03-24,254,0.28939,0.48822,0.55115,0.40777,0.05048,0.21616,0.74431,1.41018,0.15791,0.24592,0.32891,0.22081,0.42291,0.78872,0.9408
plantview__langdon_4__12-03-24,255,0.2472,0.42558,0.47827,0.33638,0.09523,0.29423,0.8734,1.3373,0.1265,0.18951,0.26654,0.18711,0.59796,0.824,0.95916
plantview__langdon_4__12-03-24,256,0.25309,0.43558,0.4902,0.34589,0.07618,0.31425,0.85782,1.34286,0.13109,0.19878,0.27736,0.19217,0.57092,0.82271,0.95599
plantview__langdon_4__12-03-24,257,0.29588,0.50015,0.57152,0.4074,0.0229,0.17272,0.75606,1.40414,0.14371,0.22341,0.33639,0.21341,0.46901,0.8385,0.94048
plantview__langdon_4__12-03-24,258,0.32871,0.54518,0.60672,0.46649,0.03048,0.1186,0.64183,1.5043,0.18116,0.27753,0.36403,0.24305,0.33567,0.76926,0.92293
plantview__langdon_4__12-03-24,259,0.34094,0.55678,0.62633,0.48352,0.04743,0.14645,0.62815,1.46196,0.27003,0.39635,0.55857,0.33554,0.32433,0.61924,0.80099
plantview__langdon_4__12-03-24,260,0.36681,0.60069,0.67792,0.54834,0.05557,0.13569,0.5256,1.58756,0.25529,0.37374,0.47779,0.30811,0.22155,0.5885,0.84462
plantview__langdon_4__12-03-24,261,0.382,0.62447,0.71333,0.57836,0.04031,0.12555,0.48714,1.61228,0.26261,0.38621,0.49572,0.31579,0.19688,0.53138,0.86523
plantview__langdon_4__12-03-24,262,0.38286,0.62892,0.71141,0.57456,0.03573,0.13094,0.47274,1.62802,0.2516,0.36944,0.44402,0.29404,0.18394,0.49967,0.90222
plantview__langdon_4__12-03-24,263,0.33772,0.51387,0.61063,0.52111,0.06408,0.27079,0.55771,1.52642,0.26795,0.36378,0.43545,0.31024,0.15457,0.4667,0.86117
plantview__langdon_4__12-03-24,264,0.35475,0.54432,0.63515,0.54168,0.04631,0.24317,0.49451,1.60007,0.2671,0.35355,0.41178,0.29959,0.15983,0.45726,0.90362
plantview__langdon_4__12-03-24,265,0.35779,0.55215,0.65416,0.55707,0.05542,0.25778,0.48602,1.65812,0.29967,0.38773,0.45446,0.32397,0.13664,0.40676,0.88968
plantview__langdon_4__12-03-24,266,0.35628,0.55422,0.65324,0.55234,0.10831,0.25703,0.45906,1.71769,0.31506,0.39247,0.46772,0.33226,0.17555,0.43901,0.82972
plantview__langdon_4__12-03-24,267,0.36189,0.56934,0.66421,0.55283,0.10601,0.24655,0.42663,1.76447,0.32092,0.3864,0.47857,0.33988,0.22712,0.50573,0.81756
plantview__langdon_4__12-03-24,268,0.37007,0.58723,0.68749,0.57235,0.10535,0.26878,0.40122,1.8577,0.34522,0.39357,0.49867,0.36025,0.26608,0.53966,0.78438
plantview__langdon_4__12-03-24,269,0.35869,0.57323,0.69712,0.54985,0.0987,0.29678,0.41387,1.84677,0.34927,0.39026,0.53517,0.36733,0.31813,0.55238,0.77078
plantview__langdon_4__12-03-24,270,0.3743,0.61002,0.7066,0.56642,0.08197,0.24965,0.37374,1.89664,0.34635,0.37941,0.50941,0.37071,0.37034,0.59456,0.75604
plantview__langdon_4__12-03-24,271,0.38255,0.64811,0.77377,0.57652,0.07712,0.21788,0.36364,1.90583,0.33023,0.37752,0.53332,0.35871,0.33229,0.602,0.77246
plantview__langdon_4__12-03-24,272,0.38173,0.63757,0.73841,0.58337,0.07808,0.24544,0.35902,1.90377,0.33772,0.38015,0.49516,0.3621,0.32492,0.57886,0.75374
plantview__langdon_4__12-03-24,273,0.38392,0.63122,0.77853,0.59904,0.08208,0.26275,0.37569,1.93345,0.35295,0.39324,0.57156,0.37684,0.35708,0.55896,0.72141
plantview__langdon_4__12-03-24,274,0.3629,0.58022,0.68884,0.56829,0.1091,0.31112,0.41883,1.87354,0.3572,0.39786,0.507,0.36979,0.29329,0.53759,0.74348
plantview__langdon_4__12-03-24,275,0.37399,0.59519,0.69951,0.58248,0.11333,0.25651,0.40843,1.87444,0.34674,0.39674,0.49956,0.36079,0.2538,0.52363,0.79156
plantview__langdon_4__12-03-24,276,0.36652,0.57651,0.67895,0.57188,0.11217,0.2636,0.42963,1.79508,0.33676,0.40375,0.49038,0.35003,0.18962,0.47633,0.80975
plantview__langdon_4__12-03-24,277,0.36901,0.57655,0.67844,0.58109,0.09438,0.24894,0.43491,1.77977,0.32304,0.40236,0.47682,0.33695,0.16547,0.44454,0.81004
plantview__langdon_4__12-03-24,278,0.35648,0.54935,0.65299,0.56547,0.0684,0.27217,0.50094,1.66997,0.31093,0.40414,0.46351,0.33242,0.12821,0.36681,0.86669
plantview__langdon_4__12-03-24,279,0.34998,0.53436,0.63313,0.55046,0.06071,0.28292,0.50864,1.60878,0.2914,0.38468,0.44169,0.32014,0.13266,0.38131,0.87747
plantview__langdon_4__12-03-24,280,0.34423,0.52284,0.61904,0.53697,0.0466,0.26923,0.53597,1.55298,0.27127,0.36678,0.4362,0.31683,0.15425,0.46018,0.85711
plantview__langdon_4__12-03-24,281,0.40268,0.66054,0.74534,0.61899,0.03245,0.1076,0.44759,1.72556,0.26837,0.39273,0.45843,0.30377,0.12232,0.47785,0.88361
plantview__langdon_4__12-03-24,282,0.39624,0.64856,0.73025,0.59999,0.03094,0.10095,0.47192,1.64576,0.27542,0.40701,0.51429,0.32336,0.16426,0.48087,0.8624
plantview__langdon_4__12-03-24,283,0.38144,0.62539,0.69886,0.56734,0.03407,0.10162,0.48503,1.6159,0.24019,0.35472,0.43856,0.29215,0.20476,0.58503,0.88886
plantview__langdon_4__12-03-24,284,0.33865,0.5548,0.62366,0.48495,0.05049,0.14177,0.62553,1.47814,0.23849,0.34732,0.48268,0.30717,0.34639,0.65251,0.83881
plantview__langdon_4__12-03-24,285,0.31983,0.54005,0.94229,0.45933,0.05011,0.16522,0.65373,1.47583,0.19433,0.30324,0.82271,0.26182,0.35227,0.72678,0.90693
plantview__langdon_4__12-03-24,286,0.30118,0.50406,0.55521,0.41266,0.0166,0.16166,0.74912,1.42539,0.14547,0.22112,0.30211,0.21231,0.45273,0.85024,0.9394
plantview__langdon_4__12-03-24,287,0.25826,0.44151,0.50094,0.35947,0.07657,0.33251,0.81883,1.34843,0.14897,0.22588,0.30161,0.21041,0.48733,0.80282,0.94661
plantview__langdon_4__12-03-24,288,0.28543,0.48668,0.53677,0.38718,0.03167,0.22853,0.78374,1.42807,0.15138,0.22669,0.29734,0.20641,0.41685,0.83754,0.95205
plantview__langdon_4__12-03-24,289,0.27504,0.46018,0.53033,0.39614,0.11173,0.27084,0.76555,1.38696,0.18713,0.28375,0.3837,0.25223,0.43077,0.71007,0.91515
plantview__langdon_4__12-03-24,290,0.3169,0.51324,0.57852,0.43883,0.07453,0.19532,0.69689,1.44253,0.23207,0.33901,0.50116,0.29879,0.40995,0.68004,0.85935
plantview__langdon_4__12-03-24,291,0.37359,0.61456,0.67368,0.52644,0.02607,0.09186,0.49451,1.56327,0.25252,0.36622,0.52285,0.31375,0.29799,0.66288,0.8582
plantview__langdon_4__12-03-24,292,0.40213,0.65826,0.72713,0.5986,0.02371,0.07829,0.42095,1.67494,0.24672,0.3638,0.4512,0.29644,0.20572,0.56442,0.88641
plantview__langdon_4__12-03-24,293,0.39223,0.64014,0.72292,0.59979,0.03167,0.11141,0.48859,1.61698,0.28177,0.41593,0.52205,0.33737,0.17395,0.49095,0.84015
plantview__langdon_4__12-03-24,294,0.36937,0.60368,0.6987,0.5589,0.03605,0.17389,0.56248,1.54191,0.3098,0.46434,0.6352,0.36341,0.16518,0.4878,0.79423
plantview__langdon_4__12-03-24,295,0.32034,0.48625,0.5891,0.50261,0.07755,0.3319,0.61105,1.48414,0.29773,0.41283,0.51829,0.3405,0.13711,0.44442,0.81166
plantview__langdon_4__12-03-24,296,0.33375,0.51138,0.61499,0.53027,0.08503,0.31478,0.54074,1.59184,0.29487,0.3944,0.45253,0.31982,0.12196,0.38416,0.87014
plantview__langdon_4__12-03-24,297,0.3555,0.54828,0.64942,0.55908,0.0918,0.27415,0.474,1.70159,0.31312,0.40078,0.46547,0.3288,0.14503,0.39464,0.85402
plantview__langdon_4__12-03-24,298,0.35846,0.55782,0.65826,0.56081,0.10725,0.25125,0.46115,1.73332,0.31632,0.39647,0.46569,0.3303,0.16339,0.41547,0.83362
plantview__langdon_4__12-03-24,299,0.36546,0.57467,0.67553,0.56761,0.1123,0.24251,0.4399,1.81266,0.33424,0.40269,0.49004,0.34479,0.1804,0.48114,0.81807
plantview__langdon_4__12-03-24,300,0.37733,0.58825,0.69015,0.58257,0.09444,0.27197,0.41788,1.87335,0.36207,0.40391,0.50959,0.37205,0.24467,0.50838,0.77892
plantview__langdon_4__12-03-24,301,0.36714,0.58195,0.70524,0.56956,0.0762,0.29366,0.43012,1.88426,0.37753,0.42149,0.55906,0.38694,0.27539,0.50241,0.74005
plantview__langdon_4__12-03-24,302,0.38467,0.62384,0.73565,0.59435,0.06847,0.26952,0.37766,1.93578,0.35654,0.39288,0.53051,0.37705,0.33961,0.55822,0.7134
plantview__langdon_4__12-03-24,303,0.3857,0.64707,0.75455,0.59573,0.07224,0.26183,0.35872,1.91309,0.33739,0.37889,0.4909,0.36252,0.33292,0.56881,0.73435
plantview__langdon_4__12-03-24,304,0.38341,0.63945,0.74752,0.58912,0.07633,0.2543,0.38799,1.91482,0.35808,0.40527,0.52601,0.37583,0.29351,0.56017,0.73417
plantview__langdon_4__12-03-24,305,0.38174,0.61937,0.72099,0.58643,0.06765,0.2581,0.38983,1.93389,0.36238,0.39846,0.52192,0.37938,0.32465,0.56232,0.72241
plantview__langdon_4__12-03-24,306,0.36267,0.57302,0.67558,0.55349,0.08314,0.27917,0.42853,1.87199,0.36872,0.40639,0.52959,0.38087,0.29911,0.53259,0.74958
plantview__langdon_4__12-03-24,307,0.3733,0.58251,0.67869,0.56598,0.08462,0.23843,0.42276,1.85226,0.35438,0.39736,0.50707,0.3685,0.2684,0.51974,0.79727
plantview__langdon_4__12-03-24,308,0.36639,0.58453,0.78748,0.56748,0.09392,0.2426,0.43056,1.79259,0.33536,0.41326,0.64029,0.35414,0.21996,0.46976,0.82356
plantview__langdon_4__12-03-24,309,0.36223,0.56291,0.66498,0.56886,0.1215,0.25193,0.43909,1.75376,0.32731,0.40534,0.48641,0.34204,0.17949,0.4253,0.81307
plantview__langdon_4__12-03-24,310,0.35488,0.54906,0.64949,0.55745,0.08983,0.26695,0.48581,1.6638,0.3063,0.39933,0.45775,0.32487,0.12449,0.38166,0.87676
plantview__langdon_4__12-03-24,311,0.34131,0.52504,0.62565,0.53346,0.07584,0.29241,0.52539,1.57022,0.29598,0.39633,0.46036,0.32469,0.11827,0.3933,0.86511
plantview__langdon_4__12-03-24,312,0.34982,0.53005,0.62544,0.54297,0.06078,0.27361,0.52416,1.555,0.29918,0.40512,0.50275,0.33873,0.13568,0.41565,0.84539
plantview__langdon_4__12-03-24,313,0.38865,0.6344,0.72009,0.59105,0.03254,0.13043,0.48397,1.6344,0.2882,0.42588,0.54584,0.33551,0.15609,0.46614,0.85155
plantview__langdon_4__12-03-24,314,0.39572,0.64626,0.72373,0.59845,0.02475,0.09637,0.46173,1.65293,0.25777,0.38053,0.46297,0.30733,0.16901,0.52735,0.88358
plantview__langdon_4__12-03-24,315,0.38262,0.62255,0.68839,0.56124,0.0216,0.09486,0.48619,1.62221,0.24062,0.35248,0.4541,0.29372,0.22876,0.61202,0.88796
plantview__langdon_4__12-03-24,316,0.36905,0.60678,0.66928,0.52637,0.02452,0.08472,0.49977,1.58727,0.20354,0.2993,0.39129,0.25894,0.3101,0.70104,0.91711
plantview__langdon_4__12-03-24,317,0.33655,0.5537,0.607,0.47121,0.03514,0.11217,0.62036,1.5031,0.18428,0.27058,0.36508,0.24809,0.38864,0.7511,0.90606
plantview__langdon_4__12-03-24,318,0.32705,0.54416,0.59323,0.45038,0.03147,0.10323,0.63307,1.50652,0.16838,0.25361,0.33896,0.22603,0.3846,0.81526,0.93496
plantview__langdon_4__12-03-24,319,0.28456,0.48338,0.53084,0.38552,0.03957,0.19148,0.79813,1.42216,0.14507,0.21453,0.28889,0.20586,0.48208,0.84271,0.95119
plantview__langdon_4__13-02-24,0,0.19697,0.27287,0.32301,0.28843,0.11956,0.66572,0.92489,1.19182,0.11004,0.13947,0.2232,0.2068,0.69052,0.88656,0.9454
plantview__langdon_4__13-02-24,1,0.21603,0.29575,0.35737,0.32078,0.16619,0.57835,0.87525,1.20592,0.14567,0.18342,0.25722,0.23296,0.52352,0.82618,0.92889
plantview__langdon_4__13-02-24,2,0.23459,0.32138,0.38912,0.34471,0.19138,0.50461,0.79585,1.21137,0.17467,0.22179,0.28504,0.24748,0.39035,0.73279,0.91437
plantview__langdon_4__13-02-24,3,0.25272,0.35284,0.43763,0.37697,0.19372,0.43433,0.7309,1.2549,0.1931,0.25067,0.32052,0.25587,0.26135,0.68641,0.908
plantview__langdon_4__13-02-24,4,0.28079,0.39981,0.48889,0.42349,0.17364,0.3683,0.63217,1.33664,0.21423,0.28235,0.3432,0.26214,0.1791,0.60017,0.90977
plantview__langdon_4__13-02-24,5,0.29435,0.42089,0.5023,0.4502,0.17264,0.35806,0.57936,1.37082,0.2277,0.29872,0.34113,0.2714,0.15589,0.52345,0.91239
plantview__langdon_4__13-02-24,6,0.30571,0.44299,0.53103,0.47327,0.18507,0.33843,0.53011,1.4147,0.24075,0.31543,0.3611,0.28125,0.15932,0.45994,0.90902
plantview__langdon_4__13-02-24,7,0.32938,0.48058,0.57402,0.5229,0.18461,0.31905,0.4585,1.51133,0.26373,0.33903,0.39002,0.30064,0.1662,0.42838,0.89574
plantview__langdon_4__13-02-24,8,0.32406,0.47749,0.57188,0.51431,0.20372,0.30994,0.4627,1.53097,0.26478,0.33451,0.38882,0.29834,0.19864,0.45582,0.89776
plantview__langdon_4__13-02-24,9,0.2997,0.40245,0.49016,0.47363,0.22543,0.35785,0.53451,1.46608,0.30528,0.34172,0.39116,0.32705,0.16597,0.40134,0.81029
plantview__langdon_4__13-02-24,10,0.31148,0.42337,0.51107,0.49216,0.20694,0.34981,0.51247,1.5193,0.32158,0.35327,0.41096,0.34129,0.18055,0.41465,0.75589
plantview__langdon_4__13-02-24,11,0.34365,0.48057,0.64313,0.55528,0.17253,0.32575,0.44177,1.63444,0.36299,0.39683,0.54924,0.3814,0.17339,0.40666,0.68817
plantview__langdon_4__13-02-24,12,0.359,0.50378,0.58816,0.56828,0.17453,0.27945,0.38917,1.69511,0.34,0.35864,0.43994,0.36271,0.23638,0.47957,0.71674
plantview__langdon_4__13-02-24,13,0.37823,0.54059,0.63921,0.60042,0.17204,0.2483,0.33844,1.76581,0.34736,0.35875,0.47364,0.37608,0.27597,0.51723,0.71804
plantview__langdon_4__13-02-24,14,0.38998,0.57542,0.69915,0.6258,0.17123,0.23904,0.29716,1.83803,0.33097,0.34153,0.49561,0.37174,0.34235,0.57405,0.73181
plantview__langdon_4__13-02-24,15,0.41257,0.60913,0.69705,0.66864,0.16991,0.2335,0.25677,1.91873,0.33981,0.33559,0.44239,0.3798,0.35466,0.58047,0.73351
plantview__langdon_4__13-02-24,16,0.40885,0.61176,0.69619,0.64496,0.13655,0.21492,0.24462,1.87428,0.31825,0.31466,0.42235,0.3677,0.39729,0.60866,0.74797
plantview__langdon_4__13-02-24,17,0.39677,0.60043,0.72255,0.62617,0.15126,0.2288,0.27301,1.84629,0.32848,0.33183,0.47624,0.37056,0.34772,0.60527,0.74173
plantview__langdon_4__13-02-24,18,0.40401,0.59795,0.68559,0.64208,0.15909,0.23861,0.26261,1.87428,0.34417,0.33913,0.44283,0.37948,0.33278,0.59088,0.74312
plantview__langdon_4__13-02-24,19,0.39219,0.60679,1.31327,0.63509,0.16146,0.24537,0.2898,1.84015,0.34254,0.37965,1.1994,0.39084,0.32131,0.57666,0.73564
plantview__langdon_4__13-02-24,20,0.37343,0.52924,0.61042,0.58657,0.16636,0.25713,0.34908,1.76529,0.34757,0.35413,0.44487,0.37112,0.2593,0.53181,0.7321
plantview__langdon_4__13-02-24,21,0.37002,0.52233,0.62097,0.60212,0.18467,0.28538,0.37466,1.75804,0.37333,0.39047,0.48098,0.38981,0.21179,0.44238,0.69866
plantview__langdon_4__13-02-24,22,0.36578,0.50925,0.61578,0.60773,0.19955,0.30073,0.3994,1.71585,0.37958,0.40919,0.49407,0.39642,0.1824,0.38893,0.66786
plantview__langdon_4__13-02-24,23,0.33045,0.45454,0.58607,0.52842,0.20947,0.31474,0.46952,1.57795,0.32907,0.36284,0.47614,0.35342,0.19857,0.42617,0.72358
plantview__langdon_4__13-02-24,24,0.31526,0.42853,0.52226,0.5092,0.24273,0.33248,0.49484,1.5227,0.31184,0.35023,0.40785,0.33881,0.18174,0.42301,0.77112
plantview__langdon_4__13-02-24,25,0.32988,0.48338,0.57835,0.52595,0.20257,0.31332,0.44406,1.53096,0.26953,0.33808,0.39452,0.30756,0.19746,0.45144,0.87988
plantview__langdon_4__13-02-24,26,0.32274,0.47032,0.56245,0.51046,0.18913,0.31845,0.47207,1.47483,0.25842,0.33235,0.38176,0.30025,0.16056,0.43548,0.89447
plantview__langdon_4__13-02-24,27,0.30497,0.43991,0.53184,0.47956,0.19387,0.35008,0.51211,1.41822,0.24835,0.32362,0.36801,0.28832,0.13417,0.43507,0.91043
plantview__langdon_4__13-02-24,28,0.30101,0.43087,0.51754,0.46909,0.17054,0.3632,0.56369,1.36372,0.23315,0.30918,0.35691,0.28744,0.14096,0.50665,0.89035
plantview__langdon_4__13-02-24,29,0.28317,0.4022,0.47898,0.42664,0.15049,0.36076,0.63966,1.32534,0.2073,0.27393,0.32479,0.2632,0.20363,0.62114,0.91049
plantview__langdon_4__13-02-24,30,0.26693,0.37243,0.44125,0.39476,0.15167,0.39756,0.71178,1.27883,0.19492,0.25173,0.30645,0.25848,0.25326,0.68864,0.90459
plantview__langdon_4__13-02-24,31,0.24661,0.33704,0.39909,0.35978,0.1446,0.46547,0.78163,1.22685,0.17562,0.22242,0.2834,0.2505,0.3768,0.73564,0.91162
plantview__langdon_4__13-02-24,32,0.2279,0.31166,0.36661,0.33314,0.11325,0.52368,0.8735,1.22491,0.1426,0.1787,0.25361,0.2334,0.53837,0.83249,0.93054
plantview__langdon_4__13-02-24,33,0.19431,0.26685,0.31817,0.28601,0.16408,0.63911,0.93026,1.18501,0.11848,0.15048,0.22397,0.20656,0.61791,0.87497,0.94958
plantview__langdon_4__13-02-24,34,0.2041,0.2833,0.32791,0.29222,0.1128,0.59276,0.9289,1.22314,0.11254,0.1451,0.21364,0.19394,0.61972,0.89369,0.95986
plantview__langdon_4__13-02-24,35,0.21609,0.29626,0.35017,0.31567,0.12225,0.55874,0.90263,1.21776,0.13399,0.16795,0.24114,0.22146,0.54917,0.85496,0.94318
plantview__langdon_4__13-02-24,36,0.24529,0.33325,0.38837,0.35045,0.12144,0.45346,0.81916,1.23765,0.16628,0.20716,0.26561,0.23748,0.38254,0.77694,0.92707
plantview__langdon_4__13-02-24,37,0.26554,0.37064,0.43796,0.39101,0.15455,0.39431,0.71461,1.26703,0.19207,0.24887,0.3039,0.25793,0.25691,0.69238,0.90712
plantview__langdon_4__13-02-24,38,0.28877,0.40581,0.47953,0.43103,0.16338,0.35035,0.61656,1.31908,0.21494,0.27994,0.32984,0.27082,0.1905,0.60025,0.91356
plantview__langdon_4__13-02-24,39,0.30206,0.42904,0.51019,0.46879,0.18083,0.33801,0.56462,1.35969,0.2335,0.3067,0.35306,0.28954,0.16317,0.49926,0.88574
plantview__langdon_4__13-02-24,40,0.32006,0.46257,0.55392,0.51045,0.18822,0.33813,0.48755,1.43789,0.26147,0.34203,0.38546,0.30642,0.1318,0.38947,0.8982
plantview__langdon_4__13-02-24,41,0.344,0.50212,0.6,0.5608,0.17775,0.31084,0.45014,1.5595,0.28868,0.37162,0.42279,0.3263,0.14171,0.37779,0.88003
plantview__langdon_4__13-02-24,42,0.34606,0.51117,0.61262,0.56904,0.19623,0.29993,0.43878,1.58962,0.29114,0.37236,0.42985,0.32953,0.16965,0.41029,0.83936
plantview__langdon_4__13-02-24,43,0.32348,0.43932,0.53591,0.53769,0.24294,0.32588,0.49037,1.54396,0.31241,0.35678,0.4179,0.34938,0.17904,0.42305,0.74804
plantview__langdon_4__13-02-24,44,0.34103,0.46863,0.56165,0.55913,0.20826,0.30973,0.44247,1.59638,0.32205,0.36092,0.42575,0.35455,0.1956,0.42744,0.71967
plantview__langdon_4__13-02-24,45,0.35145,0.49291,0.60986,0.56904,0.17891,0.29957,0.41693,1.65497,0.34405,0.37741,0.4835,0.36935,0.20593,0.44094,0.69358
plantview__langdon_4__13-02-24,46,0.37123,0.521,0.60353,0.58834,0.15842,0.26811,0.36237,1.73847,0.35002,0.36659,0.45658,0.3734,0.24627,0.48713,0.72184
plantview__langdon_4__13-02-24,47,0.38181,0.54329,0.62641,0.60196,0.15573,0.24525,0.32903,1.77619,0.34861,0.35695,0.45357,0.37589,0.2698,0.52693,0.72779
plantview__langdon_4__13-02-24,48,0.3913,0.58416,0.77257,0.6203,0.14806,0.23206,0.28558,1.823,0.32881,0.34567,0.57993,0.37311,0.32572,0.58909,0.74764
plantview__langdon_4__13-02-24,49,0.39191,0.58872,0.99697,0.62248,0.15627,0.23929,0.26794,1.83444,0.33766,0.34579,0.85051,0.38003,0.33125,0.59042,0.73694
plantview__langdon_4__13-02-24,50,0.38631,0.58007,0.67458,0.60164,0.13326,0.22592,0.2948,1.79968,0.32577,0.32613,0.43136,0.36974,0.37289,0.59488,0.73205
plantview__langdon_4__13-02-24,51,0.38321,0.59291,0.92849,0.60059,0.16393,0.23099,0.26961,1.8355,0.30403,0.30851,0.74803,0.35982,0.43201,0.6547,0.74769
plantview__langdon_4__13-02-24,52,0.37978,0.56939,0.75607,0.59174,0.1731,0.24305,0.2612,1.82517,0.29721,0.28935,0.54874,0.3496,0.47474,0.651,0.74729
plantview__langdon_4__13-02-24,53,0.37598,0.56569,0.78503,0.59591,0.18067,0.24362,0.27903,1.7831,0.30064,0.31565,0.59826,0.35655,0.40756,0.60758,0.74642
plantview__langdon_4__13-02-24,54,0.36627,0.52441,0.61625,0.56507,0.16715,0.24238,0.34363,1.73312,0.31694,0.32339,0.44076,0.3522,0.33128,0.56868,0.74293
plantview__langdon_4__13-02-24,55,0.36218,0.50997,0.59271,0.57167,0.1692,0.26687,0.37538,1.69832,0.3348,0.35341,0.44094,0.36292,0.26708,0.50809,0.71038
plantview__langdon_4__13-02-24,56,0.35355,0.49222,0.57954,0.56667,0.16844,0.29652,0.41441,1.66713,0.34118,0.37125,0.44674,0.36252,0.18287,0.46271,0.70949
plantview__langdon_4__13-02-24,57,0.3393,0.46777,0.55797,0.54644,0.20366,0.31457,0.42202,1.62378,0.32435,0.35803,0.42952,0.34939,0.19383,0.46477,0.72222
plantview__langdon_4__13-02-24,58,0.32857,0.4506,0.54761,0.54114,0.22371,0.3299,0.47303,1.56856,0.31915,0.36477,0.42984,0.35146,0.18232,0.41651,0.74487
plantview__langdon_4__13-02-24,59,0.34913,0.51555,0.60768,0.55525,0.1771,0.28341,0.41427,1.59661,0.26917,0.34433,0.4008,0.30398,0.19775,0.45176,0.88066
plantview__langdon_4__13-02-24,60,0.33676,0.49189,0.58303,0.53553,0.17045,0.29219,0.46077,1.53154,0.25847,0.33558,0.38997,0.30107,0.18304,0.449,0.90312
plantview__langdon_4__13-02-24,61,0.31594,0.45778,0.54164,0.48803,0.17276,0.30441,0.51796,1.41186,0.23055,0.30637,0.35701,0.2823,0.18221,0.47799,0.91839
plantview__langdon_4__13-02-24,62,0.29902,0.4295,0.51163,0.46396,0.19165,0.32228,0.58598,1.35431,0.22172,0.29545,0.34938,0.28476,0.20772,0.51616,0.89779
plantview__langdon_4__13-02-24,63,0.27577,0.39018,0.46285,0.41386,0.16978,0.35232,0.67301,1.30726,0.19603,0.25947,0.31401,0.25756,0.24704,0.6441,0.92173
plantview__langdon_4__13-02-24,64,0.26054,0.36422,0.43359,0.38491,0.16281,0.38683,0.72954,1.27322,0.18317,0.23807,0.2984,0.24841,0.28859,0.70395,0.92436
plantview__langdon_4__13-02-24,65,0.22277,0.2992,0.35292,0.31807,0.17823,0.50549,0.87032,1.19464,0.1502,0.18521,0.24787,0.22595,0.4745,0.81263,0.93977
plantview__langdon_4__13-02-24,66,0.18948,0.25852,0.30731,0.27562,0.16507,0.64778,0.93494,1.1942,0.11503,0.14312,0.21134,0.19734,0.64622,0.89141,0.95467
plantview__langdon_4__13-02-24,67,0.18774,0.26216,0.30562,0.26923,0.14574,0.64543,0.94724,1.21193,0.1038,0.13506,0.19882,0.17945,0.64572,0.91169,0.96665
plantview__langdon_4__13-02-24,68,0.1729,0.24426,0.31422,0.24987,0.19138,0.7016,0.9596,1.19197,0.09773,0.1299,0.2272,0.16847,0.64644,0.9183,0.97388
plantview__langdon_4__13-02-24,69,0.17429,0.23986,0.29049,0.26108,0.20637,0.72424,0.95109,1.18322,0.10443,0.13263,0.2023,0.1883,0.66246,0.90525,0.96182
plantview__langdon_4__13-02-24,70,0.17392,0.23306,0.29739,0.2606,0.30594,0.68211,0.93286,1.16324,0.12603,0.15744,0.23008,0.19827,0.5676,0.86541,0.95457
plantview__langdon_4__13-02-24,71,0.22107,0.30336,0.36136,0.32037,0.22913,0.47508,0.84454,1.21076,0.15783,0.201,0.25273,0.21932,0.37006,0.77572,0.94454
plantview__langdon_4__13-02-24,72,0.27148,0.38652,0.45889,0.40981,0.17291,0.35479,0.68717,1.30551,0.18908,0.25125,0.30602,0.25285,0.26998,0.66594,0.91593
plantview__langdon_4__13-02-24,73,0.2981,0.42871,0.51326,0.47131,0.19031,0.34329,0.57998,1.36366,0.2234,0.29753,0.35138,0.29035,0.18627,0.51962,0.89623
plantview__langdon_4__13-02-24,74,0.31157,0.45537,0.55635,0.49327,0.1884,0.33434,0.518,1.44923,0.24184,0.31906,0.38148,0.28723,0.1659,0.46542,0.92093
plantview__langdon_4__13-02-24,75,0.34296,0.50983,0.65317,0.57384,0.18978,0.30534,0.45112,1.57173,0.28346,0.37195,0.48466,0.33646,0.17866,0.41547,0.85304
plantview__langdon_4__13-02-24,76,0.35671,0.53364,0.68569,0.60434,0.20539,0.30425,0.41274,1.63608,0.30767,0.39453,0.5146,0.3506,0.16358,0.39224,0.78148
plantview__langdon_4__13-02-24,77,0.33055,0.45283,0.55798,0.56494,0.24025,0.33921,0.4722,1.58212,0.33711,0.37953,0.44525,0.3743,0.17985,0.39104,0.68528
plantview__langdon_4__13-02-24,78,0.35145,0.48263,0.58523,0.59826,0.22047,0.32378,0.42791,1.65367,0.36482,0.40001,0.46783,0.39087,0.17005,0.37567,0.64381
plantview__langdon_4__13-02-24,79,0.35646,0.49473,0.58855,0.58273,0.18191,0.30559,0.41623,1.68918,0.36121,0.38629,0.45815,0.37811,0.16879,0.42905,0.67958
plantview__langdon_4__13-02-24,80,0.37018,0.51903,0.60655,0.59524,0.17039,0.28119,0.36685,1.74278,0.36089,0.37126,0.46671,0.38739,0.27373,0.4938,0.68446
plantview__langdon_4__13-02-24,81,0.3849,0.54933,0.63271,0.60939,0.1701,0.24891,0.32847,1.79338,0.35381,0.35536,0.45768,0.38248,0.30619,0.52471,0.72118
plantview__langdon_4__13-02-24,82,0.40035,0.58532,0.70121,0.63913,0.17253,0.24343,0.2703,1.88053,0.33639,0.32858,0.4848,0.3765,0.37669,0.58555,0.73589
plantview__langdon_4__13-02-24,83,0.39166,0.57718,0.65576,0.60602,0.15218,0.22491,0.25146,1.85862,0.3051,0.28867,0.40062,0.35645,0.46691,0.6436,0.75839
plantview__langdon_4__13-02-24,84,0.40066,0.61558,0.88147,0.62734,0.15369,0.21817,0.24869,1.87062,0.31125,0.30645,0.66848,0.36362,0.43158,0.64296,0.75401
plantview__langdon_4__13-02-24,85,0.39393,0.59902,0.71806,0.61032,0.15016,0.23946,0.25552,1.86548,0.31817,0.2972,0.45562,0.36603,0.45351,0.67433,0.74793
plantview__langdon_4__13-02-24,86,0.38504,0.58457,0.8779,0.58494,0.12387,0.23251,0.27288,1.84202,0.31698,0.30951,0.70501,0.36767,0.42482,0.69692,0.75922
plantview__langdon_4__13-02-24,87,0.37978,0.55049,0.62701,0.58044,0.13849,0.24629,0.29506,1.81628,0.32385,0.30832,0.41909,0.36453,0.40867,0.6411,0.74241
plantview__langdon_4__13-02-24,88,0.37939,0.54698,0.69961,0.59663,0.15614,0.25981,0.33085,1.80996,0.3563,0.35657,0.55087,0.38575,0.30984,0.57168,0.72112
plantview__langdon_4__13-02-24,89,0.36445,0.51357,0.60641,0.58005,0.17182,0.28317,0.38202,1.7387,0.35692,0.36785,0.46582,0.38012,0.25449,0.51637,0.69274
plantview__langdon_4__13-02-24,90,0.35427,0.49796,0.68481,0.58021,0.16916,0.31494,0.42507,1.68424,0.36906,0.39853,0.58517,0.3931,0.19307,0.44257,0.66593
plantview__langdon_4__13-02-24,91,0.34338,0.49972,0.91813,0.58375,0.19985,0.33253,0.4522,1.6337,0.35547,0.41517,0.83552,0.39399,0.19869,0.39107,0.66377
plantview__langdon_4__13-02-24,92,0.33051,0.45265,0.58022,0.55939,0.23815,0.34272,0.48155,1.60454,0.34333,0.38311,0.47539,0.37155,0.16813,0.38809,0.69535
plantview__langdon_4__13-02-24,93,0.36036,0.53144,0.68631,0.60587,0.19714,0.30475,0.40627,1.68061,0.31953,0.39716,0.52513,0.35102,0.18141,0.38487,0.73149
plantview__langdon_4__13-02-24,94,0.34913,0.5177,0.65291,0.58252,0.17429,0.31528,0.44663,1.59981,0.29576,0.38429,0.47944,0.33809,0.15594,0.37754,0.83428
plantview__langdon_4__13-02-24,95,0.32216,0.47133,0.56371,0.51361,0.17483,0.32227,0.49278,1.46918,0.24984,0.32918,0.37805,0.29663,0.15212,0.44966,0.90693
plantview__langdon_4__13-02-24,96,0.28955,0.41643,0.50156,0.45585,0.18484,0.37071,0.60651,1.364,0.22348,0.2956,0.34438,0.27999,0.18708,0.52113,0.90078
plantview__langdon_4__13-02-24,97,0.26172,0.37288,0.44266,0.39023,0.17186,0.38893,0.70905,1.28643,0.18132,0.24059,0.29544,0.24226,0.29888,0.67669,0.93479
plantview__langdon_4__13-02-24,98,0.21796,0.30284,0.35342,0.30415,0.17872,0.48444,0.87239,1.21786,0.13817,0.17861,0.22678,0.19102,0.43008,0.81453,0.96571
plantview__langdon_4__13-02-24,99,0.17618,0.24046,0.28766,0.25008,0.25005,0.66411,0.94479,1.18043,0.11341,0.14437,0.19507,0.17075,0.5682,0.88465,0.96906
plantview__langdon_4__13-02-24,100,0.15086,0.20813,0.25808,0.2301,0.29033,0.79471,0.96421,1.15295,0.09798,0.12538,0.19121,0.17506,0.68193,0.91147,0.96982
plantview__langdon_4__13-02-24,101,0.13777,0.19158,0.23213,0.20089,0.30215,0.82878,0.97625,1.13739,0.08571,0.11216,0.16888,0.14964,0.70643,0.93079,0.97995
plantview__langdon_4__13-02-24,102,0.13676,0.19032,0.23138,0.19443,0.30983,0.8345,0.97662,1.13137,0.08925,0.11731,0.17807,0.1483,0.69847,0.90803,0.98105
plantview__langdon_4__13-02-24,103,0.13413,0.18517,0.24029,0.21491,0.3907,0.84097,0.96107,1.12295,0.09856,0.12812,0.19635,0.17613,0.68184,0.89039,0.9681
plantview__langdon_4__13-02-24,104,0.17397,0.24073,0.30504,0.25786,0.29304,0.66205,0.92307,1.16299,0.11991,0.15712,0.22327,0.1839,0.5551,0.85643,0.96259
plantview__langdon_4__13-02-24,105,0.20189,0.27988,0.3369,0.29103,0.21387,0.5617,0.87451,1.20484,0.13782,0.17988,0.23055,0.1923,0.45352,0.81103,0.95929
plantview__langdon_4__13-02-24,106,0.2199,0.31888,0.55673,0.33298,0.22752,0.51863,0.8077,1.2113,0.16083,0.22058,0.48441,0.22883,0.36431,0.72835,0.94531
plantview__langdon_4__13-02-24,107,0.27655,0.39723,0.48235,0.43411,0.19381,0.3986,0.63062,1.33665,0.217,0.28769,0.33514,0.27223,0.18947,0.54921,0.9111
plantview__langdon_4__13-02-24,108,0.31165,0.45846,0.57368,0.49977,0.18235,0.34309,0.52782,1.44422,0.24809,0.33003,0.40678,0.29717,0.16605,0.43515,0.91007
plantview__langdon_4__13-02-24,109,0.33966,0.49804,0.60219,0.56455,0.20149,0.31507,0.45688,1.59202,0.29285,0.37258,0.42914,0.33052,0.16537,0.40106,0.84295
plantview__langdon_4__13-02-24,110,0.33858,0.50839,0.67965,0.57039,0.21526,0.31588,0.45116,1.60679,0.30331,0.38681,0.52554,0.34336,0.17077,0.41754,0.78695
plantview__langdon_4__13-02-24,111,0.32106,0.44081,0.54757,0.54419,0.25068,0.3505,0.49329,1.5735,0.33822,0.37884,0.4462,0.36974,0.18697,0.39544,0.68701
plantview__langdon_4__13-02-24,112,0.33357,0.46004,0.55996,0.55327,0.19745,0.34468,0.46483,1.62557,0.35949,0.39231,0.46781,0.38186,0.18687,0.42747,0.64557
plantview__langdon_4__13-02-24,113,0.36105,0.50516,0.60028,0.59361,0.17233,0.30693,0.41171,1.71168,0.37575,0.40187,0.49164,0.39874,0.20475,0.46403,0.64698
plantview__langdon_4__13-02-24,114,0.36618,0.51248,0.60074,0.58492,0.15525,0.27839,0.38778,1.7378,0.37792,0.38853,0.48992,0.39978,0.27441,0.48306,0.66787
plantview__langdon_4__13-02-24,115,0.37551,0.53797,0.65528,0.57361,0.1343,0.23609,0.33133,1.76877,0.34522,0.34734,0.51335,0.37996,0.35987,0.57917,0.72948
plantview__langdon_4__13-02-24,116,0.39496,0.57628,0.67105,0.61271,0.13818,0.23076,0.28098,1.85156,0.33897,0.33326,0.46816,0.37612,0.36181,0.60875,0.75029
plantview__langdon_4__13-02-24,117,0.38816,0.57759,0.65136,0.58554,0.13269,0.22011,0.25305,1.85828,0.30376,0.28772,0.40093,0.35172,0.4421,0.6961,0.77167
plantview__langdon_4__13-02-24,118,0.39519,0.59405,0.67969,0.60161,0.13438,0.22487,0.25422,1.84922,0.31922,0.29632,0.41279,0.36663,0.42254,0.68516,0.754
plantview__langdon_4__13-02-24,119,0.39246,0.59126,0.71041,0.59299,0.12882,0.19892,0.25566,1.82632,0.30421,0.29776,0.46621,0.35102,0.40032,0.68502,0.77087
plantview__langdon_4__13-02-24,120,0.39399,0.58482,0.65836,0.60172,0.12502,0.19652,0.27817,1.8267,0.31549,0.3194,0.4181,0.35579,0.33302,0.63083,0.77414
plantview__langdon_4__13-02-24,121,0.39173,0.57109,0.64996,0.61178,0.13374,0.22182,0.30019,1.79948,0.34422,0.35272,0.45201,0.37855,0.30181,0.55814,0.73343
plantview__langdon_4__13-02-24,122,0.37504,0.53883,0.65207,0.58135,0.14243,0.22856,0.3661,1.73233,0.35185,0.36975,0.51802,0.38491,0.29943,0.52612,0.71435
plantview__langdon_4__13-02-24,123,0.36854,0.51923,0.61004,0.59953,0.15781,0.26319,0.40959,1.69461,0.37979,0.40894,0.50533,0.40906,0.26119,0.42875,0.63665
plantview__langdon_4__13-02-24,124,0.35277,0.49453,0.60082,0.58298,0.17265,0.31709,0.43407,1.6489,0.3722,0.40966,0.50279,0.39865,0.21707,0.4053,0.62852
plantview__langdon_4__13-02-24,125,0.34139,0.47268,0.57726,0.58106,0.18183,0.34349,0.47024,1.60193,0.37224,0.4183,0.5014,0.40794,0.20228,0.40124,0.59678
plantview__langdon_4__13-02-24,126,0.31545,0.43567,0.54965,0.5335,0.22139,0.37022,0.51208,1.5391,0.34395,0.39376,0.47336,0.37666,0.17262,0.40394,0.67036
plantview__langdon_4__13-02-24,127,0.3279,0.50709,1.01203,0.55532,0.23916,0.33532,0.46393,1.57725,0.2974,0.3975,0.9178,0.34114,0.17204,0.40201,0.82995
plantview__langdon_4__13-02-24,128,0.31778,0.46744,0.57847,0.5382,0.24503,0.35897,0.48988,1.52655,0.29178,0.37787,0.42869,0.33065,0.1331,0.36596,0.88221
plantview__langdon_4__13-02-24,129,0.31044,0.45209,0.56342,0.5256,0.22844,0.36959,0.52997,1.45123,0.27261,0.36028,0.41786,0.33003,0.14706,0.3669,0.87361
plantview__langdon_4__13-02-24,130,0.27822,0.40161,0.50536,0.46074,0.23428,0.40696,0.61423,1.32823,0.23397,0.31315,0.37449,0.30583,0.16448,0.50719,0.87875
plantview__langdon_4__13-02-24,131,0.23192,0.32916,0.41212,0.35449,0.21433,0.499,0.76749,1.22157,0.17453,0.23282,0.30131,0.24376,0.33564,0.70076,0.92282
plantview__langdon_4__13-02-24,132,0.22773,0.31857,0.38757,0.33965,0.22019,0.50021,0.79109,1.22284,0.16609,0.21963,0.27454,0.22805,0.33816,0.72647,0.93467
plantview__langdon_4__13-02-24,133,0.18838,0.26956,0.8469,0.29079,0.28576,0.61466,0.88799,1.16983,0.13656,0.18909,0.81593,0.21381,0.48907,0.81118,0.9558
plantview__langdon_4__13-02-24,134,0.14275,0.1977,0.25868,0.23093,0.38193,0.81025,0.94844,1.13575,0.10195,0.13354,0.20512,0.18361,0.67709,0.88143,0.96776
plantview__langdon_4__13-02-24,135,0.13145,0.18155,0.2217,0.18602,0.35714,0.87269,0.97424,1.12634,0.09805,0.13033,0.19673,0.15482,0.7044,0.87579,0.97811
plantview__langdon_4__13-02-24,136,0.14576,0.20491,0.25316,0.21139,0.30658,0.79986,0.95486,1.13913,0.09346,0.12547,0.19026,0.15534,0.69782,0.88234,0.97887
plantview__langdon_4__13-02-24,137,0.17464,0.24321,0.31086,0.28128,0.28096,0.69428,0.91268,1.15311,0.12212,0.16046,0.23731,0.21629,0.57572,0.84293,0.9513
plantview__langdon_4__13-02-24,138,0.1968,0.27005,0.34003,0.30551,0.27092,0.61722,0.85725,1.16526,0.14244,0.18599,0.2564,0.22617,0.5058,0.7817,0.9311
plantview__langdon_4__13-02-24,139,0.24349,0.33995,0.41705,0.37317,0.22286,0.47492,0.73175,1.24178,0.18808,0.247,0.30223,0.25408,0.26084,0.67904,0.91877
plantview__langdon_4__13-02-24,140,0.23864,0.33733,0.42269,0.37424,0.25047,0.48898,0.72264,1.23999,0.19247,0.25533,0.31122,0.25825,0.24302,0.66649,0.90778
plantview__langdon_4__13-02-24,141,0.27244,0.39184,0.48989,0.44587,0.26414,0.43398,0.60269,1.32265,0.23387,0.31391,0.35802,0.2908,0.13904,0.49783,0.88281
plantview__langdon_4__13-02-24,142,0.27945,0.40603,0.50973,0.46351,0.28082,0.41489,0.57564,1.3737,0.24845,0.33049,0.37177,0.29514,0.12807,0.38177,0.92323
plantview__langdon_4__13-02-24,143,0.3054,0.45254,0.59416,0.52912,0.2751,0.38978,0.52006,1.47493,0.28806,0.38224,0.46024,0.33485,0.11458,0.32016,0.87995
plantview__langdon_4__13-02-24,144,0.31778,0.47235,0.58922,0.54436,0.26356,0.35854,0.48475,1.51718,0.29534,0.38305,0.43862,0.33693,0.1222,0.36931,0.87018
plantview__langdon_4__13-02-24,145,0.3127,0.43321,0.56436,0.54411,0.23632,0.38499,0.51441,1.52357,0.33794,0.39286,0.48562,0.38181,0.17439,0.3964,0.68093
plantview__langdon_4__13-02-24,146,0.34904,0.48443,0.59503,0.61478,0.18342,0.34872,0.46629,1.56941,0.38229,0.44045,0.52137,0.43427,0.19461,0.35309,0.57333
plantview__langdon_4__13-02-24,147,0.35789,0.49928,0.59688,0.59938,0.15983,0.30114,0.46255,1.58536,0.38074,0.43041,0.51733,0.42242,0.22294,0.37102,0.58447
plantview__langdon_4__13-02-24,148,0.37372,0.52471,0.61228,0.60691,0.14366,0.23872,0.44373,1.6193,0.37422,0.41613,0.51124,0.41762,0.25565,0.41751,0.60217
plantview__langdon_4__13-02-24,149,0.38266,0.54979,0.63045,0.60109,0.13987,0.20712,0.38867,1.67971,0.34959,0.38188,0.48486,0.39022,0.29126,0.49491,0.66979
plantview__langdon_4__13-02-24,150,0.3907,0.59886,1.08979,0.62925,0.13566,0.19956,0.34807,1.76004,0.32831,0.38283,0.96587,0.37992,0.24037,0.54467,0.72199
plantview__langdon_4__13-02-24,151,0.40185,0.60287,0.68159,0.63124,0.11556,0.17865,0.32695,1.78743,0.32188,0.3556,0.43736,0.36225,0.23084,0.56034,0.75486
plantview__langdon_4__13-02-24,152,0.39804,0.60779,0.68095,0.59973,0.09965,0.17135,0.28543,1.77435,0.28742,0.3078,0.39471,0.3349,0.3284,0.63233,0.79704
plantview__langdon_4__13-02-24,153,0.39228,0.59933,0.69312,0.62297,0.12666,0.2158,0.34193,1.77119,0.33628,0.36348,0.44807,0.3746,0.25532,0.53909,0.72385
plantview__langdon_4__13-02-24,154,0.39209,0.58413,0.66939,0.62547,0.12948,0.21417,0.355,1.76532,0.34406,0.37299,0.45379,0.38002,0.24211,0.5075,0.7144
plantview__langdon_4__13-02-24,155,0.38828,0.58382,0.84104,0.63136,0.15462,0.22597,0.36499,1.77052,0.3492,0.39264,0.68659,0.38532,0.21891,0.49215,0.70629
plantview__langdon_4__13-02-24,156,0.37139,0.52843,0.60983,0.58762,0.14022,0.22456,0.43447,1.65905,0.35655,0.38863,0.47861,0.39176,0.23497,0.48064,0.66543
plantview__langdon_4__13-02-24,157,0.36654,0.51455,0.60416,0.59478,0.1559,0.2375,0.47473,1.61227,0.37604,0.41671,0.50865,0.41494,0.22494,0.42152,0.60738
plantview__langdon_4__13-02-24,158,0.34855,0.48324,0.58408,0.57929,0.15711,0.30003,0.51761,1.52048,0.37581,0.42802,0.51051,0.42135,0.19809,0.36699,0.60087
plantview__langdon_4__13-02-24,159,0.33013,0.46222,0.63561,0.55773,0.18244,0.35302,0.51538,1.51105,0.34489,0.40168,0.55683,0.39393,0.20956,0.38362,0.64764
plantview__langdon_4__13-02-24,160,0.31837,0.44054,0.55564,0.56503,0.22419,0.37642,0.55935,1.45652,0.33825,0.40287,0.47635,0.40746,0.18116,0.36409,0.6849
plantview__langdon_4__13-02-24,161,0.30292,0.45805,0.69466,0.51327,0.27266,0.36873,0.49116,1.48637,0.27721,0.36658,0.57653,0.32275,0.14854,0.41855,0.88817
plantview__langdon_4__13-02-24,162,0.29262,0.43085,0.54023,0.48981,0.27451,0.38889,0.52998,1.4315,0.26198,0.34589,0.39485,0.30688,0.12518,0.40087,0.90415
plantview__langdon_4__13-02-24,163,0.27331,0.39906,0.50554,0.44533,0.28636,0.41714,0.58037,1.36322,0.23688,0.31737,0.36618,0.28122,0.12758,0.42865,0.92415
plantview__langdon_4__13-02-24,164,0.26978,0.38672,0.48077,0.43652,0.25533,0.44059,0.60308,1.29885,0.22732,0.30544,0.34888,0.28672,0.12047,0.54032,0.90518
plantview__langdon_4__13-02-24,165,0.26008,0.36664,0.46301,0.40645,0.21234,0.46555,0.65282,1.27257,0.20774,0.27546,0.34148,0.27074,0.18246,0.62081,0.90837
plantview__langdon_4__13-02-24,166,0.24386,0.33829,0.41805,0.37603,0.23063,0.49565,0.71471,1.24415,0.19392,0.25298,0.30635,0.25832,0.23894,0.66804,0.91391
plantview__langdon_4__13-02-24,167,0.19432,0.2671,0.33744,0.29798,0.27934,0.62577,0.86571,1.17296,0.14085,0.18379,0.25162,0.21808,0.51463,0.7968,0.93631
plantview__langdon_4__13-02-24,168,0.16133,0.22354,0.29459,0.26502,0.33649,0.75238,0.91103,1.1425,0.11825,0.15692,0.2352,0.20882,0.6119,0.83638,0.94993
plantview__langdon_4__13-02-24,169,0.16338,0.22975,0.27805,0.23554,0.23053,0.73688,0.94033,1.16046,0.09944,0.13335,0.19347,0.16203,0.65466,0.87192,0.97279
plantview__langdon_4__13-02-24,170,0.17316,0.24369,0.28938,0.24399,0.20865,0.69838,0.93268,1.17874,0.104,0.13968,0.19399,0.15985,0.63328,0.87107,0.97361
plantview__langdon_4__13-02-24,171,0.20608,0.28775,0.35004,0.31309,0.16193,0.6017,0.87228,1.20908,0.13417,0.17768,0.24375,0.21647,0.52062,0.82107,0.95631
plantview__langdon_4__13-02-24,172,0.22177,0.3034,0.37038,0.33432,0.18907,0.57569,0.79363,1.20696,0.15672,0.20198,0.26559,0.23428,0.45724,0.74117,0.93607
plantview__langdon_4__13-02-24,173,0.24047,0.33275,0.41101,0.37214,0.21061,0.5115,0.72964,1.23106,0.18663,0.24352,0.3011,0.25897,0.28687,0.68333,0.90836
plantview__langdon_4__13-02-24,174,0.26588,0.37554,0.52245,0.43124,0.22384,0.46426,0.64846,1.27092,0.21832,0.29037,0.4185,0.2983,0.17985,0.60923,0.86964
plantview__langdon_4__13-02-24,175,0.27103,0.39156,0.53907,0.45123,0.2658,0.43246,0.61064,1.30426,0.23535,0.31747,0.42744,0.30614,0.11617,0.53252,0.88958
plantview__langdon_4__13-02-24,176,0.29283,0.42927,0.57461,0.49504,0.26,0.39403,0.54543,1.39606,0.25496,0.3422,0.44248,0.31744,0.12078,0.38851,0.89374
plantview__langdon_4__13-02-24,177,0.29781,0.44318,0.58801,0.49738,0.26312,0.37497,0.52235,1.42865,0.25901,0.34601,0.44535,0.31113,0.13706,0.40544,0.90486
plantview__langdon_4__13-02-24,178,0.30436,0.46094,0.82809,0.50715,0.26275,0.35327,0.50264,1.46549,0.26608,0.35364,0.72409,0.31345,0.16804,0.43025,0.88626
plantview__langdon_4__13-02-24,179,0.30137,0.42921,0.79738,0.51839,0.23536,0.3736,0.58567,1.42401,0.30661,0.3764,0.7349,0.37135,0.1966,0.39048,0.76935
plantview__langdon_4__13-02-24,180,0.33028,0.45557,0.55982,0.56041,0.17088,0.35071,0.54769,1.47954,0.35426,0.41133,0.48299,0.40591,0.18583,0.35814,0.64241
plantview__langdon_4__13-02-24,181,0.33946,0.47128,0.56291,0.54874,0.15681,0.2871,0.52476,1.52686,0.35448,0.40202,0.47925,0.39246,0.20316,0.40241,0.64955
plantview__langdon_4__13-02-24,182,0.36745,0.51577,0.60094,0.58481,0.15054,0.23951,0.43526,1.62579,0.36682,0.40469,0.50108,0.4022,0.24727,0.44799,0.63275
plantview__langdon_4__13-02-24,183,0.37601,0.53596,0.61523,0.58783,0.1225,0.2222,0.41003,1.68094,0.35528,0.38703,0.48081,0.38747,0.25382,0.47665,0.69348
plantview__langdon_4__13-02-24,184,0.38123,0.55951,0.65452,0.5969,0.12848,0.2154,0.37091,1.74714,0.33655,0.36546,0.47244,0.36956,0.25862,0.51933,0.74127
plantview__langdon_4__13-02-24,185,0.38931,0.58068,0.66293,0.60888,0.11618,0.20121,0.37218,1.7474,0.33521,0.36531,0.44868,0.37046,0.24618,0.52678,0.73252
plantview__langdon_4__13-02-24,186,0.39845,0.60491,0.68667,0.6178,0.10494,0.19129,0.32191,1.76734,0.3232,0.34785,0.43461,0.36536,0.28867,0.54948,0.75067
plantview__langdon_4__13-02-24,187,0.38333,0.57755,0.6604,0.58348,0.11497,0.21893,0.31483,1.75398,0.32559,0.33397,0.43209,0.36692,0.34952,0.60188,0.73458
plantview__langdon_4__13-02-24,188,0.37652,0.5614,0.67522,0.57286,0.12597,0.22386,0.34135,1.7471,0.32843,0.34105,0.48953,0.36525,0.32607,0.58533,0.74739
plantview__langdon_4__13-02-24,189,0.37248,0.54541,0.63093,0.58239,0.1549,0.23328,0.35859,1.73685,0.3255,0.34732,0.44468,0.36106,0.30191,0.54543,0.73338
plantview__langdon_4__13-02-24,190,0.36226,0.53387,1.01465,0.56,0.15212,0.23293,0.39296,1.67533,0.3306,0.36755,0.92689,0.37127,0.30654,0.54524,0.71533
plantview__langdon_4__13-02-24,191,0.36098,0.50779,0.59535,0.57697,0.16149,0.24757,0.433,1.62579,0.35755,0.39484,0.48826,0.3931,0.24874,0.43956,0.64932
plantview__langdon_4__13-02-24,192,0.33695,0.46858,0.55966,0.54173,0.16867,0.28897,0.49348,1.53734,0.3503,0.39388,0.4726,0.38629,0.20864,0.43354,0.65155
plantview__langdon_4__13-02-24,193,0.31093,0.42973,0.52728,0.5077,0.18848,0.36132,0.56342,1.47264,0.32714,0.37441,0.44399,0.36669,0.21889,0.40376,0.70438
plantview__langdon_4__13-02-24,194,0.28704,0.39422,0.49292,0.47274,0.2293,0.38591,0.61557,1.37631,0.29426,0.34769,0.4071,0.34437,0.18701,0.38484,0.82406
plantview__langdon_4__13-02-24,195,0.29701,0.44204,0.56055,0.48132,0.2616,0.36016,0.50934,1.46086,0.2597,0.33582,0.40592,0.29316,0.1611,0.4246,0.92539
plantview__langdon_4__13-02-24,196,0.29362,0.43768,0.61127,0.49514,0.2734,0.38349,0.53357,1.42682,0.26721,0.35547,0.48592,0.31777,0.13778,0.39383,0.89455
plantview__langdon_4__13-02-24,197,0.27426,0.40044,0.50245,0.44819,0.27929,0.40579,0.58521,1.3524,0.23984,0.31961,0.36262,0.28792,0.12578,0.43698,0.91338
plantview__langdon_4__13-02-24,198,0.27069,0.38805,0.48174,0.43659,0.23717,0.43279,0.60439,1.30176,0.22711,0.30417,0.3479,0.28676,0.11283,0.53833,0.90305
plantview__langdon_4__13-02-24,199,0.26747,0.37581,0.45698,0.41374,0.19713,0.44469,0.62696,1.2983,0.21057,0.27664,0.31942,0.26595,0.15409,0.61344,0.92347
plantview__langdon_4__13-02-24,200,0.26018,0.36298,0.43827,0.39806,0.17294,0.45906,0.6704,1.27673,0.19955,0.26005,0.30652,0.2613,0.19842,0.64621,0.9315
plantview__langdon_4__13-02-24,201,0.23159,0.32031,0.38828,0.34244,0.12792,0.53545,0.77961,1.23225,0.15459,0.20267,0.26799,0.2253,0.43222,0.74395,0.95171
plantview__langdon_4__13-02-24,202,0.22059,0.3121,0.37431,0.33043,0.12324,0.57357,0.81994,1.24078,0.14178,0.19193,0.25188,0.21503,0.45603,0.7912,0.96074
plantview__langdon_4__13-02-24,203,0.18905,0.26551,0.30943,0.26154,0.14908,0.6535,0.90708,1.19693,0.10782,0.14414,0.19796,0.16291,0.61502,0.85611,0.97095
plantview__langdon_4__13-02-24,204,0.19265,0.2702,0.31607,0.26868,0.15683,0.63186,0.89572,1.19472,0.1129,0.15237,0.20456,0.16763,0.5899,0.83471,0.97527
plantview__langdon_4__13-02-24,205,0.21162,0.29838,0.35518,0.30733,0.12675,0.60008,0.83812,1.22509,0.13087,0.1767,0.23438,0.1964,0.51793,0.80293,0.9714
plantview__langdon_4__13-02-24,206,0.23529,0.32958,0.39034,0.34269,0.12139,0.50821,0.77513,1.24832,0.15442,0.20602,0.25608,0.21421,0.3816,0.75293,0.9598
plantview__langdon_4__13-02-24,207,0.24622,0.34557,0.42216,0.3765,0.20461,0.47934,0.70087,1.27244,0.19111,0.25192,0.2969,0.24659,0.21191,0.67015,0.9375
plantview__langdon_4__13-02-24,208,0.26345,0.37356,0.46265,0.42136,0.22204,0.45777,0.65796,1.29523,0.21526,0.28566,0.33363,0.28029,0.1438,0.63158,0.89819
plantview__langdon_4__13-02-24,209,0.27457,0.39403,0.49018,0.44213,0.21438,0.42564,0.62162,1.32104,0.22298,0.2991,0.35144,0.28583,0.12833,0.57183,0.90063
plantview__langdon_4__13-02-24,210,0.27373,0.39889,0.49872,0.44407,0.27135,0.40408,0.61193,1.34464,0.23193,0.31089,0.35625,0.28285,0.13411,0.48581,0.91256
plantview__langdon_4__13-02-24,211,0.29042,0.42702,0.53033,0.47794,0.26422,0.38126,0.54864,1.40236,0.2464,0.32702,0.37441,0.29681,0.14014,0.41434,0.91883
plantview__langdon_4__13-02-24,212,0.29713,0.44208,0.54941,0.49284,0.27836,0.37251,0.51252,1.42978,0.26477,0.34665,0.39126,0.30606,0.13456,0.36468,0.91896
plantview__langdon_4__13-02-24,213,0.28511,0.39462,0.5005,0.48499,0.25371,0.3949,0.60739,1.3778,0.293,0.3501,0.41032,0.35194,0.17849,0.39292,0.83098
plantview__langdon_4__13-02-24,214,0.31445,0.43862,0.54216,0.52877,0.2138,0.35738,0.5381,1.47349,0.32504,0.37901,0.44424,0.37143,0.1824,0.39028,0.7135
plantview__langdon_4__13-02-24,215,0.33644,0.47259,0.572,0.5574,0.17629,0.31294,0.4936,1.52612,0.3393,0.3903,0.46829,0.38746,0.2138,0.43398,0.65021
plantview__langdon_4__13-02-24,216,0.35702,0.50671,0.59687,0.5774,0.17067,0.25593,0.43263,1.62203,0.35067,0.39192,0.48222,0.38978,0.24875,0.44898,0.64618
plantview__langdon_4__13-02-24,217,0.37264,0.53652,0.61583,0.58062,0.16023,0.22448,0.34588,1.69619,0.32668,0.35189,0.45939,0.36966,0.33382,0.54168,0.71106
plantview__langdon_4__13-02-24,218,0.37892,0.55775,0.63532,0.58589,0.15112,0.21168,0.32692,1.75227,0.30696,0.32982,0.42599,0.34641,0.32327,0.58267,0.75705
plantview__langdon_4__13-02-24,219,0.38824,0.58963,0.84548,0.60455,0.15184,0.20901,0.29071,1.79342,0.29203,0.31898,0.65625,0.33828,0.33612,0.62766,0.7751
plantview__langdon_4__13-02-24,220,0.39269,0.5976,0.67579,0.59529,0.11422,0.19686,0.26899,1.76769,0.29734,0.31218,0.41126,0.34634,0.38159,0.6306,0.7646
plantview__langdon_4__13-02-24,221,0.3899,0.58943,0.66459,0.58745,0.10408,0.18859,0.33439,1.74059,0.29673,0.31779,0.40349,0.3408,0.30624,0.62207,0.77797
plantview__langdon_4__13-02-24,222,0.39254,0.58861,0.66211,0.60348,0.11861,0.19383,0.32326,1.78459,0.30146,0.32866,0.41319,0.34122,0.27427,0.61868,0.78135
plantview__langdon_4__13-02-24,223,0.38356,0.56324,0.65381,0.59753,0.12797,0.20586,0.36496,1.74856,0.32184,0.35353,0.46284,0.36064,0.26322,0.55962,0.75202
plantview__langdon_4__13-02-24,224,0.37071,0.5296,0.60615,0.57366,0.13759,0.2194,0.40218,1.66596,0.34035,0.37047,0.4721,0.37831,0.29153,0.50466,0.69907
plantview__langdon_4__13-02-24,225,0.35045,0.49329,0.57236,0.54374,0.14175,0.24072,0.46152,1.58186,0.32917,0.36588,0.45607,0.36876,0.27208,0.48317,0.68539
plantview__langdon_4__13-02-24,226,0.33501,0.46784,0.55762,0.53929,0.16743,0.30538,0.49084,1.52612,0.33663,0.3833,0.46217,0.37743,0.22496,0.42968,0.68826
plantview__langdon_4__13-02-24,227,0.30624,0.42702,0.52614,0.50679,0.20806,0.35896,0.55202,1.44416,0.3059,0.35861,0.4226,0.35524,0.18717,0.41811,0.75475
plantview__langdon_4__13-02-24,228,0.28085,0.38798,0.48535,0.46165,0.24497,0.38194,0.61593,1.37308,0.27698,0.33087,0.38798,0.32788,0.18935,0.41394,0.87366
plantview__langdon_4__13-02-24,229,0.29456,0.4396,0.55004,0.47839,0.26628,0.35927,0.52216,1.41142,0.25077,0.33246,0.38899,0.29243,0.14244,0.39649,0.92174
plantview__langdon_4__13-02-24,230,0.28299,0.41751,0.52023,0.46273,0.27719,0.38343,0.56768,1.3627,0.24143,0.32359,0.3695,0.29246,0.13781,0.41273,0.91232
plantview__langdon_4__13-02-24,231,0.26865,0.39212,0.48682,0.42666,0.26358,0.40702,0.61425,1.32718,0.22126,0.29884,0.34095,0.26783,0.14738,0.52192,0.93058
plantview__langdon_4__13-02-24,232,0.26129,0.37627,0.47559,0.41284,0.22089,0.4323,0.65953,1.29217,0.2055,0.27883,0.34307,0.26741,0.16933,0.63057,0.92058
plantview__langdon_4__13-02-24,233,0.26151,0.37059,0.45322,0.40719,0.19633,0.45705,0.65866,1.28694,0.20304,0.27143,0.31863,0.26389,0.17508,0.64707,0.92217
plantview__langdon_4__13-02-24,234,0.25108,0.35156,0.42826,0.38804,0.18065,0.47048,0.71307,1.27156,0.19179,0.25279,0.30207,0.25766,0.21317,0.69235,0.92365
plantview__langdon_4__13-02-24,235,0.23128,0.32234,0.38655,0.34217,0.14323,0.51109,0.78306,1.24163,0.1587,0.21058,0.26189,0.22116,0.37133,0.75671,0.94929
plantview__langdon_4__13-02-24,236,0.20457,0.28758,0.37517,0.29996,0.15128,0.60796,0.86987,1.22277,0.13113,0.17628,0.27417,0.19759,0.49879,0.83155,0.97297
plantview__langdon_4__13-02-24,237,0.18849,0.26529,0.30911,0.26008,0.15587,0.64021,0.92126,1.19589,0.10802,0.14579,0.19578,0.16032,0.5945,0.87213,0.98156
plantview__langdon_4__13-02-24,238,0.17694,0.24898,0.30099,0.25816,0.23437,0.67508,0.92755,1.18247,0.10965,0.14824,0.20492,0.17338,0.61156,0.86239,0.97271
plantview__langdon_4__13-02-24,239,0.19161,0.26855,0.33329,0.28851,0.25136,0.62306,0.87752,1.20035,0.13741,0.18349,0.23719,0.19945,0.46643,0.81838,0.97094
plantview__langdon_4__13-02-24,240,0.22172,0.30682,0.37941,0.33913,0.23279,0.55251,0.77379,1.21227,0.16538,0.2183,0.27544,0.23487,0.3685,0.72702,0.93902
plantview__langdon_4__13-02-24,241,0.24145,0.33801,0.41337,0.3664,0.21571,0.48892,0.71628,1.2521,0.18528,0.2454,0.29223,0.24206,0.23013,0.68923,0.93748
plantview__langdon_4__13-02-24,242,0.26139,0.36956,0.45356,0.41096,0.20304,0.44495,0.67852,1.27387,0.20197,0.27019,0.324,0.27213,0.20549,0.65322,0.90055
plantview__langdon_4__13-02-24,243,0.26304,0.37683,0.46701,0.41941,0.2319,0.4415,0.64429,1.27797,0.21224,0.28713,0.33612,0.27724,0.15831,0.6057,0.90291
plantview__langdon_4__13-02-24,244,0.26875,0.39863,0.79239,0.4286,0.27295,0.40776,0.60895,1.31842,0.22327,0.30865,0.71219,0.27466,0.13813,0.5237,0.92339
plantview__langdon_4__13-02-24,245,0.28301,0.41389,0.51404,0.46384,0.26396,0.38644,0.57427,1.36715,0.24069,0.32095,0.36662,0.29331,0.14707,0.42446,0.91045
plantview__langdon_4__13-02-24,246,0.29057,0.435,0.57005,0.46886,0.25332,0.35671,0.56025,1.40661,0.2414,0.32125,0.41988,0.28807,0.17694,0.43668,0.9277
plantview__langdon_4__13-02-24,247,0.28804,0.395,0.48972,0.47393,0.22732,0.38097,0.60456,1.37041,0.28581,0.34033,0.39612,0.33896,0.17657,0.39395,0.85511
plantview__langdon_4__13-02-24,248,0.30447,0.4222,0.51851,0.49397,0.179,0.36153,0.56899,1.4137,0.30196,0.35661,0.41995,0.34972,0.17523,0.40787,0.76427
plantview__langdon_4__13-02-24,249,0.31782,0.44192,0.52585,0.4986,0.14827,0.317,0.55078,1.47699,0.30855,0.35316,0.42507,0.3503,0.21994,0.46099,0.74475
plantview__langdon_4__13-02-24,250,0.34479,0.48537,0.56144,0.53222,0.13754,0.24474,0.46757,1.58425,0.30611,0.34126,0.42749,0.34903,0.28219,0.52338,0.73533
plantview__langdon_4__13-02-24,251,0.36919,0.52804,0.60027,0.56382,0.11918,0.19699,0.41581,1.65326,0.31228,0.34536,0.4451,0.35766,0.29069,0.55854,0.72968
plantview__langdon_4__13-02-24,252,0.37688,0.55119,0.62163,0.57279,0.11848,0.19145,0.3858,1.71809,0.29502,0.32664,0.41707,0.33693,0.29038,0.59491,0.77768
plantview__langdon_4__13-02-24,253,0.38668,0.58107,0.65322,0.58753,0.10187,0.17772,0.36425,1.74987,0.28329,0.3177,0.40176,0.3277,0.28751,0.62473,0.79187
plantview__langdon_4__13-02-24,254,0.39003,0.59428,0.67939,0.5891,0.08159,0.15436,0.37446,1.70422,0.28537,0.3224,0.42303,0.33884,0.30086,0.62431,0.77286
plantview__langdon_4__13-02-24,255,0.39626,0.59942,0.67505,0.6046,0.08869,0.15384,0.36218,1.74071,0.29378,0.33108,0.41481,0.34273,0.28164,0.59572,0.77773
plantview__langdon_4__13-02-24,256,0.37872,0.56573,0.6373,0.57673,0.11127,0.17828,0.39921,1.7342,0.28571,0.32089,0.39682,0.32712,0.26175,0.62593,0.78958
plantview__langdon_4__13-02-24,257,0.36828,0.53444,0.60164,0.55243,0.12354,0.18996,0.41748,1.70407,0.29988,0.32639,0.4202,0.33909,0.29227,0.60234,0.77539
plantview__langdon_4__13-02-24,258,0.34231,0.48566,0.54923,0.49992,0.12587,0.20492,0.47724,1.60119,0.28956,0.31203,0.40433,0.32854,0.32223,0.59806,0.77025
plantview__langdon_4__13-02-24,259,0.33672,0.4725,0.54505,0.50972,0.13874,0.24396,0.51391,1.56898,0.3101,0.34231,0.4249,0.34417,0.26832,0.51093,0.74628
plantview__langdon_4__13-02-24,260,0.31474,0.43482,0.51466,0.48886,0.15793,0.3227,0.55351,1.49623,0.31195,0.34926,0.42026,0.34572,0.23356,0.46257,0.75254
plantview__langdon_4__13-02-24,261,0.28791,0.39717,0.48755,0.45269,0.1963,0.36731,0.61192,1.4075,0.2821,0.32701,0.39009,0.32021,0.21182,0.43947,0.82454
plantview__langdon_4__13-02-24,262,0.2621,0.35833,0.44634,0.41733,0.24737,0.40495,0.691,1.35431,0.25718,0.30255,0.35685,0.29996,0.22112,0.45816,0.89855
plantview__langdon_4__13-02-24,263,0.28153,0.41502,0.50524,0.442,0.25785,0.36155,0.5818,1.39838,0.23492,0.30495,0.34502,0.26752,0.18139,0.45628,0.94778
plantview__langdon_4__13-02-24,264,0.27575,0.40874,0.63576,0.44237,0.25295,0.38593,0.59828,1.36928,0.22811,0.3072,0.5222,0.27537,0.16093,0.49001,0.93053
plantview__langdon_4__13-02-24,265,0.26531,0.38212,0.47207,0.41978,0.27325,0.40668,0.62186,1.31078,0.22072,0.29413,0.3332,0.26746,0.13168,0.53934,0.92914
plantview__langdon_4__13-02-24,266,0.25578,0.36417,0.45112,0.40351,0.2431,0.44658,0.66084,1.27535,0.20921,0.27919,0.32564,0.26739,0.16965,0.59862,0.91566
plantview__langdon_4__13-02-24,267,0.25096,0.35419,0.43406,0.38431,0.22315,0.46323,0.68373,1.25397,0.19401,0.25879,0.30878,0.25426,0.22267,0.64776,0.9298
plantview__langdon_4__13-02-24,268,0.22426,0.3168,0.65467,0.34214,0.23203,0.52163,0.78192,1.22546,0.17165,0.23064,0.59608,0.23521,0.31361,0.71697,0.94037
plantview__langdon_4__13-02-24,269,0.20875,0.29267,0.44717,0.31418,0.24824,0.56042,0.82564,1.20136,0.15518,0.20726,0.36981,0.21914,0.40102,0.76043,0.95586
plantview__langdon_4__13-02-24,270,0.18059,0.24979,0.31774,0.27932,0.29753,0.65275,0.90242,1.17658,0.13438,0.17514,0.23843,0.20731,0.513,0.82942,0.95793
plantview__langdon_4__13-02-24,271,0.16261,0.22786,0.28559,0.24819,0.31191,0.71551,0.9305,1.15683,0.1089,0.14621,0.20798,0.17976,0.61158,0.87836,0.96559
plantview__langdon_4__13-02-24,272,0.1726,0.24137,0.29683,0.25955,0.2395,0.69324,0.93702,1.16414,0.10843,0.14459,0.21217,0.18582,0.62504,0.88239,0.96145
plantview__langdon_4__13-02-24,273,0.18764,0.25926,0.33053,0.29497,0.26402,0.6525,0.88744,1.17658,0.13605,0.17709,0.25029,0.22064,0.53387,0.8236,0.9462
plantview__langdon_4__13-02-24,274,0.20884,0.28523,0.36012,0.3156,0.25051,0.58894,0.83531,1.18678,0.15717,0.20181,0.27178,0.23155,0.45413,0.76584,0.94056
plantview__langdon_4__13-02-24,275,0.23165,0.32182,0.39668,0.3506,0.21956,0.50725,0.75793,1.23085,0.17598,0.23015,0.28594,0.23919,0.31456,0.70943,0.93797
plantview__langdon_4__13-02-24,276,0.24552,0.34443,0.42177,0.37319,0.24272,0.4568,0.7067,1.24117,0.19091,0.25317,0.30144,0.24859,0.21562,0.65778,0.93196
plantview__langdon_4__13-02-24,277,0.25586,0.36551,0.58218,0.39122,0.23944,0.42276,0.64561,1.28401,0.20431,0.27297,0.48622,0.24952,0.16277,0.59162,0.94747
plantview__langdon_4__13-02-24,278,0.26118,0.37516,0.4584,0.40106,0.24697,0.40866,0.62357,1.29734,0.20812,0.27711,0.31501,0.25089,0.16338,0.56265,0.94684
plantview__langdon_4__13-02-24,279,0.26879,0.39771,0.58625,0.41875,0.25786,0.38148,0.58832,1.35639,0.21662,0.2915,0.46263,0.25431,0.15469,0.50114,0.96859
plantview__langdon_4__13-02-24,280,0.27833,0.40721,0.4908,0.42651,0.24782,0.35844,0.55416,1.39257,0.22278,0.28646,0.31959,0.25045,0.15464,0.50722,0.9683
plantview__langdon_4__13-02-24,281,0.2617,0.3563,0.43832,0.40392,0.25332,0.40408,0.64909,1.37457,0.25761,0.29779,0.34239,0.28369,0.17939,0.46833,0.92219
plantview__langdon_4__13-02-24,282,0.29567,0.40839,0.49507,0.46835,0.21145,0.3684,0.56661,1.43044,0.29063,0.33548,0.38708,0.32317,0.18672,0.4166,0.80895
plantview__langdon_4__13-02-24,283,0.30938,0.42754,0.5054,0.47159,0.16374,0.32734,0.54138,1.50907,0.29356,0.32542,0.39678,0.32348,0.25041,0.50189,0.79354
plantview__langdon_4__13-02-24,284,0.33614,0.47415,0.62426,0.5148,0.14632,0.26268,0.49717,1.58355,0.31161,0.34544,0.51666,0.34521,0.26119,0.5079,0.74448
plantview__langdon_4__13-02-24,285,0.3461,0.49053,0.55596,0.5129,0.13155,0.20874,0.48314,1.59974,0.29504,0.31853,0.40823,0.33465,0.32424,0.5653,0.75722
plantview__langdon_4__13-02-24,286,0.36201,0.53606,0.88131,0.55457,0.13632,0.20161,0.44175,1.66477,0.29451,0.33352,0.7572,0.33846,0.27761,0.57738,0.75651
plantview__langdon_4__13-02-24,287,0.37864,0.56298,0.66219,0.59369,0.1107,0.18058,0.45553,1.66849,0.29691,0.34036,0.45242,0.35231,0.25591,0.57106,0.7277
plantview__langdon_4__13-02-24,288,0.37291,0.57265,0.83494,0.57361,0.09852,0.16491,0.45854,1.63987,0.27406,0.32055,0.66017,0.34315,0.32793,0.6331,0.76053
plantview__langdon_4__13-02-24,289,0.37022,0.55907,0.65631,0.57633,0.12013,0.20618,0.37852,1.67601,0.2893,0.31589,0.43268,0.35364,0.41048,0.60204,0.71376
plantview__langdon_4__13-02-24,290,0.37954,0.5634,0.64286,0.59679,0.13688,0.21199,0.32246,1.71997,0.30007,0.32618,0.41721,0.35285,0.35916,0.57508,0.72915
plantview__langdon_4__13-02-24,291,0.35737,0.52175,0.72183,0.5529,0.14466,0.23255,0.397,1.6589,0.29671,0.32153,0.5753,0.34532,0.35858,0.5652,0.73189
plantview__langdon_4__13-02-24,292,0.36106,0.51238,0.58285,0.54979,0.13502,0.23113,0.39782,1.63106,0.31713,0.34019,0.43173,0.3553,0.30757,0.5151,0.72774
plantview__langdon_4__13-02-24,293,0.34197,0.47685,0.54872,0.5194,0.14492,0.25707,0.43657,1.56592,0.31772,0.34693,0.4294,0.35101,0.26307,0.49506,0.72626
plantview__langdon_4__13-02-24,294,0.32262,0.44666,0.53008,0.49469,0.15064,0.32378,0.47368,1.5172,0.30994,0.34507,0.42061,0.33815,0.22229,0.46599,0.7682
plantview__langdon_4__13-02-24,295,0.29726,0.40616,0.48468,0.45761,0.19907,0.35659,0.52984,1.45264,0.28874,0.32597,0.37686,0.31263,0.17781,0.45254,0.809
plantview__langdon_4__13-02-24,296,0.2694,0.3671,0.44983,0.4177,0.2782,0.39111,0.57523,1.39554,0.26084,0.30055,0.33759,0.28105,0.15177,0.45227,0.94155
plantview__langdon_4__13-02-24,297,0.2956,0.43505,0.52547,0.46374,0.24125,0.35223,0.50264,1.44453,0.24279,0.31227,0.34791,0.26912,0.143,0.44284,0.95817
plantview__langdon_4__13-02-24,298,0.28088,0.4078,0.49719,0.44175,0.24795,0.38421,0.54498,1.38416,0.2311,0.30227,0.33448,0.26402,0.13024,0.44033,0.95792
plantview__langdon_4__13-02-24,299,0.26923,0.38768,0.47324,0.41513,0.2422,0.41023,0.60319,1.33669,0.21929,0.29013,0.32183,0.25275,0.12957,0.51324,0.96164
plantview__langdon_4__13-02-24,300,0.2635,0.37557,0.45738,0.40287,0.22328,0.41768,0.64127,1.31332,0.20719,0.27465,0.31325,0.24936,0.17186,0.59164,0.94201
plantview__langdon_4__13-02-24,301,0.24799,0.3495,0.42646,0.37587,0.22616,0.43794,0.70323,1.26072,0.18935,0.25195,0.29799,0.24211,0.21624,0.66427,0.92713
plantview__langdon_4__13-02-24,302,0.2309,0.32259,0.39902,0.34927,0.22852,0.49801,0.76338,1.22271,0.17492,0.23138,0.28877,0.23905,0.31002,0.70558,0.92672
plantview__langdon_4__13-02-24,303,0.21174,0.29308,0.36804,0.32272,0.23615,0.57487,0.83165,1.18941,0.15847,0.20771,0.27637,0.23461,0.43585,0.75049,0.93067
plantview__langdon_4__13-02-24,304,0.20275,0.27909,0.34843,0.31309,0.20874,0.62155,0.86313,1.19967,0.14241,0.18387,0.25714,0.22803,0.52579,0.81665,0.94103
plantview__langdon_4__13-02-24,305,0.19631,0.27347,0.32969,0.29122,0.18536,0.61736,0.8951,1.18427,0.12134,0.16146,0.2318,0.20248,0.58213,0.84054,0.95209
plantview__langdon_4__13-02-24,306,0.19238,0.26432,0.32101,0.287,0.20414,0.63316,0.91691,1.17556,0.12152,0.15711,0.22983,0.20764,0.59532,0.85899,0.94966
plantview__langdon_4__13-02-24,307,0.20802,0.28288,0.35087,0.318,0.19782,0.6037,0.87156,1.19678,0.1455,0.18496,0.25987,0.2338,0.52425,0.82247,0.93362
plantview__langdon_4__13-02-24,308,0.22071,0.3043,0.37809,0.33206,0.2391,0.53686,0.81574,1.19785,0.16764,0.2178,0.28145,0.23973,0.39181,0.74204,0.92651
plantview__langdon_4__13-02-24,309,0.23381,0.33687,0.61078,0.36404,0.25781,0.4986,0.74315,1.23628,0.18963,0.25792,0.54241,0.25829,0.26182,0.67492,0.92283
plantview__langdon_4__13-02-24,310,0.25856,0.36749,0.45287,0.39918,0.229,0.43716,0.66798,1.27842,0.20439,0.27331,0.32464,0.26161,0.19428,0.62996,0.9119
plantview__langdon_4__13-02-24,311,0.266,0.37777,0.46744,0.41215,0.23757,0.414,0.63017,1.31936,0.21705,0.28573,0.33189,0.26052,0.1501,0.56288,0.92457
plantview__langdon_4__13-02-24,312,0.28832,0.41518,0.50413,0.45204,0.22398,0.39215,0.54342,1.38641,0.23792,0.31195,0.34388,0.27048,0.11723,0.42937,0.94237
plantview__langdon_4__13-02-24,313,0.29419,0.42806,0.52104,0.46666,0.25619,0.36997,0.50602,1.42543,0.24989,0.32344,0.35625,0.27714,0.12318,0.39816,0.9511
plantview__langdon_4__13-02-24,314,0.30109,0.44266,0.53794,0.48009,0.25807,0.35643,0.48044,1.47479,0.25841,0.32865,0.36617,0.28152,0.14273,0.40571,0.95385
plantview__langdon_4__13-02-24,315,0.29717,0.4054,0.49618,0.47737,0.25895,0.37088,0.51006,1.46579,0.29813,0.34163,0.38442,0.31833,0.1421,0.38114,0.84465
plantview__langdon_4__13-02-24,316,0.31781,0.43736,0.52553,0.50892,0.21231,0.34244,0.48488,1.52473,0.31543,0.35447,0.41021,0.33946,0.16902,0.42076,0.75431
plantview__langdon_4__13-02-24,317,0.338,0.46838,0.55347,0.53975,0.1695,0.31917,0.44212,1.58304,0.33119,0.36524,0.43365,0.35775,0.1924,0.45165,0.70175
plantview__langdon_4__13-02-24,318,0.34219,0.47971,0.55505,0.52482,0.15997,0.27882,0.41765,1.60299,0.31138,0.33525,0.41304,0.34155,0.26724,0.51533,0.73405
plantview__langdon_4__13-02-24,319,0.36274,0.51833,0.60419,0.55411,0.14926,0.23405,0.36728,1.65929,0.30689,0.32656,0.43318,0.34505,0.31905,0.54283,0.74747
plantview__langdon_4__13-02-24,320,0.37903,0.55557,0.64107,0.60194,0.16324,0.22715,0.31814,1.7321,0.30402,0.32629,0.4238,0.35166,0.34367,0.55029,0.72091
plantview__langdon_4__13-02-24,321,0.38977,0.58092,0.66563,0.62592,0.15359,0.2235,0.2879,1.75988,0.31076,0.33477,0.4272,0.36325,0.35709,0.54744,0.70577
plantview__langdon_4__13-02-24,322,0.38939,0.59654,0.72402,0.61675,0.15409,0.21582,0.26256,1.78081,0.29451,0.31033,0.47405,0.35564,0.43557,0.619,0.7213
plantview__langdon_4__13-02-24,323,0.39003,0.59429,0.75706,0.60279,0.14354,0.21973,0.25417,1.78916,0.29846,0.30547,0.52657,0.35185,0.41942,0.63506,0.75078
plantview__langdon_4__13-02-24,324,0.37992,0.56339,0.64189,0.58717,0.1481,0.2243,0.31649,1.77283,0.30336,0.31168,0.4053,0.34718,0.35475,0.62272,0.74765
plantview__langdon_4__13-02-24,325,0.36865,0.54666,0.81724,0.57261,0.16008,0.2385,0.33977,1.73851,0.30905,0.32919,0.66964,0.35109,0.32672,0.58706,0.752
plantview__langdon_4__13-02-24,326,0.36473,0.52183,0.62589,0.56009,0.15886,0.23257,0.35985,1.70553,0.31212,0.32747,0.45848,0.34688,0.30477,0.56954,0.74922
plantview__langdon_4__13-02-24,327,0.34575,0.48703,0.57851,0.5412,0.17989,0.2884,0.41323,1.65165,0.32743,0.34942,0.43794,0.35154,0.23264,0.50833,0.7223
plantview__langdon_4__13-02-24,328,0.33188,0.4592,0.54344,0.52274,0.18269,0.3191,0.45267,1.59038,0.32966,0.35726,0.42198,0.34816,0.18702,0.4456,0.73369
plantview__langdon_4__13-02-24,329,0.31343,0.43056,0.51872,0.49825,0.24308,0.34091,0.48733,1.53973,0.30994,0.34344,0.39659,0.3276,0.17696,0.4155,0.77991
plantview__langdon_4__13-02-24,330,0.29083,0.39543,0.48235,0.45839,0.25723,0.36293,0.54514,1.45894,0.28585,0.3243,0.3704,0.30669,0.17508,0.40637,0.87003
plantview__langdon_4__13-02-24,331,0.30653,0.44942,0.54391,0.48714,0.2392,0.33837,0.48674,1.48416,0.25883,0.32657,0.37147,0.28779,0.17436,0.43655,0.93287
plantview__langdon_4__13-02-24,332,0.30302,0.43911,0.53227,0.48214,0.23599,0.35539,0.50304,1.43795,0.25542,0.32868,0.36717,0.28825,0.13776,0.39587,0.91921
plantview__langdon_4__13-02-24,333,0.29592,0.43922,0.79362,0.47628,0.22147,0.37724,0.53772,1.3981,0.25055,0.33902,0.6956,0.29756,0.12518,0.42029,0.90651
plantview__langdon_4__13-02-24,334,0.28393,0.40543,0.50639,0.44475,0.21132,0.38904,0.59452,1.3525,0.2302,0.30416,0.36551,0.2782,0.14919,0.50653,0.90134
plantview__langdon_4__13-02-24,335,0.26786,0.38002,0.47757,0.41368,0.20539,0.41754,0.65979,1.29023,0.2131,0.28325,0.35264,0.27351,0.18535,0.61982,0.89004
plantview__langdon_4__13-02-24,336,0.24772,0.34609,0.43386,0.37344,0.19895,0.45595,0.72984,1.24658,0.19117,0.24946,0.32258,0.25704,0.28002,0.67525,0.90678
plantview__langdon_4__13-02-24,337,0.22543,0.3088,0.38493,0.33804,0.23055,0.52023,0.80967,1.19902,0.1732,0.2221,0.29066,0.24723,0.38141,0.73483,0.91888
plantview__langdon_4__13-02-24,338,0.21531,0.29183,0.35738,0.32678,0.18787,0.58544,0.85585,1.19918,0.15062,0.19008,0.26328,0.2395,0.49834,0.79493,0.93157
plantview__langdon_4__13-02-24,339,0.19719,0.27164,0.33112,0.29823,0.18541,0.63113,0.89903,1.18298,0.12709,0.16513,0.24003,0.21647,0.58471,0.83605,0.94571
plantview__langdon_4__20-02-24,0,0.1607,0.2172,0.28845,0.26048,0.39166,0.76461,0.91015,1.12758,0.12053,0.15205,0.23622,0.21504,0.66783,0.85775,0.92078
plantview__langdon_4__20-02-24,1,0.16935,0.23085,0.32744,0.27687,0.43514,0.69356,0.88715,1.13863,0.14573,0.18725,0.27571,0.22576,0.53455,0.80039,0.92373
plantview__langdon_4__20-02-24,2,0.1883,0.25409,0.33154,0.29027,0.39478,0.60499,0.85677,1.16185,0.16552,0.20888,0.26464,0.2273,0.37947,0.75316,0.93637
plantview__langdon_4__20-02-24,3,0.2047,0.28319,0.37317,0.31502,0.37251,0.52522,0.81463,1.17986,0.18872,0.2432,0.29929,0.24156,0.22773,0.69256,0.93621
plantview__langdon_4__20-02-24,4,0.21558,0.30015,0.38556,0.33258,0.341,0.50835,0.76141,1.20077,0.19649,0.25345,0.29936,0.24517,0.20811,0.64178,0.93812
plantview__langdon_4__20-02-24,5,0.22787,0.32367,0.41788,0.35381,0.32342,0.46446,0.7351,1.23786,0.21066,0.27328,0.31858,0.251,0.16277,0.60058,0.94415
plantview__langdon_4__20-02-24,6,0.23882,0.34656,0.44368,0.37673,0.31905,0.44252,0.70202,1.26211,0.22544,0.2954,0.33685,0.26507,0.12865,0.5249,0.93624
plantview__langdon_4__20-02-24,7,0.24212,0.35829,0.47425,0.3853,0.32652,0.43062,0.69065,1.29096,0.23348,0.30617,0.36701,0.26891,0.14205,0.46471,0.94166
plantview__langdon_4__20-02-24,8,0.25126,0.3748,0.47376,0.39397,0.30265,0.40403,0.66974,1.32326,0.23864,0.30859,0.35404,0.26988,0.17135,0.44877,0.94552
plantview__langdon_4__20-02-24,9,0.23615,0.31647,0.39453,0.35172,0.21633,0.47769,0.77829,1.26846,0.26002,0.29898,0.33973,0.28615,0.17255,0.42123,0.93781
plantview__langdon_4__20-02-24,10,0.25175,0.3366,0.40797,0.35944,0.16682,0.4495,0.77419,1.31761,0.28614,0.31867,0.37084,0.30677,0.21712,0.44262,0.84793
plantview__langdon_4__20-02-24,11,0.28144,0.38349,0.45779,0.40956,0.14566,0.35997,0.70551,1.398,0.30798,0.34005,0.40744,0.33377,0.25176,0.46777,0.76662
plantview__langdon_4__20-02-24,12,0.33752,0.47411,0.52683,0.46269,0.0416,0.21216,0.57166,1.52648,0.29401,0.30448,0.40242,0.33682,0.38919,0.60936,0.74564
plantview__langdon_4__20-02-24,13,0.33727,0.5046,0.91583,0.47659,0.04951,0.1998,0.57119,1.5509,0.27046,0.29848,0.81529,0.33061,0.43111,0.64975,0.76392
plantview__langdon_4__20-02-24,14,0.33979,0.49769,0.56836,0.45629,0.03575,0.17221,0.55195,1.52932,0.25773,0.26415,0.38061,0.31309,0.45434,0.69097,0.78566
plantview__langdon_4__20-02-24,15,0.32418,0.47525,0.86564,0.43629,0.05205,0.17624,0.63731,1.49737,0.25796,0.2725,0.77009,0.31399,0.4488,0.67716,0.78729
plantview__langdon_4__20-02-24,16,0.32759,0.47393,0.61079,0.45449,0.06633,0.21364,0.59047,1.54818,0.28533,0.29697,0.4888,0.33228,0.39334,0.64117,0.75886
plantview__langdon_4__20-02-24,17,0.31974,0.46627,1.02171,0.44091,0.06611,0.22176,0.6537,1.49457,0.29071,0.31824,0.96577,0.34202,0.39845,0.61511,0.74911
plantview__langdon_4__20-02-24,18,0.31442,0.43259,0.49799,0.43963,0.09369,0.2566,0.6467,1.47982,0.31153,0.32689,0.42418,0.34579,0.33721,0.54062,0.72647
plantview__langdon_4__20-02-24,19,0.29068,0.3976,0.46051,0.4051,0.11472,0.29269,0.71158,1.43432,0.29666,0.31559,0.39777,0.32814,0.33068,0.53074,0.74909
plantview__langdon_4__20-02-24,20,0.26848,0.36506,0.49432,0.38494,0.1595,0.37567,0.73022,1.37965,0.28915,0.31644,0.44546,0.31454,0.27873,0.47364,0.81879
plantview__langdon_4__20-02-24,21,0.26422,0.35607,0.43471,0.3944,0.1691,0.42741,0.73512,1.33327,0.29076,0.32778,0.38324,0.32051,0.23109,0.42455,0.82954
plantview__langdon_4__20-02-24,22,0.2403,0.32221,0.40018,0.35878,0.20666,0.4522,0.79079,1.27747,0.25832,0.29622,0.3436,0.2899,0.2009,0.43766,0.92655
plantview__langdon_4__20-02-24,23,0.24749,0.36662,0.46201,0.38782,0.31925,0.41436,0.66546,1.33824,0.23823,0.30173,0.33667,0.26143,0.14184,0.47158,0.95509
plantview__langdon_4__20-02-24,24,0.23833,0.3498,0.53196,0.38052,0.33509,0.44194,0.69281,1.2917,0.23172,0.30073,0.44117,0.26529,0.12641,0.48163,0.94906
plantview__langdon_4__20-02-24,25,0.22723,0.32872,0.42427,0.35565,0.31696,0.46335,0.73384,1.24265,0.21332,0.27845,0.32107,0.25248,0.14802,0.57003,0.94683
plantview__langdon_4__20-02-24,26,0.21936,0.3094,0.39897,0.33948,0.3344,0.48172,0.75309,1.21634,0.20745,0.26662,0.30914,0.2489,0.1787,0.59974,0.94262
plantview__langdon_4__20-02-24,27,0.21108,0.29328,0.37689,0.32254,0.3582,0.49219,0.77641,1.19011,0.1964,0.25245,0.29377,0.24056,0.18229,0.64552,0.9517
plantview__langdon_4__20-02-24,28,0.20142,0.2833,0.78145,0.30977,0.36187,0.53884,0.8257,1.19894,0.18534,0.24147,0.74854,0.23658,0.24091,0.71283,0.95147
plantview__langdon_4__20-02-24,29,0.18671,0.24947,0.33282,0.29103,0.39923,0.61211,0.85748,1.15927,0.1733,0.21632,0.27509,0.23522,0.34258,0.75314,0.92237
plantview__langdon_4__20-02-24,30,0.17682,0.23839,0.4867,0.2882,0.40574,0.67498,0.87783,1.15495,0.1617,0.2041,0.45558,0.24005,0.45175,0.79081,0.90421
plantview__langdon_4__20-02-24,31,0.15586,0.21,0.28862,0.2613,0.44757,0.75828,0.90571,1.12441,0.13217,0.16798,0.24655,0.22138,0.60608,0.84002,0.92061
plantview__langdon_4__20-02-24,32,0.16993,0.23378,0.32819,0.27621,0.36619,0.71009,0.89398,1.16515,0.14425,0.18738,0.27931,0.22378,0.51458,0.82719,0.91972
plantview__langdon_4__20-02-24,33,0.17928,0.24045,0.32045,0.28525,0.37905,0.66405,0.88532,1.16623,0.16135,0.20345,0.2714,0.23354,0.42484,0.80076,0.9118
plantview__langdon_4__20-02-24,34,0.19875,0.26592,0.35751,0.30313,0.36034,0.57371,0.84496,1.18447,0.18028,0.22478,0.29672,0.23823,0.30819,0.74195,0.925
plantview__langdon_4__20-02-24,35,0.21117,0.28853,0.37549,0.32561,0.35203,0.52452,0.79133,1.21253,0.2004,0.25198,0.3014,0.24843,0.22039,0.67752,0.93036
plantview__langdon_4__20-02-24,36,0.2046,0.28284,0.36805,0.31592,0.35499,0.53151,0.79456,1.18562,0.19289,0.24608,0.29183,0.24038,0.2225,0.65113,0.94565
plantview__langdon_4__20-02-24,37,0.21262,0.29868,0.39,0.33087,0.3476,0.50623,0.76763,1.20261,0.20722,0.26647,0.30901,0.24874,0.1757,0.61393,0.94741
plantview__langdon_4__20-02-24,38,0.22035,0.31706,0.46876,0.34527,0.33892,0.48058,0.74101,1.23413,0.21428,0.2783,0.38768,0.24862,0.13619,0.56481,0.96073
plantview__langdon_4__20-02-24,39,0.23597,0.34424,0.44256,0.37415,0.33486,0.4469,0.69255,1.29908,0.23379,0.29885,0.33492,0.2613,0.1335,0.46232,0.95663
plantview__langdon_4__20-02-24,40,0.23928,0.35406,0.45266,0.37677,0.33412,0.4372,0.68731,1.33266,0.23964,0.30242,0.33908,0.2619,0.15337,0.45712,0.96035
plantview__langdon_4__20-02-24,41,0.23986,0.3198,0.39375,0.35024,0.19584,0.46366,0.77196,1.27414,0.26832,0.30602,0.3446,0.28872,0.15493,0.40979,0.9392
plantview__langdon_4__20-02-24,42,0.25369,0.33923,0.41144,0.36634,0.17267,0.43723,0.77397,1.3049,0.28341,0.31824,0.36754,0.30688,0.18806,0.44498,0.86994
plantview__langdon_4__20-02-24,43,0.27385,0.37096,0.44178,0.3887,0.14028,0.36524,0.72835,1.36144,0.29892,0.33009,0.39222,0.32213,0.22634,0.47799,0.80601
plantview__langdon_4__20-02-24,44,0.29377,0.39504,0.45519,0.4014,0.1003,0.2985,0.72928,1.41997,0.31624,0.33399,0.42205,0.34358,0.31607,0.51009,0.74022
plantview__langdon_4__20-02-24,45,0.31341,0.42782,0.48138,0.42301,0.0702,0.25168,0.68004,1.45678,0.30277,0.31488,0.41344,0.33957,0.35987,0.56729,0.73431
plantview__langdon_4__20-02-24,46,0.31492,0.43632,0.48493,0.41788,0.06569,0.22721,0.67562,1.4786,0.28321,0.28696,0.38853,0.3263,0.42037,0.62952,0.75238
plantview__langdon_4__20-02-24,47,0.31638,0.4448,0.49342,0.42084,0.05823,0.21096,0.67851,1.48771,0.26925,0.27216,0.3684,0.31728,0.43722,0.64819,0.77004
plantview__langdon_4__20-02-24,48,0.33339,0.48026,0.57582,0.44624,0.04989,0.17821,0.60938,1.49294,0.27819,0.286,0.43171,0.32798,0.41178,0.6366,0.77997
plantview__langdon_4__20-02-24,49,0.3502,0.50148,0.56162,0.48505,0.04933,0.16476,0.53134,1.51983,0.28921,0.30429,0.40166,0.34249,0.37923,0.62839,0.7629
plantview__langdon_4__20-02-24,50,0.34675,0.49128,0.54322,0.47452,0.04869,0.18226,0.52335,1.52513,0.28587,0.29571,0.38984,0.33248,0.39064,0.61793,0.76976
plantview__langdon_4__20-02-24,51,0.33302,0.46261,0.51391,0.44771,0.05302,0.20467,0.58083,1.50492,0.29267,0.30087,0.4078,0.3369,0.40615,0.61665,0.75703
plantview__langdon_4__20-02-24,52,0.31309,0.42765,0.48012,0.41873,0.06304,0.25663,0.66446,1.45297,0.30303,0.31786,0.41414,0.33701,0.34699,0.5705,0.7441
plantview__langdon_4__20-02-24,53,0.30012,0.40625,0.46828,0.41162,0.09078,0.29592,0.67886,1.43468,0.31665,0.33706,0.42312,0.34186,0.28496,0.52453,0.73173
plantview__langdon_4__20-02-24,54,0.29081,0.39435,0.46404,0.418,0.12187,0.35883,0.64563,1.40898,0.32019,0.35236,0.41217,0.33724,0.19881,0.45273,0.75951
plantview__langdon_4__20-02-24,55,0.26954,0.36115,0.43411,0.39063,0.14696,0.42756,0.68402,1.34877,0.30503,0.34091,0.39032,0.32172,0.16789,0.41938,0.80986
plantview__langdon_4__20-02-24,56,0.25595,0.35166,0.71728,0.38467,0.17485,0.45094,0.70663,1.31336,0.28574,0.33303,0.68426,0.31241,0.17306,0.39364,0.8996
plantview__langdon_4__20-02-24,57,0.24937,0.37499,0.65892,0.40793,0.32654,0.43154,0.63512,1.35803,0.25965,0.33355,0.58381,0.28899,0.14203,0.40598,0.93704
plantview__langdon_4__20-02-24,58,0.2369,0.34728,0.45141,0.38271,0.33949,0.4623,0.67148,1.2772,0.23871,0.30986,0.34763,0.27294,0.1271,0.43643,0.94488
plantview__langdon_4__20-02-24,59,0.22313,0.32313,0.43315,0.35912,0.35087,0.48874,0.71656,1.2207,0.2201,0.28937,0.34416,0.26603,0.14342,0.55893,0.93245
plantview__langdon_4__20-02-24,60,0.21928,0.30904,0.40311,0.34473,0.33707,0.50123,0.73236,1.20555,0.21282,0.27444,0.31949,0.25901,0.17875,0.58626,0.93299
plantview__langdon_4__20-02-24,61,0.21348,0.29689,0.3997,0.33433,0.35998,0.5152,0.76243,1.19295,0.20203,0.26002,0.32272,0.25307,0.19067,0.63244,0.92467
plantview__langdon_4__20-02-24,62,0.20603,0.28112,0.36644,0.31881,0.35566,0.54852,0.80797,1.19687,0.19372,0.24496,0.29544,0.24516,0.23899,0.68133,0.92084
plantview__langdon_4__20-02-24,63,0.19154,0.25635,0.34306,0.30201,0.40221,0.60245,0.83791,1.16381,0.18111,0.2278,0.28929,0.2458,0.32837,0.73575,0.91118
plantview__langdon_4__20-02-24,64,0.18,0.2483,0.61415,0.28925,0.36026,0.6758,0.88357,1.15977,0.16541,0.21639,0.5934,0.24452,0.44206,0.77483,0.91423
plantview__langdon_4__20-02-24,65,0.16517,0.22425,0.30361,0.26658,0.4034,0.73011,0.90243,1.12722,0.15539,0.20236,0.28526,0.23523,0.5068,0.79127,0.90524
plantview__langdon_4__20-02-24,66,0.16776,0.22785,0.31315,0.26729,0.41844,0.73347,0.89172,1.10098,0.15998,0.2099,0.30679,0.24473,0.53598,0.76285,0.89904
plantview__langdon_4__20-02-24,67,0.1784,0.24376,0.33623,0.28488,0.36604,0.68702,0.88823,1.14596,0.16402,0.21306,0.30472,0.24294,0.47817,0.7457,0.91299
plantview__langdon_4__20-02-24,68,0.18927,0.26081,0.53426,0.30532,0.39128,0.64476,0.8552,1.1576,0.1843,0.24081,0.51388,0.26121,0.39832,0.72793,0.89035
plantview__langdon_4__20-02-24,69,0.19902,0.27361,0.36248,0.31415,0.36683,0.56652,0.82829,1.19804,0.18737,0.2395,0.2943,0.24234,0.25623,0.71685,0.9139
plantview__langdon_4__20-02-24,70,0.20731,0.29089,0.40059,0.33236,0.37183,0.5427,0.7791,1.19259,0.20055,0.26045,0.33109,0.25649,0.20947,0.64839,0.91133
plantview__langdon_4__20-02-24,71,0.22951,0.32316,0.4197,0.3603,0.33951,0.47565,0.7124,1.22473,0.22936,0.2955,0.34725,0.27308,0.15019,0.57201,0.90557
plantview__langdon_4__20-02-24,72,0.22972,0.32958,0.43045,0.37042,0.35567,0.47517,0.68273,1.23328,0.23173,0.30252,0.33992,0.27143,0.11411,0.50521,0.93155
plantview__langdon_4__20-02-24,73,0.23335,0.34086,0.46098,0.37541,0.34442,0.46747,0.66287,1.2526,0.2399,0.31325,0.37109,0.27463,0.12037,0.40976,0.94378
plantview__langdon_4__20-02-24,74,0.25883,0.38325,0.48774,0.41863,0.32492,0.4209,0.59407,1.36947,0.268,0.33887,0.37533,0.28938,0.12509,0.37235,0.93921
plantview__langdon_4__20-02-24,75,0.26217,0.35016,0.43044,0.39391,0.1764,0.45698,0.65153,1.33358,0.30497,0.34553,0.3855,0.31922,0.12257,0.36264,0.88101
plantview__langdon_4__20-02-24,76,0.28755,0.38805,0.46814,0.43251,0.1608,0.40723,0.59653,1.41109,0.33525,0.37198,0.42577,0.34892,0.13306,0.40925,0.74067
plantview__langdon_4__20-02-24,77,0.3109,0.42127,0.49088,0.44892,0.10962,0.32766,0.55765,1.46765,0.34812,0.37675,0.44807,0.36135,0.18448,0.45699,0.68252
plantview__langdon_4__20-02-24,78,0.32609,0.44073,0.50153,0.45241,0.09268,0.26119,0.56725,1.47814,0.3442,0.36761,0.46352,0.36682,0.25097,0.51137,0.7045
plantview__langdon_4__20-02-24,79,0.33851,0.46622,0.63196,0.46312,0.06305,0.22859,0.54039,1.50707,0.33097,0.34974,0.57674,0.36434,0.31201,0.55971,0.72113
plantview__langdon_4__20-02-24,80,0.34786,0.476,0.52681,0.47442,0.0412,0.19295,0.5672,1.48959,0.31924,0.33311,0.43944,0.36219,0.34652,0.56886,0.72262
plantview__langdon_4__20-02-24,81,0.36284,0.52985,0.92935,0.51496,0.03188,0.15941,0.50677,1.53012,0.30658,0.34063,0.83589,0.36427,0.35715,0.58673,0.72882
plantview__langdon_4__20-02-24,82,0.36652,0.52688,0.5865,0.51472,0.04244,0.15888,0.48041,1.5365,0.30046,0.31913,0.41154,0.35197,0.34243,0.59038,0.74791
plantview__langdon_4__20-02-24,83,0.35018,0.50669,0.7325,0.48719,0.05066,0.17162,0.55084,1.508,0.30236,0.3284,0.61871,0.35206,0.32256,0.59137,0.76196
plantview__langdon_4__20-02-24,84,0.3661,0.52905,0.9064,0.51502,0.04853,0.15722,0.46174,1.56261,0.30251,0.32536,0.80617,0.35198,0.34409,0.60439,0.75404
plantview__langdon_4__20-02-24,85,0.3677,0.52457,0.91885,0.51956,0.05188,0.18993,0.4387,1.56922,0.33466,0.35699,0.84375,0.37803,0.34519,0.5621,0.71896
plantview__langdon_4__20-02-24,86,0.35117,0.48374,0.6824,0.48426,0.05817,0.21561,0.4933,1.52585,0.34375,0.36127,0.62693,0.37494,0.29963,0.54477,0.71607
plantview__langdon_4__20-02-24,87,0.34291,0.46528,0.54004,0.47655,0.05745,0.2343,0.52645,1.49579,0.36027,0.38332,0.49578,0.38168,0.24175,0.49509,0.68048
plantview__langdon_4__20-02-24,88,0.32079,0.43482,0.51094,0.46659,0.08819,0.29839,0.55504,1.46797,0.36253,0.39553,0.47185,0.37653,0.1671,0.42548,0.6702
plantview__langdon_4__20-02-24,89,0.29583,0.39315,0.46866,0.43374,0.12258,0.39775,0.59776,1.39294,0.35309,0.38944,0.44187,0.3613,0.11929,0.36669,0.70624
plantview__langdon_4__20-02-24,90,0.27634,0.36737,0.44499,0.40922,0.15289,0.42702,0.62649,1.36528,0.32232,0.35961,0.4049,0.33262,0.13334,0.35827,0.81166
plantview__langdon_4__20-02-24,91,0.26132,0.38334,0.49369,0.42436,0.32933,0.41711,0.59705,1.40068,0.28215,0.34858,0.39317,0.29964,0.15003,0.36674,0.93379
plantview__langdon_4__20-02-24,92,0.24944,0.36471,0.50232,0.40895,0.33725,0.44131,0.62691,1.323,0.26074,0.33341,0.40556,0.29019,0.1097,0.35911,0.92936
plantview__langdon_4__20-02-24,93,0.24671,0.35149,0.4586,0.40397,0.33432,0.45633,0.6425,1.2812,0.24912,0.31946,0.36019,0.28827,0.10362,0.42768,0.9062
plantview__langdon_4__20-02-24,94,0.244,0.34683,0.51803,0.39803,0.33763,0.46244,0.6571,1.27357,0.24273,0.31358,0.43732,0.28694,0.12882,0.48289,0.90146
plantview__langdon_4__20-02-24,95,0.22178,0.31186,0.50036,0.36146,0.35628,0.5107,0.74534,1.21724,0.21521,0.27976,0.43787,0.27429,0.1826,0.62379,0.89121
plantview__langdon_4__20-02-24,96,0.21173,0.29335,0.39143,0.34369,0.36263,0.54126,0.79466,1.20905,0.20052,0.25878,0.32002,0.26429,0.2299,0.68798,0.89595
plantview__langdon_4__20-02-24,97,0.19858,0.27219,0.36184,0.31787,0.35026,0.60307,0.84083,1.19433,0.17669,0.22607,0.29375,0.24821,0.34056,0.76272,0.91441
plantview__langdon_4__20-02-24,98,0.17578,0.23567,0.31814,0.2804,0.40202,0.69234,0.89033,1.12104,0.16981,0.21789,0.30023,0.25027,0.48088,0.72521,0.90724
plantview__langdon_4__20-02-24,99,0.16516,0.22031,0.30609,0.26191,0.47371,0.73043,0.90212,1.06353,0.16893,0.22205,0.31577,0.25484,0.52254,0.71484,0.90367
plantview__langdon_4__20-02-24,100,0.17083,0.23275,0.30487,0.26036,0.36848,0.71899,0.90253,1.13531,0.15248,0.20008,0.29308,0.22838,0.56118,0.78302,0.91394
plantview__langdon_4__20-02-24,101,0.16614,0.22703,0.30786,0.273,0.40573,0.72615,0.88956,1.12647,0.14797,0.19197,0.27003,0.23217,0.52278,0.79555,0.9145
plantview__langdon_4__20-02-24,102,0.1991,0.27302,0.359,0.31612,0.37297,0.56873,0.85288,1.1964,0.17982,0.2308,0.2912,0.24494,0.28157,0.75401,0.9207
plantview__langdon_4__20-02-24,103,0.22085,0.30695,0.40982,0.35519,0.33111,0.52048,0.77995,1.21508,0.20029,0.25986,0.33202,0.26856,0.23709,0.67783,0.90885
plantview__langdon_4__20-02-24,104,0.2275,0.31939,0.4228,0.37103,0.34641,0.49936,0.73338,1.21436,0.21745,0.2834,0.34303,0.28126,0.18329,0.60914,0.9008
plantview__langdon_4__20-02-24,105,0.23867,0.34161,0.57019,0.39735,0.34647,0.47304,0.69066,1.24519,0.23635,0.31138,0.50251,0.29414,0.12859,0.54474,0.87512
plantview__langdon_4__20-02-24,106,0.25343,0.36439,0.47718,0.4248,0.34448,0.44969,0.63532,1.28452,0.25739,0.3347,0.37874,0.30535,0.1016,0.41527,0.8692
plantview__langdon_4__20-02-24,107,0.26201,0.38034,0.49779,0.44439,0.33837,0.43432,0.60603,1.35268,0.27834,0.3539,0.39587,0.3141,0.11899,0.32469,0.87723
plantview__langdon_4__20-02-24,108,0.27126,0.39798,0.50917,0.44826,0.30716,0.41821,0.5957,1.3964,0.28935,0.36205,0.40628,0.31556,0.14429,0.3424,0.89416
plantview__langdon_4__20-02-24,109,0.27632,0.36745,0.452,0.41927,0.16046,0.4448,0.64181,1.34985,0.32036,0.36246,0.40852,0.33826,0.13139,0.34576,0.82049
plantview__langdon_4__20-02-24,110,0.29626,0.39797,0.47909,0.44347,0.13323,0.40323,0.58341,1.41055,0.34606,0.38437,0.43648,0.35673,0.11991,0.36589,0.71702
plantview__langdon_4__20-02-24,111,0.31957,0.43165,0.50568,0.46981,0.10856,0.30367,0.56987,1.46257,0.36327,0.39837,0.46917,0.3773,0.16672,0.40964,0.67598
plantview__langdon_4__20-02-24,112,0.33404,0.44993,0.50962,0.46237,0.07511,0.23925,0.55437,1.50311,0.36126,0.37974,0.47703,0.37873,0.23294,0.50328,0.69344
plantview__langdon_4__20-02-24,113,0.35318,0.48122,0.53286,0.47815,0.04918,0.20194,0.49732,1.54007,0.34815,0.35769,0.47398,0.37665,0.31396,0.56181,0.71922
plantview__langdon_4__20-02-24,114,0.36625,0.51417,0.57437,0.51786,0.05016,0.18964,0.44207,1.58307,0.33058,0.34394,0.45345,0.37002,0.3276,0.57803,0.72766
plantview__langdon_4__20-02-24,115,0.36824,0.53261,0.74913,0.52928,0.04817,0.1718,0.457,1.59024,0.3168,0.33895,0.62801,0.36523,0.34099,0.57858,0.73203
plantview__langdon_4__20-02-24,116,0.36709,0.52603,0.58885,0.51219,0.05363,0.15438,0.49536,1.55245,0.31245,0.33236,0.43305,0.35972,0.3282,0.58753,0.76414
plantview__langdon_4__20-02-24,117,0.35391,0.50365,0.56938,0.49541,0.05235,0.18854,0.53923,1.52244,0.31454,0.33243,0.42915,0.36158,0.32134,0.57854,0.75042
plantview__langdon_4__20-02-24,118,0.37307,0.53897,0.67838,0.54271,0.05457,0.16689,0.46631,1.58462,0.31936,0.34667,0.53912,0.37185,0.32416,0.56681,0.7263
plantview__langdon_4__20-02-24,119,0.36952,0.52412,0.83654,0.53167,0.05169,0.19103,0.48379,1.56894,0.34719,0.37815,0.76957,0.39232,0.32513,0.5332,0.70337
plantview__langdon_4__20-02-24,120,0.35213,0.47777,0.54148,0.48289,0.06865,0.22213,0.53539,1.52101,0.36566,0.3855,0.51078,0.39162,0.28717,0.50842,0.71127
plantview__langdon_4__20-02-24,121,0.33634,0.45616,0.52408,0.46545,0.07128,0.23827,0.55986,1.49281,0.35214,0.37642,0.48401,0.37539,0.256,0.50269,0.70743
plantview__langdon_4__20-02-24,122,0.30653,0.41211,0.49428,0.43497,0.10948,0.29457,0.62833,1.41763,0.34707,0.38287,0.47067,0.36448,0.18262,0.43421,0.72501
plantview__langdon_4__20-02-24,123,0.28827,0.38526,0.45964,0.42107,0.12615,0.39653,0.6394,1.36061,0.326,0.36624,0.41969,0.34483,0.14787,0.38826,0.74508
plantview__langdon_4__20-02-24,124,0.26966,0.3604,0.44244,0.40949,0.1445,0.44661,0.68628,1.29838,0.29571,0.34172,0.38891,0.32894,0.15121,0.37339,0.87051
plantview__langdon_4__20-02-24,125,0.26582,0.39038,0.50374,0.44662,0.32131,0.43016,0.6133,1.36039,0.28028,0.35676,0.40047,0.31697,0.13378,0.34945,0.86927
plantview__langdon_4__20-02-24,126,0.25301,0.37084,0.49747,0.43163,0.34973,0.44919,0.63947,1.30597,0.26539,0.34623,0.40349,0.31339,0.13654,0.35027,0.87906
plantview__langdon_4__20-02-24,127,0.24747,0.35789,0.47459,0.41984,0.36017,0.45738,0.65671,1.26944,0.2525,0.33154,0.38057,0.308,0.10738,0.45067,0.88008
plantview__langdon_4__20-02-24,128,0.23803,0.34344,0.51257,0.39773,0.33639,0.4698,0.69892,1.23886,0.23265,0.30958,0.43632,0.29734,0.15591,0.54074,0.88485
plantview__langdon_4__20-02-24,129,0.23234,0.32816,0.42531,0.37494,0.3111,0.48335,0.73802,1.21307,0.20674,0.27288,0.33527,0.27815,0.22242,0.63188,0.89204
plantview__langdon_4__20-02-24,130,0.22977,0.31983,0.40514,0.35858,0.30272,0.485,0.76474,1.23209,0.1963,0.25425,0.31075,0.25906,0.23239,0.67596,0.91484
plantview__langdon_4__20-02-24,131,0.19491,0.26765,0.45486,0.30548,0.34319,0.60095,0.87099,1.17326,0.16152,0.20869,0.40318,0.23679,0.40896,0.78964,0.91733
plantview__langdon_4__20-02-24,132,0.19139,0.26304,0.33294,0.29409,0.27894,0.6435,0.87542,1.19033,0.15604,0.2022,0.27448,0.22904,0.46718,0.79158,0.9165
plantview__langdon_4__20-02-24,133,0.16297,0.2221,0.28471,0.24599,0.36173,0.71232,0.92555,1.141,0.13099,0.17003,0.2396,0.19864,0.55782,0.84075,0.93571
plantview__langdon_4__20-02-24,134,0.17092,0.23391,0.29571,0.24939,0.32273,0.71058,0.92128,1.13642,0.14446,0.18976,0.27707,0.2136,0.55379,0.79802,0.92904
plantview__langdon_4__20-02-24,135,0.1588,0.21942,0.29615,0.25742,0.42999,0.72666,0.90716,1.13464,0.14207,0.18698,0.25394,0.21377,0.51294,0.81703,0.93648
plantview__langdon_4__20-02-24,136,0.18602,0.25762,0.34441,0.29729,0.39757,0.62025,0.85994,1.15733,0.16482,0.21606,0.28295,0.23629,0.38865,0.76421,0.92306
plantview__langdon_4__20-02-24,137,0.21297,0.29436,0.39912,0.33304,0.35011,0.50759,0.80007,1.18853,0.19666,0.25535,0.32975,0.25593,0.21965,0.68493,0.91751
plantview__langdon_4__20-02-24,138,0.22494,0.31526,0.44478,0.35958,0.33903,0.4952,0.74618,1.20763,0.205,0.26911,0.3686,0.26922,0.2105,0.65657,0.90573
plantview__langdon_4__20-02-24,139,0.23944,0.34048,0.4466,0.38868,0.32303,0.46962,0.6913,1.24112,0.22341,0.29437,0.35233,0.28329,0.1748,0.57974,0.90436
plantview__langdon_4__20-02-24,140,0.24658,0.35608,0.46846,0.4167,0.34262,0.45662,0.65316,1.27584,0.24462,0.3234,0.37274,0.30121,0.13337,0.44632,0.89374
plantview__langdon_4__20-02-24,141,0.26324,0.38477,0.5116,0.44134,0.31359,0.41953,0.62182,1.35818,0.26125,0.33773,0.40434,0.30501,0.1452,0.39505,0.9038
plantview__langdon_4__20-02-24,142,0.26964,0.39624,0.50605,0.44909,0.30381,0.40963,0.60028,1.37488,0.26986,0.34399,0.38952,0.30834,0.14667,0.38348,0.89549
plantview__langdon_4__20-02-24,143,0.26674,0.3562,0.43991,0.40623,0.15644,0.45985,0.69023,1.29551,0.29438,0.34121,0.38936,0.32804,0.1443,0.38053,0.87371
plantview__langdon_4__20-02-24,144,0.30296,0.40846,0.49703,0.47108,0.13981,0.39,0.60848,1.36768,0.34484,0.39491,0.45283,0.37798,0.13123,0.35041,0.70151
plantview__langdon_4__20-02-24,145,0.32705,0.44508,0.53381,0.5146,0.11993,0.31197,0.58212,1.42486,0.36928,0.41688,0.48887,0.40845,0.1609,0.36385,0.65114
plantview__langdon_4__20-02-24,146,0.3343,0.45444,0.52412,0.489,0.09729,0.25395,0.56769,1.48383,0.35311,0.382,0.46964,0.38263,0.24912,0.45109,0.67315
plantview__langdon_4__20-02-24,147,0.35173,0.48885,0.55595,0.51339,0.08009,0.21537,0.52287,1.54534,0.34158,0.36348,0.46505,0.37987,0.30813,0.50428,0.68777
plantview__langdon_4__20-02-24,148,0.36052,0.50018,0.55932,0.50737,0.03646,0.19604,0.52864,1.54169,0.33614,0.35069,0.4523,0.37598,0.31182,0.54305,0.71381
plantview__langdon_4__20-02-24,149,0.35324,0.50637,0.56898,0.5077,0.04869,0.18673,0.54024,1.55121,0.30272,0.32251,0.41519,0.35236,0.34414,0.57745,0.73264
plantview__langdon_4__20-02-24,150,0.33271,0.47141,0.53175,0.45971,0.04452,0.19483,0.62449,1.49786,0.29238,0.30357,0.39489,0.34173,0.37672,0.60848,0.7512
plantview__langdon_4__20-02-24,151,0.3444,0.48687,0.54533,0.47517,0.03064,0.17916,0.60745,1.48463,0.30421,0.31655,0.40766,0.35351,0.37059,0.57477,0.72562
plantview__langdon_4__20-02-24,152,0.35585,0.50014,0.57986,0.50803,0.03837,0.20557,0.53787,1.53051,0.33183,0.34889,0.46241,0.37396,0.31473,0.52905,0.70194
plantview__langdon_4__20-02-24,153,0.34535,0.47984,0.54346,0.48905,0.05255,0.21444,0.57397,1.53012,0.32633,0.33802,0.44142,0.36901,0.34196,0.55769,0.70538
plantview__langdon_4__20-02-24,154,0.3325,0.45627,0.52517,0.46716,0.0659,0.24723,0.61088,1.48706,0.33803,0.35819,0.46107,0.37091,0.30006,0.50826,0.69889
plantview__langdon_4__20-02-24,155,0.31441,0.42708,0.50113,0.45761,0.11183,0.30033,0.62303,1.45341,0.34647,0.37373,0.45352,0.3712,0.22925,0.45548,0.69385
plantview__langdon_4__20-02-24,156,0.30141,0.40569,0.48364,0.44787,0.12167,0.34012,0.64805,1.40109,0.34207,0.37689,0.44239,0.36742,0.18241,0.42484,0.70741
plantview__langdon_4__20-02-24,157,0.28669,0.39098,0.48574,0.45347,0.16133,0.41365,0.63828,1.3803,0.32259,0.36664,0.43358,0.36305,0.16303,0.41473,0.74164
plantview__langdon_4__20-02-24,158,0.26801,0.3616,0.45271,0.42125,0.17497,0.44535,0.66697,1.32752,0.30126,0.34782,0.40063,0.33665,0.15812,0.38163,0.86018
plantview__langdon_4__20-02-24,159,0.26591,0.39277,0.50258,0.4404,0.3181,0.41443,0.57646,1.391,0.26871,0.33981,0.38033,0.29782,0.12608,0.37774,0.92391
plantview__langdon_4__20-02-24,160,0.25908,0.38301,0.66168,0.42789,0.31419,0.42531,0.61196,1.30844,0.24498,0.32398,0.5764,0.29459,0.1195,0.42141,0.92358
plantview__langdon_4__20-02-24,161,0.24868,0.36152,0.48493,0.40446,0.30674,0.455,0.64485,1.27928,0.23021,0.30631,0.37621,0.27898,0.11401,0.50928,0.92396
plantview__langdon_4__20-02-24,162,0.22607,0.32389,0.48511,0.36393,0.33708,0.49417,0.72888,1.23033,0.21111,0.27988,0.40603,0.2647,0.18419,0.60369,0.91674
plantview__langdon_4__20-02-24,163,0.22717,0.31837,0.43645,0.3597,0.30925,0.50325,0.74146,1.20881,0.19683,0.25942,0.35104,0.26199,0.23865,0.6454,0.90673
plantview__langdon_4__20-02-24,164,0.2235,0.31044,0.39849,0.35028,0.32289,0.50927,0.77489,1.22842,0.19094,0.24954,0.30841,0.25296,0.25525,0.69759,0.91381
plantview__langdon_4__20-02-24,165,0.19972,0.27369,0.35193,0.3097,0.339,0.57706,0.85417,1.18941,0.16708,0.21633,0.27781,0.23399,0.34294,0.77833,0.92638
plantview__langdon_4__20-02-24,166,0.20438,0.28423,0.34456,0.30206,0.21857,0.56802,0.88587,1.22804,0.1445,0.18811,0.24686,0.20886,0.42056,0.83117,0.94637
plantview__langdon_4__20-02-24,167,0.18544,0.25649,0.30445,0.2614,0.23416,0.6273,0.92779,1.19045,0.12255,0.16035,0.2155,0.17927,0.53403,0.85729,0.95892
plantview__langdon_4__20-02-24,168,0.1842,0.25576,0.33006,0.26948,0.29907,0.59762,0.90309,1.1898,0.14232,0.1898,0.25666,0.18983,0.40637,0.81534,0.96306
plantview__langdon_4__20-02-24,169,0.17135,0.23928,0.30953,0.26822,0.35176,0.65873,0.90611,1.17248,0.13925,0.18396,0.24236,0.20346,0.45249,0.82229,0.95852
plantview__langdon_4__20-02-24,170,0.19942,0.27566,0.35213,0.30946,0.31943,0.58926,0.84073,1.1964,0.16426,0.21502,0.27275,0.2284,0.36023,0.76211,0.93198
plantview__langdon_4__20-02-24,171,0.22022,0.31555,0.61487,0.3577,0.32899,0.53065,0.77289,1.21275,0.1914,0.25965,0.56035,0.26767,0.26202,0.69708,0.89607
plantview__langdon_4__20-02-24,172,0.23095,0.32402,0.42566,0.37448,0.30622,0.50102,0.7446,1.22079,0.203,0.26726,0.33727,0.27688,0.2509,0.66303,0.88538
plantview__langdon_4__20-02-24,173,0.24695,0.35051,0.45956,0.41001,0.31874,0.46671,0.67966,1.26861,0.24003,0.31191,0.36582,0.30027,0.15473,0.51098,0.87177
plantview__langdon_4__20-02-24,174,0.26204,0.37448,0.48325,0.4355,0.31614,0.43428,0.62354,1.27611,0.25101,0.32713,0.37529,0.31032,0.11624,0.45061,0.86531
plantview__langdon_4__20-02-24,175,0.26099,0.38271,0.52625,0.43459,0.32134,0.42351,0.62006,1.33164,0.25701,0.33379,0.41805,0.29977,0.12949,0.37629,0.90987
plantview__langdon_4__20-02-24,176,0.28051,0.41228,0.5261,0.47524,0.31486,0.40976,0.55873,1.40472,0.29553,0.37237,0.41262,0.32834,0.12242,0.30871,0.88715
plantview__langdon_4__20-02-24,177,0.2772,0.37728,0.58045,0.44491,0.17607,0.45852,0.63266,1.32481,0.32144,0.37761,0.54107,0.35822,0.1249,0.30489,0.83973
plantview__langdon_4__20-02-24,178,0.29166,0.3944,0.51092,0.44882,0.14364,0.41409,0.62163,1.37551,0.3446,0.38906,0.47538,0.37158,0.12938,0.38438,0.71485
plantview__langdon_4__20-02-24,179,0.31052,0.42039,0.50119,0.4679,0.12753,0.34334,0.56509,1.45726,0.36307,0.39587,0.4642,0.38091,0.14811,0.42137,0.6656
plantview__langdon_4__20-02-24,180,0.33729,0.45662,0.52825,0.49023,0.08436,0.26524,0.56,1.48456,0.37193,0.39854,0.49063,0.39763,0.22885,0.46075,0.64148
plantview__langdon_4__20-02-24,181,0.34659,0.47335,0.53888,0.49319,0.07812,0.24251,0.53335,1.51824,0.36054,0.37564,0.48002,0.39081,0.29637,0.50177,0.66776
plantview__langdon_4__20-02-24,182,0.34354,0.47664,0.5738,0.46757,0.03641,0.21369,0.56163,1.50589,0.32866,0.3383,0.49063,0.36569,0.3445,0.56294,0.70808
plantview__langdon_4__20-02-24,183,0.33822,0.47013,0.52551,0.46051,0.03987,0.20024,0.56118,1.50617,0.30977,0.31015,0.40749,0.35221,0.373,0.61546,0.71206
plantview__langdon_4__20-02-24,184,0.32941,0.4618,0.51781,0.44421,0.0458,0.20685,0.58565,1.50036,0.29881,0.30097,0.38891,0.33853,0.36028,0.61687,0.73996
plantview__langdon_4__20-02-24,185,0.34287,0.48696,0.57037,0.46885,0.05339,0.19758,0.50091,1.54609,0.31176,0.30867,0.42831,0.35122,0.3649,0.61901,0.72809
plantview__langdon_4__20-02-24,186,0.34004,0.47914,0.65704,0.46886,0.03234,0.22066,0.52906,1.53876,0.32691,0.32921,0.56554,0.36578,0.35349,0.59554,0.70589
plantview__langdon_4__20-02-24,187,0.35142,0.49187,0.56816,0.49394,0.04418,0.22522,0.46489,1.57205,0.3369,0.33919,0.46174,0.37324,0.36548,0.56866,0.69601
plantview__langdon_4__20-02-24,188,0.33883,0.4644,0.52967,0.4784,0.07727,0.2539,0.49012,1.55397,0.35846,0.36,0.4614,0.3817,0.31659,0.53237,0.66763
plantview__langdon_4__20-02-24,189,0.32008,0.43779,0.50914,0.45954,0.09384,0.28244,0.56316,1.49876,0.34475,0.36247,0.44968,0.36827,0.24773,0.5207,0.66688
plantview__langdon_4__20-02-24,190,0.30534,0.41728,0.68827,0.45811,0.11979,0.3715,0.57218,1.45537,0.35851,0.38912,0.65408,0.37479,0.15414,0.43873,0.66102
plantview__langdon_4__20-02-24,191,0.29179,0.39849,0.56177,0.45849,0.1616,0.42686,0.59249,1.41006,0.34668,0.38768,0.51292,0.36705,0.12329,0.35145,0.72114
plantview__langdon_4__20-02-24,192,0.27386,0.36793,0.46896,0.44424,0.20714,0.46338,0.62401,1.35368,0.33124,0.37528,0.41871,0.35782,0.11609,0.29405,0.82949
plantview__langdon_4__20-02-24,193,0.27487,0.4068,0.59437,0.47233,0.3281,0.43299,0.57589,1.36976,0.29458,0.37561,0.4979,0.33618,0.10388,0.29963,0.87073
plantview__langdon_4__20-02-24,194,0.27389,0.3923,0.50895,0.46628,0.32273,0.43136,0.5871,1.36044,0.28353,0.35664,0.39943,0.3268,0.11657,0.32277,0.85715
plantview__langdon_4__20-02-24,195,0.26158,0.36934,0.48147,0.43987,0.31415,0.44138,0.65351,1.283,0.25731,0.32815,0.38257,0.32211,0.13854,0.45738,0.84361
plantview__langdon_4__20-02-24,196,0.25799,0.36256,0.47285,0.4333,0.31059,0.45644,0.6731,1.27708,0.25147,0.32272,0.37878,0.3197,0.14372,0.51158,0.84403
plantview__langdon_4__20-02-24,197,0.26008,0.36356,0.46153,0.41737,0.28525,0.4212,0.67779,1.29415,0.23413,0.30026,0.35656,0.29481,0.188,0.54113,0.88367
plantview__langdon_4__20-02-24,198,0.23881,0.3298,0.42009,0.37536,0.29295,0.47459,0.75996,1.24698,0.20215,0.26041,0.32362,0.27055,0.23458,0.6966,0.9025
plantview__langdon_4__20-02-24,199,0.20956,0.2996,0.75451,0.32206,0.28462,0.53634,0.84331,1.21346,0.16361,0.22251,0.71167,0.23118,0.33042,0.78154,0.93756
plantview__langdon_4__20-02-24,200,0.19114,0.26788,0.33925,0.29239,0.33253,0.57389,0.85982,1.20077,0.15912,0.21221,0.2594,0.20927,0.32167,0.76952,0.96787
plantview__langdon_4__20-02-24,201,0.18988,0.26392,0.32106,0.27672,0.30244,0.5774,0.87796,1.20618,0.1486,0.19767,0.2363,0.18886,0.34938,0.79243,0.97786
plantview__langdon_4__20-02-24,202,0.16228,0.22518,0.29675,0.23894,0.37143,0.66324,0.93589,1.15157,0.13007,0.17307,0.23688,0.17742,0.47166,0.82712,0.9749
plantview__langdon_4__20-02-24,203,0.14862,0.20662,0.28389,0.24114,0.45418,0.72975,0.90418,1.11879,0.13098,0.17485,0.23967,0.19699,0.52847,0.80801,0.96069
plantview__langdon_4__20-02-24,204,0.20807,0.2876,0.36185,0.3196,0.28375,0.54788,0.84167,1.22208,0.16726,0.21622,0.27215,0.22977,0.32564,0.77868,0.94337
plantview__langdon_4__20-02-24,205,0.24945,0.34247,0.43417,0.40012,0.29538,0.45546,0.70568,1.2659,0.21865,0.27887,0.33672,0.28834,0.20629,0.6403,0.89656
plantview__langdon_4__20-02-24,206,0.2517,0.34852,0.44967,0.4101,0.3051,0.46435,0.68968,1.24694,0.22895,0.29396,0.35569,0.30228,0.18264,0.61009,0.86146
plantview__langdon_4__20-02-24,207,0.26255,0.3701,0.48303,0.4372,0.29664,0.45614,0.6431,1.2974,0.25046,0.32184,0.38012,0.31357,0.13897,0.49445,0.85584
plantview__langdon_4__20-02-24,208,0.25194,0.35909,0.48111,0.42991,0.34644,0.4647,0.6621,1.28904,0.26236,0.33609,0.391,0.31802,0.11659,0.43264,0.85243
plantview__langdon_4__20-02-24,209,0.25517,0.36805,0.50171,0.44037,0.35877,0.45157,0.64626,1.30465,0.27049,0.34522,0.40905,0.32484,0.11191,0.38498,0.85863
plantview__langdon_4__20-02-24,210,0.2691,0.38871,0.50699,0.45998,0.33094,0.44458,0.59004,1.36194,0.2942,0.36592,0.40723,0.3321,0.1025,0.3112,0.87114
plantview__langdon_4__20-02-24,211,0.2717,0.3635,0.46604,0.4431,0.20942,0.46897,0.63288,1.32652,0.32767,0.37371,0.41824,0.36073,0.10622,0.29148,0.83419
plantview__langdon_4__20-02-24,212,0.29051,0.39689,0.53626,0.4645,0.16285,0.43012,0.60729,1.39567,0.34659,0.391,0.49202,0.3766,0.13334,0.36796,0.71103
plantview__langdon_4__20-02-24,213,0.31928,0.43626,0.52233,0.49096,0.1257,0.35929,0.5285,1.49037,0.36826,0.39938,0.47023,0.38798,0.18378,0.41401,0.63189
plantview__langdon_4__20-02-24,214,0.33236,0.453,0.52538,0.47518,0.09024,0.2573,0.53031,1.51574,0.35629,0.37218,0.4655,0.37764,0.25631,0.50055,0.66616
plantview__langdon_4__20-02-24,215,0.3469,0.47689,0.53813,0.48864,0.06861,0.2257,0.50883,1.55149,0.34766,0.35469,0.46199,0.37902,0.32814,0.54993,0.67788
plantview__langdon_4__20-02-24,216,0.34699,0.49245,0.88764,0.4839,0.0438,0.21644,0.49812,1.55727,0.33079,0.34082,0.82162,0.36977,0.36412,0.57784,0.70581
plantview__langdon_4__20-02-24,217,0.35617,0.50645,0.5705,0.50838,0.05516,0.21086,0.45292,1.58216,0.32211,0.32999,0.42487,0.36069,0.33792,0.56468,0.7231
plantview__langdon_4__20-02-24,218,0.34074,0.48124,0.53933,0.46329,0.05236,0.19741,0.52401,1.52962,0.31011,0.31306,0.40205,0.34699,0.32911,0.61297,0.74289
plantview__langdon_4__20-02-24,219,0.32935,0.47807,0.86952,0.45636,0.07851,0.22627,0.57398,1.5069,0.30472,0.3353,0.79809,0.34765,0.33457,0.5771,0.76575
plantview__langdon_4__20-02-24,220,0.35213,0.49887,0.56299,0.49462,0.05112,0.19811,0.50278,1.54365,0.31158,0.3249,0.42025,0.35252,0.3339,0.57063,0.73454
plantview__langdon_4__20-02-24,221,0.35954,0.50202,0.56157,0.50684,0.05118,0.1862,0.49396,1.56497,0.33891,0.34887,0.45262,0.37647,0.33405,0.54818,0.71285
plantview__langdon_4__20-02-24,222,0.33678,0.46467,0.53378,0.47142,0.07196,0.23554,0.55348,1.5331,0.34436,0.35658,0.46468,0.37232,0.31049,0.52983,0.69707
plantview__langdon_4__20-02-24,223,0.33202,0.46038,0.627,0.48552,0.08506,0.26051,0.55474,1.50741,0.35723,0.3838,0.5714,0.38467,0.25912,0.4681,0.65917
plantview__langdon_4__20-02-24,224,0.31853,0.4394,0.73269,0.49086,0.11846,0.35182,0.56992,1.45466,0.36425,0.40609,0.69382,0.38966,0.17582,0.39167,0.64558
plantview__langdon_4__20-02-24,225,0.2949,0.4038,0.53366,0.48034,0.16796,0.42014,0.60428,1.40996,0.34641,0.39156,0.48308,0.38204,0.14252,0.37968,0.68988
plantview__langdon_4__20-02-24,226,0.27166,0.37052,0.54543,0.4484,0.20948,0.46771,0.63187,1.35267,0.32313,0.37199,0.49795,0.35869,0.11758,0.32857,0.83188
plantview__langdon_4__20-02-24,227,0.26947,0.39407,0.53157,0.46216,0.33204,0.44545,0.57682,1.36854,0.29776,0.37378,0.43586,0.33382,0.09432,0.29151,0.87638
plantview__langdon_4__20-02-24,228,0.26441,0.38054,0.49401,0.44864,0.32893,0.42988,0.60818,1.33111,0.26996,0.34123,0.38441,0.31758,0.13024,0.34148,0.88597
plantview__langdon_4__20-02-24,229,0.26523,0.37497,0.48653,0.4454,0.31638,0.44856,0.61484,1.31314,0.26748,0.33885,0.38272,0.31933,0.10892,0.39427,0.86532
plantview__langdon_4__20-02-24,230,0.26158,0.36605,0.4752,0.44025,0.3053,0.46432,0.63732,1.28644,0.25342,0.32359,0.37618,0.32008,0.13763,0.4938,0.84096
plantview__langdon_4__20-02-24,231,0.25182,0.34826,0.51234,0.40648,0.27483,0.46176,0.7069,1.27348,0.22718,0.28925,0.43001,0.2948,0.19617,0.62001,0.86564
plantview__langdon_4__20-02-24,232,0.23067,0.31488,0.40604,0.37084,0.30949,0.50936,0.75097,1.24086,0.2072,0.26372,0.32149,0.27429,0.23307,0.66616,0.89282
plantview__langdon_4__20-02-24,233,0.19558,0.2706,0.36297,0.3082,0.29538,0.62208,0.85756,1.19815,0.15725,0.2066,0.29108,0.22953,0.40715,0.773,0.93526
plantview__langdon_4__20-02-24,234,0.18215,0.2519,0.31838,0.27507,0.31547,0.64214,0.88011,1.17578,0.15271,0.20394,0.27281,0.21334,0.45331,0.76931,0.94013
plantview__langdon_4__20-02-24,235,0.16045,0.22131,0.30595,0.24456,0.42041,0.65913,0.92371,1.12758,0.14357,0.19044,0.26209,0.19647,0.42462,0.78639,0.96252
plantview__langdon_4__20-02-24,236,0.14033,0.19109,0.25624,0.22222,0.4824,0.74743,0.93959,1.1084,0.12591,0.16626,0.22163,0.18514,0.53589,0.83158,0.95849
plantview__langdon_4__20-02-24,237,0.16707,0.23024,0.30374,0.26466,0.38379,0.6923,0.89643,1.15139,0.15518,0.20653,0.27302,0.21934,0.43337,0.76687,0.9415
plantview__langdon_4__20-02-24,238,0.17238,0.23704,0.3289,0.29628,0.4232,0.6884,0.86152,1.14272,0.15413,0.20271,0.27945,0.24265,0.46847,0.76072,0.92223
plantview__langdon_4__20-02-24,239,0.2145,0.29468,0.38921,0.34959,0.34918,0.55039,0.78165,1.19602,0.19291,0.24972,0.31443,0.26774,0.2709,0.6858,0.89189
plantview__langdon_4__20-02-24,240,0.23804,0.33053,0.43182,0.3911,0.33042,0.50024,0.70607,1.22661,0.223,0.2875,0.34603,0.2942,0.1897,0.60236,0.86677
plantview__langdon_4__20-02-24,241,0.25558,0.36293,0.72383,0.42423,0.30202,0.47075,0.66494,1.26135,0.24245,0.31553,0.66411,0.31283,0.15141,0.54632,0.85285
plantview__langdon_4__20-02-24,242,0.25386,0.36363,0.50259,0.41723,0.30656,0.45783,0.64173,1.28678,0.24671,0.31833,0.40407,0.29764,0.11679,0.47322,0.90062
plantview__langdon_4__20-02-24,243,0.27089,0.39515,0.52071,0.44644,0.30901,0.40884,0.5674,1.36383,0.26685,0.34059,0.40053,0.30095,0.12112,0.33959,0.91539
plantview__langdon_4__20-02-24,244,0.28336,0.42619,0.627,0.48412,0.29978,0.4104,0.55262,1.40648,0.29143,0.37645,0.5213,0.33227,0.11288,0.32649,0.87159
plantview__langdon_4__20-02-24,245,0.28568,0.38842,0.49746,0.47919,0.19219,0.45039,0.61405,1.38793,0.34499,0.39662,0.45381,0.38214,0.11385,0.34597,0.71408
plantview__langdon_4__20-02-24,246,0.31179,0.42679,0.52883,0.51534,0.14643,0.40212,0.58092,1.44088,0.36626,0.41397,0.4803,0.40538,0.1551,0.37344,0.6214
plantview__langdon_4__20-02-24,247,0.32484,0.44546,0.53315,0.50824,0.10678,0.32752,0.59941,1.46765,0.36771,0.40688,0.48793,0.40366,0.23472,0.40951,0.59931
plantview__langdon_4__20-02-24,248,0.34206,0.47245,0.5493,0.51152,0.09975,0.25095,0.51971,1.53912,0.36125,0.39109,0.48396,0.3887,0.26224,0.45159,0.65466
plantview__langdon_4__20-02-24,249,0.3495,0.4865,0.55019,0.50102,0.07806,0.20463,0.52441,1.55321,0.33755,0.35824,0.46116,0.37326,0.31219,0.53143,0.7043
plantview__langdon_4__20-02-24,250,0.35687,0.51697,0.65657,0.51463,0.05585,0.18724,0.51488,1.55383,0.31966,0.35218,0.53244,0.36644,0.3125,0.54979,0.73162
plantview__langdon_4__20-02-24,251,0.3482,0.49752,0.55661,0.48484,0.05002,0.17275,0.53102,1.54047,0.29029,0.30701,0.3976,0.33461,0.34662,0.60581,0.76486
plantview__langdon_4__20-02-24,252,0.33296,0.47751,0.53867,0.44632,0.05464,0.1788,0.57611,1.49311,0.27525,0.28796,0.37752,0.31928,0.34468,0.65353,0.78932
plantview__langdon_4__20-02-24,253,0.34038,0.49228,0.54708,0.46053,0.06227,0.16024,0.54394,1.50887,0.2601,0.27232,0.35435,0.30881,0.39032,0.6587,0.79854
plantview__langdon_4__20-02-24,254,0.33645,0.48436,0.55381,0.46041,0.05539,0.18705,0.54647,1.53208,0.26347,0.27247,0.38412,0.31312,0.41353,0.66404,0.77522
plantview__langdon_4__20-02-24,255,0.34167,0.49457,0.60829,0.48867,0.07133,0.212,0.54068,1.55142,0.29445,0.3175,0.47313,0.34159,0.36449,0.58489,0.74416
plantview__langdon_4__20-02-24,256,0.34615,0.48972,0.56563,0.49935,0.08618,0.21117,0.52957,1.5574,0.32046,0.34229,0.45329,0.35891,0.33178,0.54096,0.71731
plantview__langdon_4__20-02-24,257,0.33539,0.46771,0.54362,0.50384,0.10681,0.27361,0.53804,1.52897,0.34105,0.37034,0.45748,0.37303,0.27735,0.4657,0.65901
plantview__langdon_4__20-02-24,258,0.33076,0.45736,0.54815,0.52258,0.12699,0.32669,0.55523,1.49111,0.35922,0.39993,0.48051,0.39533,0.23302,0.40027,0.62059
plantview__langdon_4__20-02-24,259,0.30121,0.41593,0.51288,0.49044,0.16958,0.38845,0.60128,1.4407,0.33286,0.37714,0.44394,0.37345,0.20656,0.40685,0.68875
plantview__langdon_4__20-02-24,260,0.26946,0.36404,0.4578,0.43025,0.19203,0.4493,0.69079,1.33294,0.30269,0.34854,0.40203,0.34287,0.16774,0.3921,0.83158
plantview__langdon_4__20-02-24,261,0.27289,0.40582,0.51503,0.45201,0.30145,0.40325,0.58622,1.37527,0.26862,0.34409,0.3891,0.30787,0.13982,0.37409,0.90293
plantview__langdon_4__20-02-24,262,0.25135,0.36654,0.47617,0.39932,0.31584,0.41828,0.63328,1.29719,0.24034,0.3103,0.36057,0.27538,0.12661,0.42881,0.9358
plantview__langdon_4__20-02-24,263,0.25034,0.36051,0.46181,0.40182,0.31287,0.44424,0.64189,1.27196,0.23791,0.31041,0.35192,0.28301,0.12341,0.47531,0.91097
plantview__langdon_4__20-02-24,264,0.24605,0.35098,0.51212,0.40466,0.31587,0.48275,0.66902,1.25382,0.2384,0.31172,0.42853,0.29749,0.14329,0.53553,0.88579
plantview__langdon_4__20-02-24,265,0.22185,0.3083,0.40307,0.35425,0.34133,0.52829,0.72938,1.20775,0.20718,0.2677,0.31987,0.26637,0.22044,0.63014,0.90743
plantview__langdon_4__20-02-24,266,0.21458,0.29769,0.38987,0.34515,0.3438,0.5503,0.75453,1.20155,0.19466,0.25388,0.31051,0.25951,0.25495,0.65754,0.90505
plantview__langdon_4__20-02-24,267,0.1712,0.23489,0.31713,0.28145,0.39526,0.69141,0.87438,1.14243,0.15236,0.20081,0.27299,0.23078,0.48037,0.75555,0.93018
plantview__langdon_4__20-02-24,268,0.15564,0.2181,0.45261,0.26099,0.45765,0.7225,0.89454,1.1127,0.14638,0.19976,0.43351,0.22315,0.51311,0.75266,0.93867
plantview__langdon_4__20-02-24,269,0.12756,0.17335,0.24553,0.21301,0.53971,0.78892,0.94045,1.0791,0.11776,0.15491,0.21821,0.1867,0.60151,0.84573,0.95622
plantview__langdon_4__20-02-24,270,0.12459,0.16874,0.2498,0.21588,0.5692,0.79768,0.93516,1.06535,0.11555,0.15211,0.22763,0.19404,0.6153,0.84383,0.94648
plantview__langdon_4__20-02-24,271,0.14702,0.20152,0.28529,0.2504,0.50453,0.73429,0.90068,1.10354,0.13299,0.17561,0.24784,0.21224,0.54629,0.807,0.9338
plantview__langdon_4__20-02-24,272,0.19064,0.26158,0.3356,0.29863,0.33771,0.61701,0.84033,1.17498,0.15691,0.2041,0.26048,0.22365,0.40286,0.75166,0.93446
plantview__langdon_4__20-02-24,273,0.19802,0.27445,0.35695,0.31134,0.36016,0.56909,0.80336,1.17178,0.17323,0.22718,0.28012,0.23416,0.32536,0.69427,0.94152
plantview__langdon_4__20-02-24,274,0.22707,0.32083,0.41678,0.36672,0.32124,0.50088,0.71786,1.22445,0.20873,0.27366,0.32591,0.26976,0.20944,0.62069,0.91316
plantview__langdon_4__20-02-24,275,0.24384,0.35501,0.50071,0.40575,0.32066,0.46437,0.67429,1.25099,0.2329,0.3123,0.41244,0.29744,0.14901,0.51327,0.89837
plantview__langdon_4__20-02-24,276,0.24263,0.35098,0.45242,0.39142,0.31813,0.44301,0.6836,1.26762,0.23242,0.30424,0.34827,0.27904,0.13053,0.49685,0.92314
plantview__langdon_4__20-02-24,277,0.25536,0.37286,0.47358,0.41098,0.31701,0.41039,0.63595,1.31874,0.24401,0.31524,0.35267,0.27906,0.12727,0.41534,0.93259
plantview__langdon_4__20-02-24,278,0.26401,0.3898,0.49023,0.42353,0.30442,0.39428,0.60342,1.38775,0.25834,0.32424,0.36615,0.28597,0.16554,0.43091,0.92755
plantview__langdon_4__20-02-24,279,0.27485,0.37401,0.46391,0.43089,0.17555,0.4222,0.67023,1.3659,0.30758,0.35198,0.40859,0.34053,0.19486,0.40561,0.79495
plantview__langdon_4__20-02-24,280,0.29155,0.3982,0.49004,0.44618,0.14601,0.38336,0.65375,1.39696,0.3177,0.35918,0.43021,0.35022,0.2174,0.41917,0.7323
plantview__langdon_4__20-02-24,281,0.32155,0.43979,0.52311,0.48915,0.10268,0.32571,0.60118,1.4347,0.34387,0.38382,0.4576,0.37878,0.21375,0.41547,0.65541
plantview__langdon_4__20-02-24,282,0.33434,0.46243,0.53063,0.48411,0.08781,0.24198,0.55673,1.50336,0.33831,0.36617,0.45375,0.36719,0.27481,0.47804,0.68531
plantview__langdon_4__20-02-24,283,0.34644,0.48444,0.55167,0.50338,0.08613,0.23121,0.51849,1.55181,0.33375,0.35646,0.44954,0.36609,0.29061,0.50794,0.71046
plantview__langdon_4__20-02-24,284,0.35469,0.50522,0.56738,0.50676,0.06051,0.20474,0.49085,1.59226,0.31063,0.32509,0.42474,0.35106,0.35126,0.58198,0.74307
plantview__langdon_4__20-02-24,285,0.34015,0.49076,0.59786,0.47155,0.04793,0.19119,0.54063,1.55333,0.27666,0.29346,0.45022,0.32102,0.36994,0.63898,0.78483
plantview__langdon_4__20-02-24,286,0.3542,0.52122,0.58873,0.49791,0.06714,0.17065,0.48821,1.56922,0.27965,0.29564,0.38813,0.32875,0.37152,0.62811,0.78433
plantview__langdon_4__20-02-24,287,0.35032,0.51942,0.7457,0.4981,0.06504,0.18175,0.51074,1.57306,0.28873,0.31301,0.60355,0.33391,0.3311,0.60966,0.7774
plantview__langdon_4__20-02-24,288,0.34349,0.49687,0.56695,0.48169,0.0501,0.19436,0.5491,1.57524,0.29066,0.30515,0.4091,0.33431,0.36072,0.61891,0.76963
plantview__langdon_4__20-02-24,289,0.35806,0.50933,0.57862,0.5219,0.06321,0.21047,0.51403,1.59211,0.33563,0.36041,0.45835,0.37119,0.27651,0.5357,0.72493
plantview__langdon_4__20-02-24,290,0.34516,0.4845,0.55147,0.50424,0.09022,0.23674,0.52305,1.55549,0.33076,0.35549,0.44634,0.36344,0.28895,0.50801,0.71137
plantview__langdon_4__20-02-24,291,0.34037,0.47781,0.61574,0.51046,0.11889,0.25332,0.49867,1.54597,0.33835,0.37083,0.5301,0.36831,0.25079,0.47491,0.69365
plantview__langdon_4__20-02-24,292,0.31881,0.44058,0.51921,0.48129,0.13168,0.32884,0.54922,1.48169,0.33468,0.37037,0.44353,0.36063,0.2139,0.4477,0.69744
plantview__langdon_4__20-02-24,293,0.30253,0.41531,0.50503,0.4747,0.15963,0.38144,0.57318,1.42541,0.33003,0.37579,0.43276,0.3572,0.16651,0.38219,0.71959
plantview__langdon_4__20-02-24,294,0.26499,0.35958,0.4488,0.4133,0.19507,0.44468,0.67085,1.34228,0.29667,0.34187,0.39047,0.32529,0.15681,0.39139,0.86331
plantview__langdon_4__20-02-24,295,0.27514,0.40714,0.51267,0.44843,0.29835,0.38719,0.56647,1.39866,0.26744,0.33967,0.38375,0.29902,0.15094,0.39727,0.91481
plantview__langdon_4__20-02-24,296,0.2593,0.3793,0.48234,0.42076,0.32355,0.41372,0.6012,1.33193,0.25407,0.32813,0.3641,0.28661,0.12159,0.37947,0.92751
plantview__langdon_4__20-02-24,297,0.25545,0.37043,0.47524,0.41695,0.3193,0.42618,0.63625,1.30902,0.24528,0.32095,0.3637,0.28787,0.12421,0.4376,0.919
plantview__langdon_4__20-02-24,298,0.24749,0.35359,0.45762,0.40152,0.31275,0.45392,0.67152,1.25957,0.23456,0.30772,0.3587,0.28864,0.14471,0.51248,0.90066
plantview__langdon_4__20-02-24,299,0.23871,0.33809,0.44137,0.38009,0.31074,0.4681,0.69741,1.24559,0.22096,0.28857,0.34541,0.27363,0.16897,0.56897,0.90739
plantview__langdon_4__20-02-24,300,0.21924,0.31073,0.67823,0.34249,0.32066,0.50568,0.76598,1.20843,0.19374,0.25751,0.62951,0.2499,0.22665,0.65125,0.93606
plantview__langdon_4__20-02-24,301,0.16134,0.22058,0.29992,0.26052,0.43987,0.67575,0.88198,1.10379,0.1484,0.19459,0.25639,0.21829,0.45938,0.75866,0.92878
plantview__langdon_4__20-02-24,302,0.14899,0.20768,0.32837,0.25015,0.46336,0.72093,0.9064,1.1106,0.13075,0.17557,0.28945,0.20713,0.53254,0.82914,0.93877
plantview__langdon_4__20-02-24,303,0.13182,0.17691,0.25391,0.22499,0.53763,0.79897,0.92785,1.07699,0.1206,0.15623,0.2282,0.20029,0.60324,0.8506,0.94075
plantview__langdon_4__20-02-24,304,0.14383,0.19338,0.27633,0.24092,0.48484,0.76285,0.92531,1.09361,0.12332,0.15837,0.24012,0.20743,0.60686,0.84463,0.93918
plantview__langdon_4__20-02-24,305,0.15251,0.20816,0.28622,0.25038,0.46646,0.72335,0.90317,1.10633,0.1368,0.17783,0.24295,0.21065,0.53843,0.81006,0.93368
plantview__langdon_4__20-02-24,306,0.17345,0.23963,0.31959,0.27634,0.40371,0.63782,0.86679,1.12611,0.15856,0.20802,0.26491,0.22375,0.39029,0.74733,0.93017
plantview__langdon_4__20-02-24,307,0.21723,0.30303,0.39052,0.34126,0.33307,0.52106,0.75622,1.18911,0.19835,0.25903,0.30981,0.25697,0.23256,0.63518,0.91616
plantview__langdon_4__20-02-24,308,0.23744,0.33718,0.43455,0.38207,0.31742,0.46912,0.70597,1.23379,0.21975,0.28921,0.33885,0.27746,0.16598,0.59178,0.9012
plantview__langdon_4__20-02-24,309,0.24264,0.34639,0.4467,0.39204,0.33283,0.45493,0.68121,1.25273,0.23485,0.30788,0.35138,0.28364,0.12633,0.50743,0.89469
plantview__langdon_4__20-02-24,310,0.25086,0.36359,0.46696,0.4088,0.3377,0.4336,0.63736,1.28836,0.24277,0.31865,0.35815,0.2846,0.11968,0.43407,0.91669
plantview__langdon_4__20-02-24,311,0.25757,0.37692,0.48024,0.41695,0.32323,0.41889,0.613,1.31656,0.25501,0.33088,0.36927,0.28929,0.12119,0.37012,0.9243
plantview__langdon_4__20-02-24,312,0.2808,0.41631,0.52475,0.46616,0.30635,0.39048,0.56306,1.41029,0.28231,0.36005,0.40362,0.31462,0.14497,0.3686,0.90113
plantview__langdon_4__20-02-24,313,0.28087,0.383,0.47527,0.4433,0.20076,0.41541,0.60944,1.36601,0.31108,0.36053,0.40839,0.33909,0.14542,0.35448,0.8191
plantview__langdon_4__20-02-24,314,0.29673,0.40702,0.49549,0.46391,0.17438,0.37829,0.58266,1.4306,0.321,0.36136,0.41902,0.34798,0.18427,0.41153,0.72976
plantview__langdon_4__20-02-24,315,0.31927,0.44609,0.61588,0.49379,0.13851,0.34458,0.53031,1.47771,0.33235,0.37504,0.5404,0.36278,0.20439,0.43775,0.6816
plantview__langdon_4__20-02-24,316,0.34569,0.48251,0.55581,0.5212,0.10517,0.25875,0.46793,1.54741,0.33422,0.36389,0.45121,0.3691,0.28257,0.48172,0.67924
plantview__langdon_4__20-02-24,317,0.34688,0.48875,0.571,0.50149,0.08607,0.22853,0.48325,1.56432,0.3184,0.33743,0.45542,0.35564,0.32309,0.54865,0.72341
plantview__langdon_4__20-02-24,318,0.36043,0.52033,0.68836,0.5264,0.07122,0.21337,0.44222,1.61955,0.31052,0.32825,0.5576,0.35342,0.35475,0.57031,0.74143
plantview__langdon_4__20-02-24,319,0.36488,0.52915,0.59343,0.52665,0.03829,0.19151,0.47243,1.60538,0.31089,0.3279,0.41835,0.354,0.34427,0.56639,0.74557
plantview__langdon_4__20-02-24,320,0.35803,0.52275,0.58591,0.49883,0.04148,0.17163,0.47492,1.5755,0.28687,0.29773,0.38838,0.33415,0.37951,0.63208,0.77322
plantview__langdon_4__20-02-24,321,0.34161,0.50296,0.58592,0.47041,0.05605,0.20226,0.49587,1.5622,0.27407,0.28207,0.39855,0.31988,0.40241,0.65224,0.77355
plantview__langdon_4__20-02-24,322,0.33913,0.49024,0.55185,0.47606,0.07075,0.22182,0.48838,1.58869,0.2787,0.2816,0.37608,0.32453,0.42871,0.65228,0.75625
plantview__langdon_4__20-02-24,323,0.34145,0.49491,0.6222,0.48659,0.08404,0.2294,0.4832,1.58157,0.28968,0.30287,0.48522,0.33732,0.41149,0.61802,0.74521
plantview__langdon_4__20-02-24,324,0.32949,0.46674,0.56371,0.46226,0.08196,0.23836,0.53195,1.52872,0.29552,0.31211,0.45256,0.33784,0.37385,0.59774,0.73882
plantview__langdon_4__20-02-24,325,0.30601,0.42308,0.48447,0.42791,0.11208,0.28498,0.57529,1.48456,0.29625,0.31353,0.39233,0.32305,0.30331,0.5659,0.743
plantview__langdon_4__20-02-24,326,0.29735,0.41055,0.49023,0.44663,0.15419,0.37471,0.57242,1.44874,0.31487,0.34812,0.40655,0.33554,0.19641,0.45228,0.74876
plantview__langdon_4__20-02-24,327,0.27803,0.38039,0.46609,0.42787,0.18335,0.40993,0.63387,1.39568,0.30647,0.34512,0.3976,0.33065,0.18113,0.42419,0.79717
plantview__langdon_4__20-02-24,328,0.2455,0.3339,0.41433,0.3662,0.21715,0.45504,0.71344,1.3092,0.267,0.30809,0.34788,0.28736,0.16232,0.42018,0.94285
plantview__langdon_4__20-02-24,329,0.26497,0.39427,0.50623,0.43506,0.31151,0.40724,0.60892,1.36299,0.25922,0.33401,0.38368,0.29527,0.1523,0.38554,0.92173
plantview__langdon_4__20-02-24,330,0.25064,0.36816,0.47164,0.40368,0.32371,0.427,0.65134,1.29694,0.23896,0.31206,0.35538,0.27884,0.14169,0.44182,0.93414
plantview__langdon_4__20-02-24,331,0.24653,0.35742,0.45977,0.39525,0.33542,0.42603,0.65983,1.28084,0.23848,0.31172,0.35355,0.27809,0.12422,0.46038,0.9342
plantview__langdon_4__20-02-24,332,0.24081,0.34433,0.44139,0.38307,0.30086,0.46099,0.69242,1.24694,0.22008,0.28981,0.33831,0.27167,0.16727,0.55642,0.90976
plantview__langdon_4__20-02-24,333,0.22073,0.31272,0.40672,0.35025,0.33475,0.49636,0.74756,1.20109,0.20438,0.2689,0.32213,0.26095,0.20925,0.61996,0.90641
plantview__langdon_4__20-02-24,334,0.21067,0.29461,0.38046,0.32641,0.33676,0.52078,0.78476,1.19961,0.1932,0.25177,0.2985,0.24182,0.22566,0.66078,0.93861
plantview__langdon_4__20-02-24,335,0.18753,0.25536,0.33311,0.28983,0.37121,0.59697,0.85145,1.15362,0.16883,0.21617,0.26819,0.22738,0.33096,0.7345,0.93983
plantview__langdon_4__20-02-24,336,0.17228,0.23563,0.31705,0.27879,0.40461,0.66928,0.8767,1.14361,0.15243,0.19666,0.26104,0.2245,0.43799,0.78159,0.93264
plantview__langdon_4__20-02-24,337,0.15972,0.21788,0.30584,0.25753,0.40488,0.72688,0.9147,1.12709,0.12607,0.16258,0.25537,0.20958,0.5939,0.84701,0.93523
