sequence_id,pose_fail,proxy_model,frame_idx,anchor_value
plantview__langdon_4__05-03-24,False,da3,0,0.5012101196600554
plantview__langdon_4__05-03-24,False,da3,1,0.5118607701720117
plantview__langdon_4__05-03-24,False,da3,2,0.5534147796947135
plantview__langdon_4__05-03-24,False,da3,3,0.581244447114554
plantview__langdon_4__05-03-24,False,da3,4,0.5723151804869464
plantview__langdon_4__05-03-24,False,da3,5,0.6351448916298936
plantview__langdon_4__05-03-24,False,da3,6,0.632957036984156
plantview__langdon_4__05-03-24,False,da3,7,0.6688942604127708
plantview__langdon_4__05-03-24,False,da3,8,0.7775967750857932
plantview__langdon_4__05-03-24,False,da3,9,0.7870452069649142
plantview__langdon_4__05-03-24,False,da3,10,0.8038415015350836
plantview__langdon_4__05-03-24,False,da3,11,0.8289108571738302
plantview__langdon_4__05-03-24,False,da3,12,0.8431239559135228
plantview__langdon_4__05-03-24,False,da3,13,0.8290430685656394
plantview__langdon_4__05-03-24,False,da3,14,0.8075849611223279
plantview__langdon_4__05-03-24,False,da3,15,0.8015057997038159
plantview__langdon_4__05-03-24,False,da3,16,0.8313173584135956
plantview__langdon_4__05-03-24,False,da3,17,0.8385164394054164
plantview__langdon_4__05-03-24,False,da3,18,0.869718923846971
plantview__langdon_4__05-03-24,False,da3,19,0.8714355673678251
plantview__langdon_4__05-03-24,False,da3,20,0.85163667140928
plantview__langdon_4__05-03-24,False,da3,21,0.7791968011344672
plantview__langdon_4__05-03-24,False,da3,22,0.7914548685301837
plantview__langdon_4__05-03-24,False,da3,23,0.8581421852823672
plantview__langdon_4__05-03-24,False,da3,24,0.7247819210522919
plantview__langdon_4__05-03-24,False,da3,25,0.678090821580133
plantview__langdon_4__05-03-24,False,da3,26,0.6279080964166213
plantview__langdon_4__05-03-24,False,da3,27,0.6430500375963522
plantview__langdon_4__05-03-24,False,da3,28,0.6304142086219694
plantview__langdon_4__05-03-24,False,da3,29,0.6287068948441603
plantview__langdon_4__05-03-24,False,da3,30,0.5412044550165707
plantview__langdon_4__05-03-24,False,da3,31,0.5816587118497254
plantview__langdon_4__05-03-24,False,da3,32,0.5946116422643979
plantview__langdon_4__05-03-24,False,da3,33,0.5624932864177195
plantview__langdon_4__05-03-24,False,da3,34,0.6441530352399268
plantview__langdon_4__05-03-24,False,da3,35,0.5803442709962678
plantview__langdon_4__05-03-24,False,da3,36,0.6272841420918741
plantview__langdon_4__05-03-24,False,da3,37,0.6479756341935199
plantview__langdon_4__05-03-24,False,da3,38,0.6906913599283068
plantview__langdon_4__05-03-24,False,da3,39,0.7545150069034614
plantview__langdon_4__05-03-24,False,da3,40,0.8301075126041833
plantview__langdon_4__05-03-24,False,da3,41,0.785662103227212
plantview__langdon_4__05-03-24,False,da3,42,0.8572707930587462
plantview__langdon_4__05-03-24,False,da3,43,0.8914070597692936
plantview__langdon_4__05-03-24,False,da3,44,0.9182676376545942
plantview__langdon_4__05-03-24,False,da3,45,0.9334877590180575
plantview__langdon_4__05-03-24,False,da3,46,0.8412795515519937
plantview__langdon_4__05-03-24,False,da3,47,0.8476817644879628
plantview__langdon_4__05-03-24,False,da3,48,0.937221883947054
plantview__langdon_4__05-03-24,False,da3,49,0.8778252181380629
plantview__langdon_4__05-03-24,False,da3,50,0.8974750162910202
plantview__langdon_4__05-03-24,False,da3,51,0.8992811790506661
plantview__langdon_4__05-03-24,False,da3,52,0.8993718843696623
plantview__langdon_4__05-03-24,False,da3,53,0.8888599654269187
plantview__langdon_4__05-03-24,False,da3,54,0.8150698538286405
plantview__langdon_4__05-03-24,False,da3,55,0.8400472170482969
plantview__langdon_4__05-03-24,False,da3,56,0.7634754170202639
plantview__langdon_4__05-03-24,False,da3,57,0.7346146744095505
plantview__langdon_4__05-03-24,False,da3,58,0.6287299000770018
plantview__langdon_4__05-03-24,False,da3,59,0.6121807103018643
plantview__langdon_4__05-03-24,False,da3,60,0.5801425760312399
plantview__langdon_4__05-03-24,False,da3,61,0.6165025513541388
plantview__langdon_4__05-03-24,False,da3,62,0.5939197319906402
plantview__langdon_4__05-03-24,False,da3,63,0.5663911539736046
plantview__langdon_4__05-03-24,False,da3,64,0.613198676525287
plantview__langdon_4__05-03-24,False,da3,65,0.5767754252595592
plantview__langdon_4__05-03-24,False,da3,66,0.6446622227318406
plantview__langdon_4__05-03-24,False,da3,67,0.6115556004942997
plantview__langdon_4__05-03-24,False,da3,68,0.6605290051027577
plantview__langdon_4__05-03-24,False,da3,69,0.727259584311468
plantview__langdon_4__05-03-24,False,da3,70,0.7725964658549102
plantview__langdon_4__05-03-24,False,da3,71,0.7688348787880548
plantview__langdon_4__05-03-24,False,da3,72,0.8592732846433093
plantview__langdon_4__05-03-24,False,da3,73,0.8973434618110128
plantview__langdon_4__05-03-24,False,da3,74,0.8785855809048881
plantview__langdon_4__05-03-24,False,da3,75,0.9319872085857908
plantview__langdon_4__05-03-24,False,da3,76,0.9442779920371291
plantview__langdon_4__05-03-24,False,da3,77,0.9424799149703353
plantview__langdon_4__05-03-24,False,da3,78,0.9296638689324279
plantview__langdon_4__05-03-24,False,da3,79,0.8660757136258409
plantview__langdon_4__05-03-24,False,da3,80,0.8418210312620432
plantview__langdon_4__05-03-24,False,da3,81,0.8646369113443773
plantview__langdon_4__05-03-24,False,da3,82,0.8948562159655189
plantview__langdon_4__05-03-24,False,da3,83,0.9225049598541136
plantview__langdon_4__05-03-24,False,da3,84,0.9192570461980005
plantview__langdon_4__05-03-24,False,da3,85,0.8714746266638774
plantview__langdon_4__05-03-24,False,da3,86,0.886104244915094
plantview__langdon_4__05-03-24,False,da3,87,0.8638224574204931
plantview__langdon_4__05-03-24,False,da3,88,0.7720259237148598
plantview__langdon_4__05-03-24,False,da3,89,0.7379360245077609
plantview__langdon_4__05-03-24,False,da3,90,0.7155619420504682
plantview__langdon_4__05-03-24,False,da3,91,0.700713274335042
plantview__langdon_4__05-03-24,False,da3,92,0.6182504137902534
plantview__langdon_4__05-03-24,False,da3,93,0.6242263838939541
plantview__langdon_4__05-03-24,False,da3,94,0.6301676683604762
plantview__langdon_4__05-03-24,False,da3,95,0.6172033996259465
plantview__langdon_4__05-03-24,False,da3,96,0.5774729215170153
plantview__langdon_4__05-03-24,False,da3,97,0.5987211022725754
plantview__langdon_4__05-03-24,False,da3,98,0.638329874543775
plantview__langdon_4__05-03-24,False,da3,99,0.6755558956230725
plantview__langdon_4__05-03-24,False,da3,100,0.6908009204384973
plantview__langdon_4__05-03-24,False,da3,101,0.6956483222836096
plantview__langdon_4__05-03-24,False,da3,102,0.6985639908387999
plantview__langdon_4__05-03-24,False,da3,103,0.7351231949304053
plantview__langdon_4__05-03-24,False,da3,104,0.8451406193103655
plantview__langdon_4__05-03-24,False,da3,105,0.8609058907402698
plantview__langdon_4__05-03-24,False,da3,106,0.9139250027618755
plantview__langdon_4__05-03-24,False,da3,107,0.9099934467424331
plantview__langdon_4__05-03-24,False,da3,108,0.9381617431742328
plantview__langdon_4__05-03-24,False,da3,109,0.9591830867595689
plantview__langdon_4__05-03-24,False,da3,110,0.851625486406405
plantview__langdon_4__05-03-24,False,da3,111,0.8591080177082258
plantview__langdon_4__05-03-24,False,da3,112,0.8092288702832136
plantview__langdon_4__05-03-24,False,da3,113,0.8469319343908217
plantview__langdon_4__05-03-24,False,da3,114,0.938163571060152
plantview__langdon_4__05-03-24,False,da3,115,0.9037475691728973
plantview__langdon_4__05-03-24,False,da3,116,0.8928392341739666
plantview__langdon_4__05-03-24,False,da3,117,0.8603547559108864
plantview__langdon_4__05-03-24,False,da3,118,0.8370507004086223
plantview__langdon_4__05-03-24,False,da3,119,0.8406180415392561
plantview__langdon_4__05-03-24,False,da3,120,0.8146333867660063
plantview__langdon_4__05-03-24,False,da3,121,0.7361372343916651
plantview__langdon_4__05-03-24,False,da3,122,0.7789488786246603
plantview__langdon_4__05-03-24,False,da3,123,0.728382181121886
plantview__langdon_4__05-03-24,False,da3,124,0.6851709073893533
plantview__langdon_4__05-03-24,False,da3,125,0.629657663821295
plantview__langdon_4__05-03-24,False,da3,126,0.5695672101914125
plantview__langdon_4__05-03-24,False,da3,127,0.5753096722403861
plantview__langdon_4__05-03-24,False,da3,128,0.5781408283265401
plantview__langdon_4__05-03-24,False,da3,129,0.5799592667781024
plantview__langdon_4__05-03-24,False,da3,130,0.6736833810157516
plantview__langdon_4__05-03-24,False,da3,131,0.6965784451785608
plantview__langdon_4__05-03-24,False,da3,132,0.7806308052708122
plantview__langdon_4__05-03-24,False,da3,133,0.757279511953407
plantview__langdon_4__05-03-24,False,da3,134,0.7564349428639474
plantview__langdon_4__05-03-24,False,da3,135,0.7913330365206694
plantview__langdon_4__05-03-24,False,da3,136,0.8472381211927356
plantview__langdon_4__05-03-24,False,da3,137,0.7939732057224942
plantview__langdon_4__05-03-24,False,da3,138,0.8042065049223155
plantview__langdon_4__05-03-24,False,da3,139,0.8652304887477411
plantview__langdon_4__05-03-24,False,da3,140,0.864716243107599
plantview__langdon_4__05-03-24,False,da3,141,0.9079083870942971
plantview__langdon_4__05-03-24,False,da3,142,0.8344307109920037
plantview__langdon_4__05-03-24,False,da3,143,0.8247551574993826
plantview__langdon_4__05-03-24,False,da3,144,0.8306868356865813
plantview__langdon_4__05-03-24,False,da3,145,0.8406648319776759
plantview__langdon_4__05-03-24,False,da3,146,0.9238855327000535
plantview__langdon_4__05-03-24,False,da3,147,0.8507143445087997
plantview__langdon_4__05-03-24,False,da3,148,0.8887514670194447
plantview__langdon_4__05-03-24,False,da3,149,0.8182578461553741
plantview__langdon_4__05-03-24,False,da3,150,0.85154619155954
plantview__langdon_4__05-03-24,False,da3,151,0.8862035499383152
plantview__langdon_4__05-03-24,False,da3,152,0.7734696554734355
plantview__langdon_4__05-03-24,False,da3,153,0.8144406471148192
plantview__langdon_4__05-03-24,False,da3,154,0.745593088053238
plantview__langdon_4__05-03-24,False,da3,155,0.7475870331562137
plantview__langdon_4__05-03-24,False,da3,156,0.6988036587506485
plantview__langdon_4__05-03-24,False,da3,157,0.672604484828574
plantview__langdon_4__05-03-24,False,da3,158,0.6656872005084647
plantview__langdon_4__05-03-24,False,da3,159,0.6199076108132191
plantview__langdon_4__05-03-24,False,da3,160,0.5887755857985869
plantview__langdon_4__05-03-24,False,da3,161,0.6009585934916959
plantview__langdon_4__05-03-24,False,da3,162,0.6360294880643079
plantview__langdon_4__05-03-24,False,da3,163,0.6528154689432846
plantview__langdon_4__05-03-24,False,da3,164,0.6557836719702637
plantview__langdon_4__05-03-24,False,da3,165,0.7222227239529133
plantview__langdon_4__05-03-24,False,da3,166,0.7775574335329023
plantview__langdon_4__05-03-24,False,da3,167,0.7649023753551157
plantview__langdon_4__05-03-24,False,da3,168,0.870931074736117
plantview__langdon_4__05-03-24,False,da3,169,0.8337819441464411
plantview__langdon_4__05-03-24,False,da3,170,0.8520031081784298
plantview__langdon_4__05-03-24,False,da3,171,0.9064631509852703
plantview__langdon_4__05-03-24,False,da3,172,0.8722474196702829
plantview__langdon_4__05-03-24,False,da3,173,0.8754185270893329
plantview__langdon_4__05-03-24,False,da3,174,0.8103759258197024
plantview__langdon_4__05-03-24,False,da3,175,0.78958817878182
plantview__langdon_4__05-03-24,False,da3,176,0.8222267989984064
plantview__langdon_4__05-03-24,False,da3,177,0.7907122490036996
plantview__langdon_4__05-03-24,False,da3,178,0.8763832089177692
plantview__langdon_4__05-03-24,False,da3,179,0.897843780319598
plantview__langdon_4__05-03-24,False,da3,180,0.8841749179786422
plantview__langdon_4__05-03-24,False,da3,181,0.8988972175019991
plantview__langdon_4__05-03-24,False,da3,182,0.8506211847123065
plantview__langdon_4__05-03-24,False,da3,183,0.8538645145778123
plantview__langdon_4__05-03-24,False,da3,184,0.7901334329278875
plantview__langdon_4__05-03-24,False,da3,185,0.705579760409813
plantview__langdon_4__05-03-24,False,da3,186,0.6965510707182612
plantview__langdon_4__05-03-24,False,da3,187,0.6720453853700454
plantview__langdon_4__05-03-24,False,da3,188,0.626234771660655
plantview__langdon_4__05-03-24,False,da3,189,0.6002230206260835
plantview__langdon_4__05-03-24,False,da3,190,0.6053162348675313
plantview__langdon_4__05-03-24,False,da3,191,0.5876399160194143
plantview__langdon_4__05-03-24,False,da3,192,0.5364310302793263
plantview__langdon_4__05-03-24,False,da3,193,0.5175034280028601
plantview__langdon_4__05-03-24,False,da3,194,0.5624316896927224
plantview__langdon_4__05-03-24,False,da3,195,0.5531163304527096
plantview__langdon_4__05-03-24,False,da3,196,0.5986539031328433
plantview__langdon_4__05-03-24,False,da3,197,0.6456040421629015
plantview__langdon_4__05-03-24,False,da3,198,0.6502440532594436
plantview__langdon_4__05-03-24,False,da3,199,0.7007713676943852
plantview__langdon_4__05-03-24,False,da3,200,0.7696718123581808
plantview__langdon_4__05-03-24,False,da3,201,0.825929414679333
plantview__langdon_4__05-03-24,False,da3,202,0.829133062146944
plantview__langdon_4__05-03-24,False,da3,203,0.8757859605363199
plantview__langdon_4__05-03-24,False,da3,204,0.8460773871959466
plantview__langdon_4__05-03-24,False,da3,205,0.8210600420722406
plantview__langdon_4__05-03-24,False,da3,206,0.7664737087871474
plantview__langdon_4__05-03-24,False,da3,207,0.8381338200815154
plantview__langdon_4__05-03-24,False,da3,208,0.8003010637355361
plantview__langdon_4__05-03-24,False,da3,209,0.785243764068903
plantview__langdon_4__05-03-24,False,da3,210,0.8376717730292456
plantview__langdon_4__05-03-24,False,da3,211,0.8355067171637922
plantview__langdon_4__05-03-24,False,da3,212,0.8230674753598202
plantview__langdon_4__05-03-24,False,da3,213,0.8327564714029472
plantview__langdon_4__05-03-24,False,da3,214,0.8014001796712258
plantview__langdon_4__05-03-24,False,da3,215,0.8480017369369983
plantview__langdon_4__05-03-24,False,da3,216,0.7592778469754872
plantview__langdon_4__05-03-24,False,da3,217,0.6835514060841563
plantview__langdon_4__05-03-24,False,da3,218,0.6606753260128281
plantview__langdon_4__05-03-24,False,da3,219,0.6307672242780272
plantview__langdon_4__05-03-24,False,da3,220,0.5868120973978163
plantview__langdon_4__05-03-24,False,da3,221,0.5844643712711722
plantview__langdon_4__05-03-24,False,da3,222,0.5216204934009452
plantview__langdon_4__05-03-24,False,da3,223,0.5472627816138453
plantview__langdon_4__05-03-24,False,da3,224,0.5408963880354697
plantview__langdon_4__05-03-24,False,da3,225,0.5524324883054257
plantview__langdon_4__05-03-24,False,da3,226,0.564045932660407
plantview__langdon_4__05-03-24,False,da3,227,0.5907634267281041
plantview__langdon_4__05-03-24,False,da3,228,0.6074464319465733
plantview__langdon_4__05-03-24,False,da3,229,0.6488872995923916
plantview__langdon_4__05-03-24,False,da3,230,0.6942376447396166
plantview__langdon_4__05-03-24,False,da3,231,0.7470052296369623
plantview__langdon_4__05-03-24,False,da3,232,0.7862464600135008
plantview__langdon_4__05-03-24,False,da3,233,0.8318608741222085
plantview__langdon_4__05-03-24,False,da3,234,0.7684979296900812
plantview__langdon_4__05-03-24,False,da3,235,0.795386825754246
plantview__langdon_4__05-03-24,False,da3,236,0.8208056837481625
plantview__langdon_4__05-03-24,False,da3,237,0.8527518551508919
plantview__langdon_4__05-03-24,False,da3,238,0.8534474487484258
plantview__langdon_4__05-03-24,False,da3,239,0.8027981385269087
plantview__langdon_4__05-03-24,False,da3,240,0.799259646675617
plantview__langdon_4__05-03-24,False,da3,241,0.7841954567980667
plantview__langdon_4__05-03-24,False,da3,242,0.8189067314114742
plantview__langdon_4__05-03-24,False,da3,243,0.8388269099147287
plantview__langdon_4__05-03-24,False,da3,244,0.8309018618053956
plantview__langdon_4__05-03-24,False,da3,245,0.7161994833010981
plantview__langdon_4__05-03-24,False,da3,246,0.7224490260523876
plantview__langdon_4__05-03-24,False,da3,247,0.6949907799733919
plantview__langdon_4__05-03-24,False,da3,248,0.6582644239834445
plantview__langdon_4__05-03-24,False,da3,249,0.617648081437125
plantview__langdon_4__05-03-24,False,da3,250,0.5715702418286375
plantview__langdon_4__05-03-24,False,da3,251,0.5761385743356016
plantview__langdon_4__05-03-24,False,da3,252,0.5944212884795806
plantview__langdon_4__05-03-24,False,da3,253,0.5944785616023663
plantview__langdon_4__05-03-24,False,da3,254,0.561638287350674
plantview__langdon_4__05-03-24,False,da3,255,0.5709226671179242
plantview__langdon_4__05-03-24,False,da3,256,0.5591547056014484
plantview__langdon_4__05-03-24,False,da3,257,0.5504010098975308
plantview__langdon_4__05-03-24,False,da3,258,0.5894368678318793
plantview__langdon_4__05-03-24,False,da3,259,0.5584331636880637
plantview__langdon_4__05-03-24,False,da3,260,0.596361935004071
plantview__langdon_4__05-03-24,False,da3,261,0.6097287564883318
plantview__langdon_4__05-03-24,False,da3,262,0.6369071766688353
plantview__langdon_4__05-03-24,False,da3,263,0.6895761658933028
plantview__langdon_4__05-03-24,False,da3,264,0.7441279904262125
plantview__langdon_4__05-03-24,False,da3,265,0.7393154343030945
plantview__langdon_4__05-03-24,False,da3,266,0.7986689681750989
plantview__langdon_4__05-03-24,False,da3,267,0.844012176868854
plantview__langdon_4__05-03-24,False,da3,268,0.8594547140093598
plantview__langdon_4__05-03-24,False,da3,269,0.8648541647725092
plantview__langdon_4__05-03-24,False,da3,270,0.7841919108711253
plantview__langdon_4__05-03-24,False,da3,271,0.7618270199936579
plantview__langdon_4__05-03-24,False,da3,272,0.7602548176885034
plantview__langdon_4__05-03-24,False,da3,273,0.8050108348631533
plantview__langdon_4__05-03-24,False,da3,274,0.8023018886919446
plantview__langdon_4__05-03-24,False,da3,275,0.8509781649853587
plantview__langdon_4__05-03-24,False,da3,276,0.8340989110312178
plantview__langdon_4__05-03-24,False,da3,277,0.7771194244201585
plantview__langdon_4__05-03-24,False,da3,278,0.7870412481825739
plantview__langdon_4__05-03-24,False,da3,279,0.7701786933896843
plantview__langdon_4__05-03-24,False,da3,280,0.7500023050801039
plantview__langdon_4__05-03-24,False,da3,281,0.6458736656321389
plantview__langdon_4__05-03-24,False,da3,282,0.6108485584575478
plantview__langdon_4__05-03-24,False,da3,283,0.5755457064860268
plantview__langdon_4__05-03-24,False,da3,284,0.5453522303019998
plantview__langdon_4__05-03-24,False,da3,285,0.5935788055032527
plantview__langdon_4__05-03-24,False,da3,286,0.5640254349924663
plantview__langdon_4__05-03-24,False,da3,287,0.5232522712685241
plantview__langdon_4__05-03-24,False,da3,288,0.5493932667051867
plantview__langdon_4__05-03-24,False,da3,289,0.5279715620359193
plantview__langdon_4__05-03-24,False,da3,290,0.5811849114577867
plantview__langdon_4__05-03-24,False,da3,291,0.5563606906668828
plantview__langdon_4__05-03-24,False,da3,292,0.5516056520748567
plantview__langdon_4__05-03-24,False,da3,293,0.6097152911929224
plantview__langdon_4__05-03-24,False,da3,294,0.6449644722981707
plantview__langdon_4__05-03-24,False,da3,295,0.6981804338426194
plantview__langdon_4__05-03-24,False,da3,296,0.7237350035141371
plantview__langdon_4__05-03-24,False,da3,297,0.7672379991156046
plantview__langdon_4__05-03-24,False,da3,298,0.8134324243945307
plantview__langdon_4__05-03-24,False,da3,299,0.8346741403125141
plantview__langdon_4__05-03-24,False,da3,300,0.8381305529235208
plantview__langdon_4__05-03-24,False,da3,301,0.8172160935335404
plantview__langdon_4__05-03-24,False,da3,302,0.774035593582886
plantview__langdon_4__05-03-24,False,da3,303,0.8284535532404576
plantview__langdon_4__05-03-24,False,da3,304,0.7785505419691621
plantview__langdon_4__05-03-24,False,da3,305,0.766581528740368
plantview__langdon_4__05-03-24,False,da3,306,0.813859311461553
plantview__langdon_4__05-03-24,False,da3,307,0.8230103367578641
plantview__langdon_4__05-03-24,False,da3,308,0.7980435363142743
plantview__langdon_4__05-03-24,False,da3,309,0.7898774034519236
plantview__langdon_4__05-03-24,False,da3,310,0.7721912610394743
plantview__langdon_4__05-03-24,False,da3,311,0.7777975720063264
plantview__langdon_4__05-03-24,False,da3,312,0.7292647998284731
plantview__langdon_4__05-03-24,False,da3,313,0.6595216745932628
plantview__langdon_4__05-03-24,False,da3,314,0.6100819845948828
plantview__langdon_4__05-03-24,False,da3,315,0.5685929074464444
plantview__langdon_4__05-03-24,False,da3,316,0.5437525935445956
plantview__langdon_4__05-03-24,False,da3,317,0.5888221796381392
plantview__langdon_4__05-03-24,False,da3,318,0.5514924704281108
plantview__langdon_4__05-03-24,False,da3,319,0.5459700862696032
plantview__langdon_4__05-03-24,False,unidepth,0,1.1267561088842033
plantview__langdon_4__05-03-24,False,unidepth,1,0.8551639916823095
plantview__langdon_4__05-03-24,False,unidepth,2,0.6026695074126223
plantview__langdon_4__05-03-24,False,unidepth,3,0.7524305856806315
plantview__langdon_4__05-03-24,False,unidepth,4,0.9238143543516562
plantview__langdon_4__05-03-24,False,unidepth,5,1.7605273292978767
plantview__langdon_4__05-03-24,False,unidepth,6,1.8384478418420027
plantview__langdon_4__05-03-24,False,unidepth,7,1.9842850782239874
plantview__langdon_4__05-03-24,False,unidepth,8,1.6794246804789315
plantview__langdon_4__05-03-24,False,unidepth,9,1.736012838567787
plantview__langdon_4__05-03-24,False,unidepth,10,1.9442982605547994
plantview__langdon_4__05-03-24,False,unidepth,11,1.6965751915931762
plantview__langdon_4__05-03-24,False,unidepth,12,1.750635095185265
plantview__langdon_4__05-03-24,False,unidepth,13,1.8035677300376842
plantview__langdon_4__05-03-24,False,unidepth,14,1.9123380879774783
plantview__langdon_4__05-03-24,False,unidepth,15,1.942186785368954
plantview__langdon_4__05-03-24,False,unidepth,16,1.9668466754942622
plantview__langdon_4__05-03-24,False,unidepth,17,2.0466564430170684
plantview__langdon_4__05-03-24,False,unidepth,18,1.9025440709640034
plantview__langdon_4__05-03-24,False,unidepth,19,1.616602838582986
plantview__langdon_4__05-03-24,False,unidepth,20,1.6169243005461524
plantview__langdon_4__05-03-24,False,unidepth,21,1.892327840829681
plantview__langdon_4__05-03-24,False,unidepth,22,1.9567798081370538
plantview__langdon_4__05-03-24,False,unidepth,23,2.1016933432559206
plantview__langdon_4__05-03-24,False,unidepth,24,1.9256138163426026
plantview__langdon_4__05-03-24,False,unidepth,25,1.7413943318468381
plantview__langdon_4__05-03-24,False,unidepth,26,1.2799202705144233
plantview__langdon_4__05-03-24,False,unidepth,27,1.018196169286629
plantview__langdon_4__05-03-24,False,unidepth,28,0.6995145546459594
plantview__langdon_4__05-03-24,False,unidepth,29,0.7443916248874215
plantview__langdon_4__05-03-24,False,unidepth,30,0.790016666010301
plantview__langdon_4__05-03-24,False,unidepth,31,1.650720256805215
plantview__langdon_4__05-03-24,False,unidepth,32,2.1410367293323684
plantview__langdon_4__05-03-24,False,unidepth,33,2.742315608710908
plantview__langdon_4__05-03-24,False,unidepth,34,0.7768407005097988
plantview__langdon_4__05-03-24,False,unidepth,35,0.6676447782700068
plantview__langdon_4__05-03-24,False,unidepth,36,0.7372148645237141
plantview__langdon_4__05-03-24,False,unidepth,37,1.3366879723560037
plantview__langdon_4__05-03-24,False,unidepth,38,1.504840536742966
plantview__langdon_4__05-03-24,False,unidepth,39,1.996960274830729
plantview__langdon_4__05-03-24,False,unidepth,40,2.2207694100428066
plantview__langdon_4__05-03-24,False,unidepth,41,2.026652110295083
plantview__langdon_4__05-03-24,False,unidepth,42,1.89811097988611
plantview__langdon_4__05-03-24,False,unidepth,43,1.8173493381397985
plantview__langdon_4__05-03-24,False,unidepth,44,1.6396680786868498
plantview__langdon_4__05-03-24,False,unidepth,45,1.8748127471533351
plantview__langdon_4__05-03-24,False,unidepth,46,2.066865700989589
plantview__langdon_4__05-03-24,False,unidepth,47,2.030371139525256
plantview__langdon_4__05-03-24,False,unidepth,48,1.8217596978101376
plantview__langdon_4__05-03-24,False,unidepth,49,1.9766190573901283
plantview__langdon_4__05-03-24,False,unidepth,50,1.7284977311146206
plantview__langdon_4__05-03-24,False,unidepth,51,1.4718688216490645
plantview__langdon_4__05-03-24,False,unidepth,52,1.5796192053611795
plantview__langdon_4__05-03-24,False,unidepth,53,1.8124067729755424
plantview__langdon_4__05-03-24,False,unidepth,54,1.8849191000588155
plantview__langdon_4__05-03-24,False,unidepth,55,1.8877525922323302
plantview__langdon_4__05-03-24,False,unidepth,56,1.9359796738575246
plantview__langdon_4__05-03-24,False,unidepth,57,1.6500419844874248
plantview__langdon_4__05-03-24,False,unidepth,58,1.1557334252352236
plantview__langdon_4__05-03-24,False,unidepth,59,0.7233201176637879
plantview__langdon_4__05-03-24,False,unidepth,60,0.5502673410272338
plantview__langdon_4__05-03-24,False,unidepth,61,0.6140326650834047
plantview__langdon_4__05-03-24,False,unidepth,62,1.4415569387397973
plantview__langdon_4__05-03-24,False,unidepth,63,1.224620713932059
plantview__langdon_4__05-03-24,False,unidepth,64,1.1873855798565875
plantview__langdon_4__05-03-24,False,unidepth,65,0.581418115595348
plantview__langdon_4__05-03-24,False,unidepth,66,0.47604496269603547
plantview__langdon_4__05-03-24,False,unidepth,67,0.5793187045743073
plantview__langdon_4__05-03-24,False,unidepth,68,0.782155819257801
plantview__langdon_4__05-03-24,False,unidepth,69,1.058623112958347
plantview__langdon_4__05-03-24,False,unidepth,70,1.6556876545313552
plantview__langdon_4__05-03-24,False,unidepth,71,1.3998629117734347
plantview__langdon_4__05-03-24,False,unidepth,72,1.5490772136597135
plantview__langdon_4__05-03-24,False,unidepth,73,1.3949812447671022
plantview__langdon_4__05-03-24,False,unidepth,74,1.3297044485463898
plantview__langdon_4__05-03-24,False,unidepth,75,1.3239399930690374
plantview__langdon_4__05-03-24,False,unidepth,76,1.4422948967636944
plantview__langdon_4__05-03-24,False,unidepth,77,1.7632889862724066
plantview__langdon_4__05-03-24,False,unidepth,78,1.9080681365773982
plantview__langdon_4__05-03-24,False,unidepth,79,1.9873479520478328
plantview__langdon_4__05-03-24,False,unidepth,80,1.9337523280738083
plantview__langdon_4__05-03-24,False,unidepth,81,1.9045729032289154
plantview__langdon_4__05-03-24,False,unidepth,82,1.9120587470376462
plantview__langdon_4__05-03-24,False,unidepth,83,1.5559443035723393
plantview__langdon_4__05-03-24,False,unidepth,84,1.37174764235216
plantview__langdon_4__05-03-24,False,unidepth,85,1.3392049451915544
plantview__langdon_4__05-03-24,False,unidepth,86,1.6410038666159195
plantview__langdon_4__05-03-24,False,unidepth,87,1.8361891731922508
plantview__langdon_4__05-03-24,False,unidepth,88,1.9709263860654787
plantview__langdon_4__05-03-24,False,unidepth,89,1.1635476348890759
plantview__langdon_4__05-03-24,False,unidepth,90,0.9559616991611316
plantview__langdon_4__05-03-24,False,unidepth,91,0.6983044270856723
plantview__langdon_4__05-03-24,False,unidepth,92,0.4892205236588443
plantview__langdon_4__05-03-24,False,unidepth,93,0.45504399169140386
plantview__langdon_4__05-03-24,False,unidepth,94,0.9713879562206968
plantview__langdon_4__05-03-24,False,unidepth,95,1.130683664770956
plantview__langdon_4__05-03-24,False,unidepth,96,0.9297346112693716
plantview__langdon_4__05-03-24,False,unidepth,97,0.86678294056836
plantview__langdon_4__05-03-24,False,unidepth,98,0.7788168740899492
plantview__langdon_4__05-03-24,False,unidepth,99,0.5060902649251053
plantview__langdon_4__05-03-24,False,unidepth,100,0.7337034580626787
plantview__langdon_4__05-03-24,False,unidepth,101,0.9866790555063971
plantview__langdon_4__05-03-24,False,unidepth,102,0.8767191443635206
plantview__langdon_4__05-03-24,False,unidepth,103,1.4544313607935306
plantview__langdon_4__05-03-24,False,unidepth,104,1.650959817316705
plantview__langdon_4__05-03-24,False,unidepth,105,1.6323554521309551
plantview__langdon_4__05-03-24,False,unidepth,106,1.5025518117775178
plantview__langdon_4__05-03-24,False,unidepth,107,1.6746651500336518
plantview__langdon_4__05-03-24,False,unidepth,108,1.634968017910015
plantview__langdon_4__05-03-24,False,unidepth,109,1.5705703263696358
plantview__langdon_4__05-03-24,False,unidepth,110,1.8011750022426973
plantview__langdon_4__05-03-24,False,unidepth,111,1.958721348325016
plantview__langdon_4__05-03-24,False,unidepth,112,1.8634055310356397
plantview__langdon_4__05-03-24,False,unidepth,113,1.9121182228821765
plantview__langdon_4__05-03-24,False,unidepth,114,1.7190864491786986
plantview__langdon_4__05-03-24,False,unidepth,115,1.8832351797585654
plantview__langdon_4__05-03-24,False,unidepth,116,1.7571494699503505
plantview__langdon_4__05-03-24,False,unidepth,117,2.0602480566040153
plantview__langdon_4__05-03-24,False,unidepth,118,1.7751208040801942
plantview__langdon_4__05-03-24,False,unidepth,119,1.850147184489343
plantview__langdon_4__05-03-24,False,unidepth,120,1.6059788269654458
plantview__langdon_4__05-03-24,False,unidepth,121,1.4886902580318453
plantview__langdon_4__05-03-24,False,unidepth,122,1.234210103273043
plantview__langdon_4__05-03-24,False,unidepth,123,0.9318845660771029
plantview__langdon_4__05-03-24,False,unidepth,124,0.7330671650790783
plantview__langdon_4__05-03-24,False,unidepth,125,0.8675466383780632
plantview__langdon_4__05-03-24,False,unidepth,126,0.8000213487698953
plantview__langdon_4__05-03-24,False,unidepth,127,1.0226716342064095
plantview__langdon_4__05-03-24,False,unidepth,128,0.7956096968050614
plantview__langdon_4__05-03-24,False,unidepth,129,1.0430242623753743
plantview__langdon_4__05-03-24,False,unidepth,130,0.8489931270012369
plantview__langdon_4__05-03-24,False,unidepth,131,0.927989959960238
plantview__langdon_4__05-03-24,False,unidepth,132,1.1757103367020627
plantview__langdon_4__05-03-24,False,unidepth,133,1.529873093098126
plantview__langdon_4__05-03-24,False,unidepth,134,1.624418964943526
plantview__langdon_4__05-03-24,False,unidepth,135,1.58323391509507
plantview__langdon_4__05-03-24,False,unidepth,136,1.7212601144923667
plantview__langdon_4__05-03-24,False,unidepth,137,1.881251676414339
plantview__langdon_4__05-03-24,False,unidepth,138,2.043849899922816
plantview__langdon_4__05-03-24,False,unidepth,139,1.5063573257392764
plantview__langdon_4__05-03-24,False,unidepth,140,1.6469387748661934
plantview__langdon_4__05-03-24,False,unidepth,141,1.7458225137776384
plantview__langdon_4__05-03-24,False,unidepth,142,1.7776238036646999
plantview__langdon_4__05-03-24,False,unidepth,143,1.7184241713796977
plantview__langdon_4__05-03-24,False,unidepth,144,1.4173938741674617
plantview__langdon_4__05-03-24,False,unidepth,145,1.7479063638366141
plantview__langdon_4__05-03-24,False,unidepth,146,1.687291874136606
plantview__langdon_4__05-03-24,False,unidepth,147,1.5374175905401364
plantview__langdon_4__05-03-24,False,unidepth,148,1.4632845263276704
plantview__langdon_4__05-03-24,False,unidepth,149,1.7015754698042431
plantview__langdon_4__05-03-24,False,unidepth,150,1.451572756815751
plantview__langdon_4__05-03-24,False,unidepth,151,1.6801930970952959
plantview__langdon_4__05-03-24,False,unidepth,152,1.7322821993739739
plantview__langdon_4__05-03-24,False,unidepth,153,1.7046330631222282
plantview__langdon_4__05-03-24,False,unidepth,154,1.4246496848645003
plantview__langdon_4__05-03-24,False,unidepth,155,1.103971219970006
plantview__langdon_4__05-03-24,False,unidepth,156,0.8199802086992242
plantview__langdon_4__05-03-24,False,unidepth,157,0.9765136114012756
plantview__langdon_4__05-03-24,False,unidepth,158,1.231001771143259
plantview__langdon_4__05-03-24,False,unidepth,159,0.4775747302642067
plantview__langdon_4__05-03-24,False,unidepth,160,1.4499919002093695
plantview__langdon_4__05-03-24,False,unidepth,161,0.8231694103837188
plantview__langdon_4__05-03-24,False,unidepth,162,1.0822529440469124
plantview__langdon_4__05-03-24,False,unidepth,163,0.7992200034492869
plantview__langdon_4__05-03-24,False,unidepth,164,1.211033529943775
plantview__langdon_4__05-03-24,False,unidepth,165,1.1776937056979337
plantview__langdon_4__05-03-24,False,unidepth,166,1.2573377448586642
plantview__langdon_4__05-03-24,False,unidepth,167,1.4930392117354623
plantview__langdon_4__05-03-24,False,unidepth,168,1.535034842397786
plantview__langdon_4__05-03-24,False,unidepth,169,1.8683085397599386
plantview__langdon_4__05-03-24,False,unidepth,170,2.0584114402815454
plantview__langdon_4__05-03-24,False,unidepth,171,1.5217316478363956
plantview__langdon_4__05-03-24,False,unidepth,172,1.4808640736830365
plantview__langdon_4__05-03-24,False,unidepth,173,1.6396045495138662
plantview__langdon_4__05-03-24,False,unidepth,174,1.7025270622002815
plantview__langdon_4__05-03-24,False,unidepth,175,1.4707053416809572
plantview__langdon_4__05-03-24,False,unidepth,176,1.549124246351056
plantview__langdon_4__05-03-24,False,unidepth,177,1.666054524721868
plantview__langdon_4__05-03-24,False,unidepth,178,1.6186332420418956
plantview__langdon_4__05-03-24,False,unidepth,179,1.4321669290386652
plantview__langdon_4__05-03-24,False,unidepth,180,1.4111047786960562
plantview__langdon_4__05-03-24,False,unidepth,181,1.7146158150031579
plantview__langdon_4__05-03-24,False,unidepth,182,1.6068961494912357
plantview__langdon_4__05-03-24,False,unidepth,183,1.3830588202629597
plantview__langdon_4__05-03-24,False,unidepth,184,1.4903212628148825
plantview__langdon_4__05-03-24,False,unidepth,185,1.1733400590260428
plantview__langdon_4__05-03-24,False,unidepth,186,1.052806544704016
plantview__langdon_4__05-03-24,False,unidepth,187,1.2252021603457592
plantview__langdon_4__05-03-24,False,unidepth,188,0.7405683332125161
plantview__langdon_4__05-03-24,False,unidepth,189,1.3076562022519376
plantview__langdon_4__05-03-24,False,unidepth,190,1.3712201008171463
plantview__langdon_4__05-03-24,False,unidepth,191,1.8831962413541266
plantview__langdon_4__05-03-24,False,unidepth,192,1.5153833322613792
plantview__langdon_4__05-03-24,False,unidepth,193,1.2563538862575043
plantview__langdon_4__05-03-24,False,unidepth,194,0.9889010762634367
plantview__langdon_4__05-03-24,False,unidepth,195,0.9364741845818825
plantview__langdon_4__05-03-24,False,unidepth,196,1.0727236302084893
plantview__langdon_4__05-03-24,False,unidepth,197,1.082764141760469
plantview__langdon_4__05-03-24,False,unidepth,198,1.3665685036590394
plantview__langdon_4__05-03-24,False,unidepth,199,1.323118357488746
plantview__langdon_4__05-03-24,False,unidepth,200,1.4505917117127116
plantview__langdon_4__05-03-24,False,unidepth,201,1.3205908706945815
plantview__langdon_4__05-03-24,False,unidepth,202,1.6248641577721714
plantview__langdon_4__05-03-24,False,unidepth,203,1.4383450798946549
plantview__langdon_4__05-03-24,False,unidepth,204,1.5359142211875998
plantview__langdon_4__05-03-24,False,unidepth,205,1.567194922731213
plantview__langdon_4__05-03-24,False,unidepth,206,1.8223880040803044
plantview__langdon_4__05-03-24,False,unidepth,207,1.8397097497048471
plantview__langdon_4__05-03-24,False,unidepth,208,1.6840703104740842
plantview__langdon_4__05-03-24,False,unidepth,209,1.7425690609530968
plantview__langdon_4__05-03-24,False,unidepth,210,1.8012017387416384
plantview__langdon_4__05-03-24,False,unidepth,211,1.6631724439654025
plantview__langdon_4__05-03-24,False,unidepth,212,1.4237985935458546
plantview__langdon_4__05-03-24,False,unidepth,213,1.4693947795985411
plantview__langdon_4__05-03-24,False,unidepth,214,1.4279705125644577
plantview__langdon_4__05-03-24,False,unidepth,215,1.5717238656497556
plantview__langdon_4__05-03-24,False,unidepth,216,1.3295739396986284
plantview__langdon_4__05-03-24,False,unidepth,217,1.4018676158627024
plantview__langdon_4__05-03-24,False,unidepth,218,1.53107200075867
plantview__langdon_4__05-03-24,False,unidepth,219,1.219098133981357
plantview__langdon_4__05-03-24,False,unidepth,220,0.940401770242793
plantview__langdon_4__05-03-24,False,unidepth,221,1.2319109036574805
plantview__langdon_4__05-03-24,False,unidepth,222,1.3617989373512915
plantview__langdon_4__05-03-24,False,unidepth,223,1.6583863549290092
plantview__langdon_4__05-03-24,False,unidepth,224,2.5039607861264157
plantview__langdon_4__05-03-24,False,unidepth,225,1.8194265891959787
plantview__langdon_4__05-03-24,False,unidepth,226,1.1104413491474587
plantview__langdon_4__05-03-24,False,unidepth,227,0.7333532441828758
plantview__langdon_4__05-03-24,False,unidepth,228,1.0226020533135225
plantview__langdon_4__05-03-24,False,unidepth,229,1.3665672034598935
plantview__langdon_4__05-03-24,False,unidepth,230,1.467078501446768
plantview__langdon_4__05-03-24,False,unidepth,231,1.546124232579448
plantview__langdon_4__05-03-24,False,unidepth,232,1.113574223677627
plantview__langdon_4__05-03-24,False,unidepth,233,1.1751399446379105
plantview__langdon_4__05-03-24,False,unidepth,234,1.5311311611397338
plantview__langdon_4__05-03-24,False,unidepth,235,1.4919277260459611
plantview__langdon_4__05-03-24,False,unidepth,236,1.6657812846334998
plantview__langdon_4__05-03-24,False,unidepth,237,2.0350032256400725
plantview__langdon_4__05-03-24,False,unidepth,238,2.1791798403731564
plantview__langdon_4__05-03-24,False,unidepth,239,2.228689389607199
plantview__langdon_4__05-03-24,False,unidepth,240,1.830539412882747
plantview__langdon_4__05-03-24,False,unidepth,241,1.9266804498094543
plantview__langdon_4__05-03-24,False,unidepth,242,2.0278648168004825
plantview__langdon_4__05-03-24,False,unidepth,243,1.8163961942931435
plantview__langdon_4__05-03-24,False,unidepth,244,1.539161971521311
plantview__langdon_4__05-03-24,False,unidepth,245,1.8509263480667415
plantview__langdon_4__05-03-24,False,unidepth,246,1.4723743509020348
plantview__langdon_4__05-03-24,False,unidepth,247,1.3865750188672363
plantview__langdon_4__05-03-24,False,unidepth,248,1.4661312128358452
plantview__langdon_4__05-03-24,False,unidepth,249,1.6909036333211085
plantview__langdon_4__05-03-24,False,unidepth,250,1.452613298533942
plantview__langdon_4__05-03-24,False,unidepth,251,1.0289626237650955
plantview__langdon_4__05-03-24,False,unidepth,252,0.9632703354899155
plantview__langdon_4__05-03-24,False,unidepth,253,0.972892005683258
plantview__langdon_4__05-03-24,False,unidepth,254,1.4339122695513977
plantview__langdon_4__05-03-24,False,unidepth,255,1.906022898109503
plantview__langdon_4__05-03-24,False,unidepth,256,1.9386118166590516
plantview__langdon_4__05-03-24,False,unidepth,257,1.2441136884416628
plantview__langdon_4__05-03-24,False,unidepth,258,1.0132763990363771
plantview__langdon_4__05-03-24,False,unidepth,259,1.2830823624937258
plantview__langdon_4__05-03-24,False,unidepth,260,1.2412850669308984
plantview__langdon_4__05-03-24,False,unidepth,261,1.589343021599785
plantview__langdon_4__05-03-24,False,unidepth,262,1.9524569967181953
plantview__langdon_4__05-03-24,False,unidepth,263,1.7642578479156457
plantview__langdon_4__05-03-24,False,unidepth,264,1.787601427244835
plantview__langdon_4__05-03-24,False,unidepth,265,1.9288875466270388
plantview__langdon_4__05-03-24,False,unidepth,266,2.0987158079470323
plantview__langdon_4__05-03-24,False,unidepth,267,1.9105229001841035
plantview__langdon_4__05-03-24,False,unidepth,268,2.0383177708406777
plantview__langdon_4__05-03-24,False,unidepth,269,2.220698946470135
plantview__langdon_4__05-03-24,False,unidepth,270,2.3132059736276886
plantview__langdon_4__05-03-24,False,unidepth,271,2.032989649089205
plantview__langdon_4__05-03-24,False,unidepth,272,2.4024687217036713
plantview__langdon_4__05-03-24,False,unidepth,273,2.508807026608279
plantview__langdon_4__05-03-24,False,unidepth,274,2.522367299728905
plantview__langdon_4__05-03-24,False,unidepth,275,2.4134829757722414
plantview__langdon_4__05-03-24,False,unidepth,276,2.18525973126602
plantview__langdon_4__05-03-24,False,unidepth,277,2.0185379983461456
plantview__langdon_4__05-03-24,False,unidepth,278,2.0927384911844715
plantview__langdon_4__05-03-24,False,unidepth,279,2.3123758043727776
plantview__langdon_4__05-03-24,False,unidepth,280,2.1335276510329857
plantview__langdon_4__05-03-24,False,unidepth,281,1.8452042143995744
plantview__langdon_4__05-03-24,False,unidepth,282,2.0569819282009156
plantview__langdon_4__05-03-24,False,unidepth,283,1.6288558562237987
plantview__langdon_4__05-03-24,False,unidepth,284,1.2812607527471322
plantview__langdon_4__05-03-24,False,unidepth,285,1.0669841525266759
plantview__langdon_4__05-03-24,False,unidepth,286,0.9062967977810235
plantview__langdon_4__05-03-24,False,unidepth,287,1.7727295471047992
plantview__langdon_4__05-03-24,False,unidepth,288,1.4483149648698868
plantview__langdon_4__05-03-24,False,unidepth,289,1.0903933023318877
plantview__langdon_4__05-03-24,False,unidepth,290,1.183560950689413
plantview__langdon_4__05-03-24,False,unidepth,291,1.4831098219975618
plantview__langdon_4__05-03-24,False,unidepth,292,1.7863107561885445
plantview__langdon_4__05-03-24,False,unidepth,293,2.287201788757925
plantview__langdon_4__05-03-24,False,unidepth,294,2.106086278256832
plantview__langdon_4__05-03-24,False,unidepth,295,2.176851748742306
plantview__langdon_4__05-03-24,False,unidepth,296,2.4136579415925263
plantview__langdon_4__05-03-24,False,unidepth,297,2.1717506571817844
plantview__langdon_4__05-03-24,False,unidepth,298,2.1625719114468422
plantview__langdon_4__05-03-24,False,unidepth,299,1.9209197493339198
plantview__langdon_4__05-03-24,False,unidepth,300,2.07704301417711
plantview__langdon_4__05-03-24,False,unidepth,301,2.198398736499514
plantview__langdon_4__05-03-24,False,unidepth,302,2.394510030172822
plantview__langdon_4__05-03-24,False,unidepth,303,2.10673045898171
plantview__langdon_4__05-03-24,False,unidepth,304,2.291310249031267
plantview__langdon_4__05-03-24,False,unidepth,305,2.2494468593263672
plantview__langdon_4__05-03-24,False,unidepth,306,1.9612436752591256
plantview__langdon_4__05-03-24,False,unidepth,307,1.8565922191021942
plantview__langdon_4__05-03-24,False,unidepth,308,1.6860894911037043
plantview__langdon_4__05-03-24,False,unidepth,309,2.186985773100994
plantview__langdon_4__05-03-24,False,unidepth,310,2.1372101194907174
plantview__langdon_4__05-03-24,False,unidepth,311,2.1078016538199282
plantview__langdon_4__05-03-24,False,unidepth,312,1.9471772265330753
plantview__langdon_4__05-03-24,False,unidepth,313,1.860053782660327
plantview__langdon_4__05-03-24,False,unidepth,314,2.0964716474881016
plantview__langdon_4__05-03-24,False,unidepth,315,1.3457130917550413
plantview__langdon_4__05-03-24,False,unidepth,316,0.8865956082978477
plantview__langdon_4__05-03-24,False,unidepth,317,1.0617172449649974
plantview__langdon_4__05-03-24,False,unidepth,318,1.0658700716779759
plantview__langdon_4__05-03-24,False,unidepth,319,1.6917150865919894
plantview__langdon_4__12-03-24,True,da3,0,0.5737907476099011
plantview__langdon_4__12-03-24,True,da3,1,0.6456434514859839
plantview__langdon_4__12-03-24,True,da3,2,0.6876654352875937
plantview__langdon_4__12-03-24,True,da3,3,0.6795842386423825
plantview__langdon_4__12-03-24,True,da3,4,0.6980889764139062
plantview__langdon_4__12-03-24,True,da3,5,0.7486407128456944
plantview__langdon_4__12-03-24,True,da3,6,0.7926052215623989
plantview__langdon_4__12-03-24,True,da3,7,0.8274032607939985
plantview__langdon_4__12-03-24,True,da3,8,0.8978891583332618
plantview__langdon_4__12-03-24,True,da3,9,0.9338696093705089
plantview__langdon_4__12-03-24,True,da3,10,0.9276892552286975
plantview__langdon_4__12-03-24,True,da3,11,0.9134843289208356
plantview__langdon_4__12-03-24,True,da3,12,0.9269309761093163
plantview__langdon_4__12-03-24,True,da3,13,0.922179005351845
plantview__langdon_4__12-03-24,True,da3,14,0.9038985361284819
plantview__langdon_4__12-03-24,True,da3,15,0.9101924945249569
plantview__langdon_4__12-03-24,True,da3,16,0.893599884215106
plantview__langdon_4__12-03-24,True,da3,17,0.9072930397933994
plantview__langdon_4__12-03-24,True,da3,18,0.9370551274581491
plantview__langdon_4__12-03-24,True,da3,19,0.9180533157889157
plantview__langdon_4__12-03-24,True,da3,20,0.9147234042229893
plantview__langdon_4__12-03-24,True,da3,21,0.9094911703334885
plantview__langdon_4__12-03-24,True,da3,22,0.8297492610085266
plantview__langdon_4__12-03-24,True,da3,23,0.915692610278638
plantview__langdon_4__12-03-24,True,da3,24,0.8563109134568919
plantview__langdon_4__12-03-24,True,da3,25,0.8130940788266281
plantview__langdon_4__12-03-24,True,da3,26,0.728793809348486
plantview__langdon_4__12-03-24,True,da3,27,0.6906889326345222
plantview__langdon_4__12-03-24,True,da3,28,0.6269310617757948
plantview__langdon_4__12-03-24,True,da3,29,0.6592103956751048
plantview__langdon_4__12-03-24,True,da3,30,0.6608158320637192
plantview__langdon_4__12-03-24,True,da3,31,0.5884378350542805
plantview__langdon_4__12-03-24,True,da3,32,0.6074187092017854
plantview__langdon_4__12-03-24,True,da3,33,0.6468209647943339
plantview__langdon_4__12-03-24,True,da3,34,0.6186360969721498
plantview__langdon_4__12-03-24,True,da3,35,0.6360405875482025
plantview__langdon_4__12-03-24,True,da3,36,0.6668387547534758
plantview__langdon_4__12-03-24,True,da3,37,0.7154739635620391
plantview__langdon_4__12-03-24,True,da3,38,0.7522108375922316
plantview__langdon_4__12-03-24,True,da3,39,0.8495198839320499
plantview__langdon_4__12-03-24,True,da3,40,0.8876052157833787
plantview__langdon_4__12-03-24,True,da3,41,0.8560897433999999
plantview__langdon_4__12-03-24,True,da3,42,1.0067464213972448
plantview__langdon_4__12-03-24,True,da3,43,0.9820489660194871
plantview__langdon_4__12-03-24,True,da3,44,0.9402559841601387
plantview__langdon_4__12-03-24,True,da3,45,0.9588144049107016
plantview__langdon_4__12-03-24,True,da3,46,0.9111387656599224
plantview__langdon_4__12-03-24,True,da3,47,0.9179158409321317
plantview__langdon_4__12-03-24,True,da3,48,0.9292784215789567
plantview__langdon_4__12-03-24,True,da3,49,0.9294301883891132
plantview__langdon_4__12-03-24,True,da3,50,0.9075541152649909
plantview__langdon_4__12-03-24,True,da3,51,0.9765848893442519
plantview__langdon_4__12-03-24,True,da3,52,0.9751687140309414
plantview__langdon_4__12-03-24,True,da3,53,0.9238235540167713
plantview__langdon_4__12-03-24,True,da3,54,0.9044061674839804
plantview__langdon_4__12-03-24,True,da3,55,0.8855642182002488
plantview__langdon_4__12-03-24,True,da3,56,0.7947060391811103
plantview__langdon_4__12-03-24,True,da3,57,0.806718352434884
plantview__langdon_4__12-03-24,True,da3,58,0.7055798969615412
plantview__langdon_4__12-03-24,True,da3,59,0.6161188776618913
plantview__langdon_4__12-03-24,True,da3,60,0.596418517415367
plantview__langdon_4__12-03-24,True,da3,61,0.552232574488694
plantview__langdon_4__12-03-24,True,da3,62,0.5638377940769312
plantview__langdon_4__12-03-24,True,da3,63,0.5905040154224525
plantview__langdon_4__12-03-24,True,da3,64,0.5657331067331373
plantview__langdon_4__12-03-24,True,da3,65,0.5833123290819715
plantview__langdon_4__12-03-24,True,da3,66,0.5775169781786926
plantview__langdon_4__12-03-24,True,da3,67,0.5850809255192714
plantview__langdon_4__12-03-24,True,da3,68,0.657469799421444
plantview__langdon_4__12-03-24,True,da3,69,0.657844394496327
plantview__langdon_4__12-03-24,True,da3,70,0.7556710375027809
plantview__langdon_4__12-03-24,True,da3,71,0.8154507016162605
plantview__langdon_4__12-03-24,True,da3,72,0.8750693307671219
plantview__langdon_4__12-03-24,True,da3,73,0.8785426330125459
plantview__langdon_4__12-03-24,True,da3,74,0.9351514154331039
plantview__langdon_4__12-03-24,True,da3,75,0.9528125493196298
plantview__langdon_4__12-03-24,True,da3,76,0.9602353162442523
plantview__langdon_4__12-03-24,True,da3,77,0.9757610575723854
plantview__langdon_4__12-03-24,True,da3,78,0.9452609414709023
plantview__langdon_4__12-03-24,True,da3,79,0.9192535399856143
plantview__langdon_4__12-03-24,True,da3,80,0.886879413001167
plantview__langdon_4__12-03-24,True,da3,81,0.8716510636576467
plantview__langdon_4__12-03-24,True,da3,82,0.8818182649313242
plantview__langdon_4__12-03-24,True,da3,83,0.9650323277631732
plantview__langdon_4__12-03-24,True,da3,84,1.0221275283646603
plantview__langdon_4__12-03-24,True,da3,85,0.9550716408735984
plantview__langdon_4__12-03-24,True,da3,86,0.8832461035242078
plantview__langdon_4__12-03-24,True,da3,87,0.8547539924493787
plantview__langdon_4__12-03-24,True,da3,88,0.8184368615372036
plantview__langdon_4__12-03-24,True,da3,89,0.7516124930365494
plantview__langdon_4__12-03-24,True,da3,90,0.7034942658543158
plantview__langdon_4__12-03-24,True,da3,91,0.6730120529217896
plantview__langdon_4__12-03-24,True,da3,92,0.5920668689250184
plantview__langdon_4__12-03-24,True,da3,93,0.5997021343793727
plantview__langdon_4__12-03-24,True,da3,94,0.6150594606712758
plantview__langdon_4__12-03-24,True,da3,95,0.6138398298694852
plantview__langdon_4__12-03-24,True,da3,96,0.5865567170162805
plantview__langdon_4__12-03-24,True,da3,97,0.5613560795009456
plantview__langdon_4__12-03-24,True,da3,98,0.6369380746468565
plantview__langdon_4__12-03-24,True,da3,99,0.6260748515767902
plantview__langdon_4__12-03-24,True,da3,100,0.7098416082711319
plantview__langdon_4__12-03-24,True,da3,101,0.713752636895243
plantview__langdon_4__12-03-24,True,da3,102,0.7821291303279967
plantview__langdon_4__12-03-24,True,da3,103,0.883152540514162
plantview__langdon_4__12-03-24,True,da3,104,0.8538631713270739
plantview__langdon_4__12-03-24,True,da3,105,0.9059859655704664
plantview__langdon_4__12-03-24,True,da3,106,1.014117206510874
plantview__langdon_4__12-03-24,True,da3,107,1.0109357370412568
plantview__langdon_4__12-03-24,True,da3,108,0.9294124758714516
plantview__langdon_4__12-03-24,True,da3,109,0.9703877759560635
plantview__langdon_4__12-03-24,True,da3,110,0.9383634824817073
plantview__langdon_4__12-03-24,True,da3,111,0.8692254066400518
plantview__langdon_4__12-03-24,True,da3,112,0.8629419730702577
plantview__langdon_4__12-03-24,True,da3,113,0.8811050536546075
plantview__langdon_4__12-03-24,True,da3,114,0.9551580814154714
plantview__langdon_4__12-03-24,True,da3,115,0.9745425142599996
plantview__langdon_4__12-03-24,True,da3,116,0.9744969784164071
plantview__langdon_4__12-03-24,True,da3,117,0.9459127639500271
plantview__langdon_4__12-03-24,True,da3,118,0.867084745830111
plantview__langdon_4__12-03-24,True,da3,119,0.8039495542344681
plantview__langdon_4__12-03-24,True,da3,120,0.7615474113255782
plantview__langdon_4__12-03-24,True,da3,121,0.8330506051368973
plantview__langdon_4__12-03-24,True,da3,122,0.7168751049632114
plantview__langdon_4__12-03-24,True,da3,123,0.7113224443910519
plantview__langdon_4__12-03-24,True,da3,124,0.6136160393189427
plantview__langdon_4__12-03-24,True,da3,125,0.6184008192203362
plantview__langdon_4__12-03-24,True,da3,126,0.6236361556319981
plantview__langdon_4__12-03-24,True,da3,127,0.5684237905655088
plantview__langdon_4__12-03-24,True,da3,128,0.5807151630511933
plantview__langdon_4__12-03-24,True,da3,129,0.6143229597319251
plantview__langdon_4__12-03-24,True,da3,130,0.6201364100149731
plantview__langdon_4__12-03-24,True,da3,131,0.612055615292868
plantview__langdon_4__12-03-24,True,da3,132,0.6394226982724562
plantview__langdon_4__12-03-24,True,da3,133,0.6544071495743407
plantview__langdon_4__12-03-24,True,da3,134,0.7121560557220736
plantview__langdon_4__12-03-24,True,da3,135,0.7669387740244706
plantview__langdon_4__12-03-24,True,da3,136,0.7906584869561835
plantview__langdon_4__12-03-24,True,da3,137,0.8670058959102858
plantview__langdon_4__12-03-24,True,da3,138,0.9413338794020081
plantview__langdon_4__12-03-24,True,da3,139,0.905252214807098
plantview__langdon_4__12-03-24,True,da3,140,0.9306727426321801
plantview__langdon_4__12-03-24,True,da3,141,0.932110477156366
plantview__langdon_4__12-03-24,True,da3,142,0.9102447077027074
plantview__langdon_4__12-03-24,True,da3,143,0.9183321127713288
plantview__langdon_4__12-03-24,True,da3,144,0.915528175111758
plantview__langdon_4__12-03-24,True,da3,145,0.9119732539662528
plantview__langdon_4__12-03-24,True,da3,146,0.9716758929655955
plantview__langdon_4__12-03-24,True,da3,147,1.004234282784802
plantview__langdon_4__12-03-24,True,da3,148,0.9620374186254608
plantview__langdon_4__12-03-24,True,da3,149,0.9012289777244424
plantview__langdon_4__12-03-24,True,da3,150,0.8676242430711334
plantview__langdon_4__12-03-24,True,da3,151,0.7729114865495805
plantview__langdon_4__12-03-24,True,da3,152,0.772412585403969
plantview__langdon_4__12-03-24,True,da3,153,0.7260845275572643
plantview__langdon_4__12-03-24,True,da3,154,0.7226622895355097
plantview__langdon_4__12-03-24,True,da3,155,0.6814043194224557
plantview__langdon_4__12-03-24,True,da3,156,0.5813199267348765
plantview__langdon_4__12-03-24,True,da3,157,0.5961429600790756
plantview__langdon_4__12-03-24,True,da3,158,0.6316072802477621
plantview__langdon_4__12-03-24,True,da3,159,0.5546604569890565
plantview__langdon_4__12-03-24,True,da3,160,0.5748611003489585
plantview__langdon_4__12-03-24,True,da3,161,0.5834881427507765
plantview__langdon_4__12-03-24,True,da3,162,0.5832696188616909
plantview__langdon_4__12-03-24,True,da3,163,0.6379045612888776
plantview__langdon_4__12-03-24,True,da3,164,0.6702650284485792
plantview__langdon_4__12-03-24,True,da3,165,0.656824578041503
plantview__langdon_4__12-03-24,True,da3,166,0.7166556012290677
plantview__langdon_4__12-03-24,True,da3,167,0.8097879689670884
plantview__langdon_4__12-03-24,True,da3,168,0.8397056976206001
plantview__langdon_4__12-03-24,True,da3,169,0.8823204023065536
plantview__langdon_4__12-03-24,True,da3,170,0.9442435124010546
plantview__langdon_4__12-03-24,True,da3,171,0.9580334596297819
plantview__langdon_4__12-03-24,True,da3,172,0.9751440874707302
plantview__langdon_4__12-03-24,True,da3,173,1.0136744505453543
plantview__langdon_4__12-03-24,True,da3,174,0.9831626809471756
plantview__langdon_4__12-03-24,True,da3,175,0.9374613961055454
plantview__langdon_4__12-03-24,True,da3,176,0.9548422578373432
plantview__langdon_4__12-03-24,True,da3,177,0.9469229367489858
plantview__langdon_4__12-03-24,True,da3,178,0.9669745937797847
plantview__langdon_4__12-03-24,True,da3,179,1.022378166052739
plantview__langdon_4__12-03-24,True,da3,180,1.0124566429633923
plantview__langdon_4__12-03-24,True,da3,181,0.921344133808224
plantview__langdon_4__12-03-24,True,da3,182,0.8344703224059822
plantview__langdon_4__12-03-24,True,da3,183,0.8228097841735531
plantview__langdon_4__12-03-24,True,da3,184,0.7736382481398818
plantview__langdon_4__12-03-24,True,da3,185,0.707424634458916
plantview__langdon_4__12-03-24,True,da3,186,0.6747671950214419
plantview__langdon_4__12-03-24,True,da3,187,0.6460735495008143
plantview__langdon_4__12-03-24,True,da3,188,0.5648264650637074
plantview__langdon_4__12-03-24,True,da3,189,0.6351490284155299
plantview__langdon_4__12-03-24,True,da3,190,0.6169072659978191
plantview__langdon_4__12-03-24,True,da3,191,0.5642722891869935
plantview__langdon_4__12-03-24,True,da3,192,0.6118262524404274
plantview__langdon_4__12-03-24,True,da3,193,0.6145617939757901
plantview__langdon_4__12-03-24,True,da3,194,0.6359758130066844
plantview__langdon_4__12-03-24,True,da3,195,0.6096554699228869
plantview__langdon_4__12-03-24,True,da3,196,0.5883429226832397
plantview__langdon_4__12-03-24,True,da3,197,0.6378727937259765
plantview__langdon_4__12-03-24,True,da3,198,0.6402645313097043
plantview__langdon_4__12-03-24,True,da3,199,0.746871630698935
plantview__langdon_4__12-03-24,True,da3,200,0.7995222382600622
plantview__langdon_4__12-03-24,True,da3,201,0.9089537049564312
plantview__langdon_4__12-03-24,True,da3,202,0.9914664954949175
plantview__langdon_4__12-03-24,True,da3,203,0.9822843325439732
plantview__langdon_4__12-03-24,True,da3,204,0.9932631677215293
plantview__langdon_4__12-03-24,True,da3,205,0.9412210741508474
plantview__langdon_4__12-03-24,True,da3,206,0.9136289984030406
plantview__langdon_4__12-03-24,True,da3,207,0.8911441253186861
plantview__langdon_4__12-03-24,True,da3,208,0.9072411295197911
plantview__langdon_4__12-03-24,True,da3,209,0.853141045032237
plantview__langdon_4__12-03-24,True,da3,210,0.9175239046083814
plantview__langdon_4__12-03-24,True,da3,211,0.9581342300204219
plantview__langdon_4__12-03-24,True,da3,212,0.9012815899080964
plantview__langdon_4__12-03-24,True,da3,213,0.9219222107668799
plantview__langdon_4__12-03-24,True,da3,214,0.8300684228608401
plantview__langdon_4__12-03-24,True,da3,215,0.8048071454242361
plantview__langdon_4__12-03-24,True,da3,216,0.8196148062189653
plantview__langdon_4__12-03-24,True,da3,217,0.717731041460963
plantview__langdon_4__12-03-24,True,da3,218,0.6533478605811944
plantview__langdon_4__12-03-24,True,da3,219,0.6510301211962046
plantview__langdon_4__12-03-24,True,da3,220,0.6097548090524754
plantview__langdon_4__12-03-24,True,da3,221,0.6377037724629928
plantview__langdon_4__12-03-24,True,da3,222,0.5954777759043024
plantview__langdon_4__12-03-24,True,da3,223,0.5916387462435035
plantview__langdon_4__12-03-24,True,da3,224,0.561604023990498
plantview__langdon_4__12-03-24,True,da3,225,0.6609824314521251
plantview__langdon_4__12-03-24,True,da3,226,0.605936734045714
plantview__langdon_4__12-03-24,True,da3,227,0.5727789177287522
plantview__langdon_4__12-03-24,True,da3,228,0.6481000298800333
plantview__langdon_4__12-03-24,True,da3,229,0.6773867300390054
plantview__langdon_4__12-03-24,True,da3,230,0.6327546549110229
plantview__langdon_4__12-03-24,True,da3,231,0.7363377568516436
plantview__langdon_4__12-03-24,True,da3,232,0.7962345655089527
plantview__langdon_4__12-03-24,True,da3,233,0.913561093841454
plantview__langdon_4__12-03-24,True,da3,234,0.8878545344440674
plantview__langdon_4__12-03-24,True,da3,235,0.9840346807192986
plantview__langdon_4__12-03-24,True,da3,236,0.9567713385198762
plantview__langdon_4__12-03-24,True,da3,237,0.9304686064673966
plantview__langdon_4__12-03-24,True,da3,238,0.8876831864677421
plantview__langdon_4__12-03-24,True,da3,239,0.8582147932269284
plantview__langdon_4__12-03-24,True,da3,240,0.9173026185372419
plantview__langdon_4__12-03-24,True,da3,241,0.888157186109299
plantview__langdon_4__12-03-24,True,da3,242,0.9304873902166813
plantview__langdon_4__12-03-24,True,da3,243,0.9161214601036898
plantview__langdon_4__12-03-24,True,da3,244,0.9678302690739702
plantview__langdon_4__12-03-24,True,da3,245,0.9094598244436576
plantview__langdon_4__12-03-24,True,da3,246,0.8368834316942545
plantview__langdon_4__12-03-24,True,da3,247,0.8172906094341044
plantview__langdon_4__12-03-24,True,da3,248,0.8048203672065649
plantview__langdon_4__12-03-24,True,da3,249,0.7191394426386424
plantview__langdon_4__12-03-24,True,da3,250,0.6300693152546764
plantview__langdon_4__12-03-24,True,da3,251,0.6161507140980054
plantview__langdon_4__12-03-24,True,da3,252,0.579801650267789
plantview__langdon_4__12-03-24,True,da3,253,0.6362155924572945
plantview__langdon_4__12-03-24,True,da3,254,0.5840384142707633
plantview__langdon_4__12-03-24,True,da3,255,0.50603690315237
plantview__langdon_4__12-03-24,True,da3,256,0.5839890582399145
plantview__langdon_4__12-03-24,True,da3,257,0.6327677454883132
plantview__langdon_4__12-03-24,True,da3,258,0.6010850978525922
plantview__langdon_4__12-03-24,True,da3,259,0.5875999176266904
plantview__langdon_4__12-03-24,True,da3,260,0.6572347469949862
plantview__langdon_4__12-03-24,True,da3,261,0.6839844853425271
plantview__langdon_4__12-03-24,True,da3,262,0.6782390356222182
plantview__langdon_4__12-03-24,True,da3,263,0.7417798530206826
plantview__langdon_4__12-03-24,True,da3,264,0.8317080136749381
plantview__langdon_4__12-03-24,True,da3,265,0.8754567523864663
plantview__langdon_4__12-03-24,True,da3,266,0.8873921931610733
plantview__langdon_4__12-03-24,True,da3,267,0.9117450769387603
plantview__langdon_4__12-03-24,True,da3,268,0.9639229019520339
plantview__langdon_4__12-03-24,True,da3,269,0.9443997640331578
plantview__langdon_4__12-03-24,True,da3,270,0.9507013509782016
plantview__langdon_4__12-03-24,True,da3,271,0.9023040763121143
plantview__langdon_4__12-03-24,True,da3,272,0.9377311990254342
plantview__langdon_4__12-03-24,True,da3,273,0.9707373301516775
plantview__langdon_4__12-03-24,True,da3,274,1.0328786692646634
plantview__langdon_4__12-03-24,True,da3,275,0.9816320180162637
plantview__langdon_4__12-03-24,True,da3,276,1.0053462409870748
plantview__langdon_4__12-03-24,True,da3,277,0.9926194548104907
plantview__langdon_4__12-03-24,True,da3,278,0.919870331960594
plantview__langdon_4__12-03-24,True,da3,279,0.858322731342032
plantview__langdon_4__12-03-24,True,da3,280,0.7970501592410268
plantview__langdon_4__12-03-24,True,da3,281,0.7479346009364783
plantview__langdon_4__12-03-24,True,da3,282,0.6703446507845938
plantview__langdon_4__12-03-24,True,da3,283,0.6672862752117492
plantview__langdon_4__12-03-24,True,da3,284,0.630065432753417
plantview__langdon_4__12-03-24,True,da3,285,0.6368201217360789
plantview__langdon_4__12-03-24,True,da3,286,0.6213427116541769
plantview__langdon_4__12-03-24,True,da3,287,0.574207450886203
plantview__langdon_4__12-03-24,True,da3,288,0.5976865619667238
plantview__langdon_4__12-03-24,True,da3,289,0.6036285445527156
plantview__langdon_4__12-03-24,True,da3,290,0.6015757683496682
plantview__langdon_4__12-03-24,True,da3,291,0.6572848860358802
plantview__langdon_4__12-03-24,True,da3,292,0.7018356845719076
plantview__langdon_4__12-03-24,True,da3,293,0.6827098945743004
plantview__langdon_4__12-03-24,True,da3,294,0.6435652155778877
plantview__langdon_4__12-03-24,True,da3,295,0.7585687494519184
plantview__langdon_4__12-03-24,True,da3,296,0.8202629459303457
plantview__langdon_4__12-03-24,True,da3,297,0.9176958695878655
plantview__langdon_4__12-03-24,True,da3,298,0.9558186231367951
plantview__langdon_4__12-03-24,True,da3,299,0.9646064986594003
plantview__langdon_4__12-03-24,True,da3,300,0.9743501956174034
plantview__langdon_4__12-03-24,True,da3,301,0.952308447566752
plantview__langdon_4__12-03-24,True,da3,302,0.9236421495412157
plantview__langdon_4__12-03-24,True,da3,303,0.948439356905884
plantview__langdon_4__12-03-24,True,da3,304,0.9330371735401827
plantview__langdon_4__12-03-24,True,da3,305,0.915952650028784
plantview__langdon_4__12-03-24,True,da3,306,0.9543454530673556
plantview__langdon_4__12-03-24,True,da3,307,0.9085946188338363
plantview__langdon_4__12-03-24,True,da3,308,0.9423141517613388
plantview__langdon_4__12-03-24,True,da3,309,0.9314510727513203
plantview__langdon_4__12-03-24,True,da3,310,0.8666717422211629
plantview__langdon_4__12-03-24,True,da3,311,0.7990577130698215
plantview__langdon_4__12-03-24,True,da3,312,0.8178829175069566
plantview__langdon_4__12-03-24,True,da3,313,0.6865065584661434
plantview__langdon_4__12-03-24,True,da3,314,0.745945513389548
plantview__langdon_4__12-03-24,True,da3,315,0.6486929361608181
plantview__langdon_4__12-03-24,True,da3,316,0.6857174707958174
plantview__langdon_4__12-03-24,True,da3,317,0.6088594611219883
plantview__langdon_4__12-03-24,True,da3,318,0.6620391682689677
plantview__langdon_4__12-03-24,True,da3,319,0.571448495232441
plantview__langdon_4__12-03-24,True,unidepth,0,0.39896427209801166
plantview__langdon_4__12-03-24,True,unidepth,1,1.0840997034631261
plantview__langdon_4__12-03-24,True,unidepth,2,0.7774172256708007
plantview__langdon_4__12-03-24,True,unidepth,3,1.367386054670778
plantview__langdon_4__12-03-24,True,unidepth,4,1.6852612810470127
plantview__langdon_4__12-03-24,True,unidepth,5,1.9717838091133424
plantview__langdon_4__12-03-24,True,unidepth,6,2.0211013860815754
plantview__langdon_4__12-03-24,True,unidepth,7,2.0587038799159876
plantview__langdon_4__12-03-24,True,unidepth,8,2.457339126353464
plantview__langdon_4__12-03-24,True,unidepth,9,2.298949670721063
plantview__langdon_4__12-03-24,True,unidepth,10,2.398765399707723
plantview__langdon_4__12-03-24,True,unidepth,11,2.183982128824294
plantview__langdon_4__12-03-24,True,unidepth,12,2.110036029920785
plantview__langdon_4__12-03-24,True,unidepth,13,2.318438398099789
plantview__langdon_4__12-03-24,True,unidepth,14,2.085705663712959
plantview__langdon_4__12-03-24,True,unidepth,15,2.1926934159139004
plantview__langdon_4__12-03-24,True,unidepth,16,2.0882510794486784
plantview__langdon_4__12-03-24,True,unidepth,17,2.2208833121217655
plantview__langdon_4__12-03-24,True,unidepth,18,2.340881225888646
plantview__langdon_4__12-03-24,True,unidepth,19,2.077505048588889
plantview__langdon_4__12-03-24,True,unidepth,20,1.9541604738675207
plantview__langdon_4__12-03-24,True,unidepth,21,1.9780103105656854
plantview__langdon_4__12-03-24,True,unidepth,22,1.9051263360366257
plantview__langdon_4__12-03-24,True,unidepth,23,2.0003644697677307
plantview__langdon_4__12-03-24,True,unidepth,24,2.0376936024179213
plantview__langdon_4__12-03-24,True,unidepth,25,2.2848081884335922
plantview__langdon_4__12-03-24,True,unidepth,26,1.9530837263887153
plantview__langdon_4__12-03-24,True,unidepth,27,1.5964824306955294
plantview__langdon_4__12-03-24,True,unidepth,28,1.2062673137803581
plantview__langdon_4__12-03-24,True,unidepth,29,0.9949368347408203
plantview__langdon_4__12-03-24,True,unidepth,30,0.8809705818304595
plantview__langdon_4__12-03-24,True,unidepth,31,0.379279157466592
plantview__langdon_4__12-03-24,True,unidepth,32,0.5162990659205393
plantview__langdon_4__12-03-24,True,unidepth,33,1.0387035647914638
plantview__langdon_4__12-03-24,True,unidepth,34,1.0830891023284739
plantview__langdon_4__12-03-24,True,unidepth,35,1.2347855528631195
plantview__langdon_4__12-03-24,True,unidepth,36,1.8866409440608958
plantview__langdon_4__12-03-24,True,unidepth,37,1.9154896193752586
plantview__langdon_4__12-03-24,True,unidepth,38,2.1432054101814115
plantview__langdon_4__12-03-24,True,unidepth,39,2.0166727673441933
plantview__langdon_4__12-03-24,True,unidepth,40,2.1018884839454177
plantview__langdon_4__12-03-24,True,unidepth,41,2.2012620209743856
plantview__langdon_4__12-03-24,True,unidepth,42,2.139027378323034
plantview__langdon_4__12-03-24,True,unidepth,43,1.813498959916258
plantview__langdon_4__12-03-24,True,unidepth,44,2.009500199305176
plantview__langdon_4__12-03-24,True,unidepth,45,2.2092898683707656
plantview__langdon_4__12-03-24,True,unidepth,46,2.3110230306886157
plantview__langdon_4__12-03-24,True,unidepth,47,2.06937161227395
plantview__langdon_4__12-03-24,True,unidepth,48,2.199418318604314
plantview__langdon_4__12-03-24,True,unidepth,49,2.406029867912577
plantview__langdon_4__12-03-24,True,unidepth,50,2.3029200566847043
plantview__langdon_4__12-03-24,True,unidepth,51,1.9433044959289099
plantview__langdon_4__12-03-24,True,unidepth,52,1.8075170029308025
plantview__langdon_4__12-03-24,True,unidepth,53,1.7379222601757291
plantview__langdon_4__12-03-24,True,unidepth,54,1.752692986869903
plantview__langdon_4__12-03-24,True,unidepth,55,1.7001322300827217
plantview__langdon_4__12-03-24,True,unidepth,56,1.8338598798457415
plantview__langdon_4__12-03-24,True,unidepth,57,2.234983394292447
plantview__langdon_4__12-03-24,True,unidepth,58,1.9166196222111538
plantview__langdon_4__12-03-24,True,unidepth,59,1.6704665719962952
plantview__langdon_4__12-03-24,True,unidepth,60,1.354788719640362
plantview__langdon_4__12-03-24,True,unidepth,61,0.9437779139841509
plantview__langdon_4__12-03-24,True,unidepth,62,0.9833663154890587
plantview__langdon_4__12-03-24,True,unidepth,63,0.6069065331312081
plantview__langdon_4__12-03-24,True,unidepth,64,0.7349519756691182
plantview__langdon_4__12-03-24,True,unidepth,65,1.0061384964746591
plantview__langdon_4__12-03-24,True,unidepth,66,0.9491972554264512
plantview__langdon_4__12-03-24,True,unidepth,67,0.9864716561850367
plantview__langdon_4__12-03-24,True,unidepth,68,1.6967159859544452
plantview__langdon_4__12-03-24,True,unidepth,69,1.8760475633065856
plantview__langdon_4__12-03-24,True,unidepth,70,2.0610211810945676
plantview__langdon_4__12-03-24,True,unidepth,71,2.0767283310757976
plantview__langdon_4__12-03-24,True,unidepth,72,2.1097245738465435
plantview__langdon_4__12-03-24,True,unidepth,73,1.9793267802028698
plantview__langdon_4__12-03-24,True,unidepth,74,2.130309735859581
plantview__langdon_4__12-03-24,True,unidepth,75,2.1116726933048917
plantview__langdon_4__12-03-24,True,unidepth,76,2.199562520075851
plantview__langdon_4__12-03-24,True,unidepth,77,2.4096239720996344
plantview__langdon_4__12-03-24,True,unidepth,78,2.5343989294692637
plantview__langdon_4__12-03-24,True,unidepth,79,2.3350110515843285
plantview__langdon_4__12-03-24,True,unidepth,80,2.5165421918571456
plantview__langdon_4__12-03-24,True,unidepth,81,2.6036597699877877
plantview__langdon_4__12-03-24,True,unidepth,82,2.5100270447673134
plantview__langdon_4__12-03-24,True,unidepth,83,2.2352636981403857
plantview__langdon_4__12-03-24,True,unidepth,84,2.1431544317730165
plantview__langdon_4__12-03-24,True,unidepth,85,2.2287454365871846
plantview__langdon_4__12-03-24,True,unidepth,86,2.499121695547114
plantview__langdon_4__12-03-24,True,unidepth,87,1.8842122284467666
plantview__langdon_4__12-03-24,True,unidepth,88,2.222266100114149
plantview__langdon_4__12-03-24,True,unidepth,89,2.164747545983511
plantview__langdon_4__12-03-24,True,unidepth,90,1.9695217346290792
plantview__langdon_4__12-03-24,True,unidepth,91,1.728892610108756
plantview__langdon_4__12-03-24,True,unidepth,92,1.1148833329011048
plantview__langdon_4__12-03-24,True,unidepth,93,0.8729048645294774
plantview__langdon_4__12-03-24,True,unidepth,94,0.9459654661376329
plantview__langdon_4__12-03-24,True,unidepth,95,0.6716334214529927
plantview__langdon_4__12-03-24,True,unidepth,96,0.7617022289193056
plantview__langdon_4__12-03-24,True,unidepth,97,1.0224263891061511
plantview__langdon_4__12-03-24,True,unidepth,98,1.07398622981121
plantview__langdon_4__12-03-24,True,unidepth,99,1.377026953592789
plantview__langdon_4__12-03-24,True,unidepth,100,1.637565763946413
plantview__langdon_4__12-03-24,True,unidepth,101,1.9229299543268734
plantview__langdon_4__12-03-24,True,unidepth,102,2.222974071659465
plantview__langdon_4__12-03-24,True,unidepth,103,2.190136501232167
plantview__langdon_4__12-03-24,True,unidepth,104,2.4599016765411292
plantview__langdon_4__12-03-24,True,unidepth,105,2.1739849303858563
plantview__langdon_4__12-03-24,True,unidepth,106,2.39172226690179
plantview__langdon_4__12-03-24,True,unidepth,107,1.9957590706257813
plantview__langdon_4__12-03-24,True,unidepth,108,2.172708901736527
plantview__langdon_4__12-03-24,True,unidepth,109,2.42544502331455
plantview__langdon_4__12-03-24,True,unidepth,110,2.5047205928562177
plantview__langdon_4__12-03-24,True,unidepth,111,2.553536364829065
plantview__langdon_4__12-03-24,True,unidepth,112,2.491060921152087
plantview__langdon_4__12-03-24,True,unidepth,113,2.604765661628736
plantview__langdon_4__12-03-24,True,unidepth,114,2.2576607481844304
plantview__langdon_4__12-03-24,True,unidepth,115,2.4662385377335427
plantview__langdon_4__12-03-24,True,unidepth,116,2.170722311204921
plantview__langdon_4__12-03-24,True,unidepth,117,2.500672994535952
plantview__langdon_4__12-03-24,True,unidepth,118,2.234339112812468
plantview__langdon_4__12-03-24,True,unidepth,119,2.5253669712952895
plantview__langdon_4__12-03-24,True,unidepth,120,2.0735824880962603
plantview__langdon_4__12-03-24,True,unidepth,121,2.1782428003664394
plantview__langdon_4__12-03-24,True,unidepth,122,1.6456798800892356
plantview__langdon_4__12-03-24,True,unidepth,123,1.48186984975802
plantview__langdon_4__12-03-24,True,unidepth,124,1.3785786732160328
plantview__langdon_4__12-03-24,True,unidepth,125,0.8820424919570335
plantview__langdon_4__12-03-24,True,unidepth,126,0.9308260303273073
plantview__langdon_4__12-03-24,True,unidepth,127,0.7368292184067444
plantview__langdon_4__12-03-24,True,unidepth,128,0.6981402628680198
plantview__langdon_4__12-03-24,True,unidepth,129,1.0628724694756722
plantview__langdon_4__12-03-24,True,unidepth,130,1.4775009019981948
plantview__langdon_4__12-03-24,True,unidepth,131,1.6733378926306854
plantview__langdon_4__12-03-24,True,unidepth,132,2.095419708530655
plantview__langdon_4__12-03-24,True,unidepth,133,2.145662746551929
plantview__langdon_4__12-03-24,True,unidepth,134,2.2935428074331075
plantview__langdon_4__12-03-24,True,unidepth,135,2.3680599556713258
plantview__langdon_4__12-03-24,True,unidepth,136,2.373127861172083
plantview__langdon_4__12-03-24,True,unidepth,137,2.5019382758190467
plantview__langdon_4__12-03-24,True,unidepth,138,2.3394920880720527
plantview__langdon_4__12-03-24,True,unidepth,139,2.1367627455376725
plantview__langdon_4__12-03-24,True,unidepth,140,2.239768204551835
plantview__langdon_4__12-03-24,True,unidepth,141,2.362497904705096
plantview__langdon_4__12-03-24,True,unidepth,142,2.375571617513157
plantview__langdon_4__12-03-24,True,unidepth,143,2.420675645051023
plantview__langdon_4__12-03-24,True,unidepth,144,2.388300905341418
plantview__langdon_4__12-03-24,True,unidepth,145,2.3677829424083914
plantview__langdon_4__12-03-24,True,unidepth,146,2.411508316928172
plantview__langdon_4__12-03-24,True,unidepth,147,2.143398047562183
plantview__langdon_4__12-03-24,True,unidepth,148,2.2152602098279095
plantview__langdon_4__12-03-24,True,unidepth,149,2.4510108576680993
plantview__langdon_4__12-03-24,True,unidepth,150,2.2391087863403762
plantview__langdon_4__12-03-24,True,unidepth,151,2.4322699741872023
plantview__langdon_4__12-03-24,True,unidepth,152,2.2663657682184706
plantview__langdon_4__12-03-24,True,unidepth,153,2.0585237689872193
plantview__langdon_4__12-03-24,True,unidepth,154,2.2088128262522835
plantview__langdon_4__12-03-24,True,unidepth,155,2.1126040748961907
plantview__langdon_4__12-03-24,True,unidepth,156,1.8850835009059552
plantview__langdon_4__12-03-24,True,unidepth,157,0.9802346189201356
plantview__langdon_4__12-03-24,True,unidepth,158,0.9377314306911763
plantview__langdon_4__12-03-24,True,unidepth,159,0.7238939965532678
plantview__langdon_4__12-03-24,True,unidepth,160,0.6794131519969311
plantview__langdon_4__12-03-24,True,unidepth,161,1.0597480409291782
plantview__langdon_4__12-03-24,True,unidepth,162,1.1535474504662526
plantview__langdon_4__12-03-24,True,unidepth,163,1.33951624365457
plantview__langdon_4__12-03-24,True,unidepth,164,1.6127904272368987
plantview__langdon_4__12-03-24,True,unidepth,165,1.9640072456967645
plantview__langdon_4__12-03-24,True,unidepth,166,2.300316847344071
plantview__langdon_4__12-03-24,True,unidepth,167,2.214571286555544
plantview__langdon_4__12-03-24,True,unidepth,168,2.3422151113360856
plantview__langdon_4__12-03-24,True,unidepth,169,2.3493469150004236
plantview__langdon_4__12-03-24,True,unidepth,170,2.516572982500251
plantview__langdon_4__12-03-24,True,unidepth,171,2.1358532542962245
plantview__langdon_4__12-03-24,True,unidepth,172,2.2771834289530375
plantview__langdon_4__12-03-24,True,unidepth,173,2.5396395617933383
plantview__langdon_4__12-03-24,True,unidepth,174,2.5473107450968007
plantview__langdon_4__12-03-24,True,unidepth,175,2.4034176070881976
plantview__langdon_4__12-03-24,True,unidepth,176,2.296304841672211
plantview__langdon_4__12-03-24,True,unidepth,177,2.334121286610562
plantview__langdon_4__12-03-24,True,unidepth,178,2.369601602025333
plantview__langdon_4__12-03-24,True,unidepth,179,2.0393263846567304
plantview__langdon_4__12-03-24,True,unidepth,180,2.125737418324981
plantview__langdon_4__12-03-24,True,unidepth,181,1.9765415919637976
plantview__langdon_4__12-03-24,True,unidepth,182,2.028089379917453
plantview__langdon_4__12-03-24,True,unidepth,183,2.4099352510871572
plantview__langdon_4__12-03-24,True,unidepth,184,2.2889558732632027
plantview__langdon_4__12-03-24,True,unidepth,185,2.2600380855161903
plantview__langdon_4__12-03-24,True,unidepth,186,1.9926572699028744
plantview__langdon_4__12-03-24,True,unidepth,187,1.7422332577196207
plantview__langdon_4__12-03-24,True,unidepth,188,1.3157356482685594
plantview__langdon_4__12-03-24,True,unidepth,189,0.9485248273185587
plantview__langdon_4__12-03-24,True,unidepth,190,1.0423138390637217
plantview__langdon_4__12-03-24,True,unidepth,191,0.6156332734859502
plantview__langdon_4__12-03-24,True,unidepth,192,0.7527467202424993
plantview__langdon_4__12-03-24,True,unidepth,193,1.2991816857530591
plantview__langdon_4__12-03-24,True,unidepth,194,1.192062894691193
plantview__langdon_4__12-03-24,True,unidepth,195,1.5749906818548798
plantview__langdon_4__12-03-24,True,unidepth,196,1.4431078846305345
plantview__langdon_4__12-03-24,True,unidepth,197,1.8347519135856347
plantview__langdon_4__12-03-24,True,unidepth,198,2.1175281383288826
plantview__langdon_4__12-03-24,True,unidepth,199,1.9728945487942031
plantview__langdon_4__12-03-24,True,unidepth,200,2.359210575159218
plantview__langdon_4__12-03-24,True,unidepth,201,2.1698015354222595
plantview__langdon_4__12-03-24,True,unidepth,202,2.3954971487311956
plantview__langdon_4__12-03-24,True,unidepth,203,2.3895556629559227
plantview__langdon_4__12-03-24,True,unidepth,204,2.4435447624351747
plantview__langdon_4__12-03-24,True,unidepth,205,2.561415492331375
plantview__langdon_4__12-03-24,True,unidepth,206,2.556219955640321
plantview__langdon_4__12-03-24,True,unidepth,207,2.4826116393768656
plantview__langdon_4__12-03-24,True,unidepth,208,2.5564333540358666
plantview__langdon_4__12-03-24,True,unidepth,209,2.3004461097736946
plantview__langdon_4__12-03-24,True,unidepth,210,2.3700136173901654
plantview__langdon_4__12-03-24,True,unidepth,211,2.1286008376802776
plantview__langdon_4__12-03-24,True,unidepth,212,2.142864242796292
plantview__langdon_4__12-03-24,True,unidepth,213,2.2545541558506237
plantview__langdon_4__12-03-24,True,unidepth,214,2.4232874937358764
plantview__langdon_4__12-03-24,True,unidepth,215,2.403613051400331
plantview__langdon_4__12-03-24,True,unidepth,216,2.161999040277588
plantview__langdon_4__12-03-24,True,unidepth,217,2.321943471215464
plantview__langdon_4__12-03-24,True,unidepth,218,1.8666734244781304
plantview__langdon_4__12-03-24,True,unidepth,219,1.537182005900096
plantview__langdon_4__12-03-24,True,unidepth,220,1.2243779504950272
plantview__langdon_4__12-03-24,True,unidepth,221,0.9764561449327707
plantview__langdon_4__12-03-24,True,unidepth,222,1.563133466136839
plantview__langdon_4__12-03-24,True,unidepth,223,0.8701735631637524
plantview__langdon_4__12-03-24,True,unidepth,224,0.8395910539530449
plantview__langdon_4__12-03-24,True,unidepth,225,1.9615148854382323
plantview__langdon_4__12-03-24,True,unidepth,226,1.00913605779182
plantview__langdon_4__12-03-24,True,unidepth,227,1.2255483068935429
plantview__langdon_4__12-03-24,True,unidepth,228,1.560299931929478
plantview__langdon_4__12-03-24,True,unidepth,229,1.8052274905091366
plantview__langdon_4__12-03-24,True,unidepth,230,2.076614413969992
plantview__langdon_4__12-03-24,True,unidepth,231,1.9859135065720521
plantview__langdon_4__12-03-24,True,unidepth,232,2.1611503078141263
plantview__langdon_4__12-03-24,True,unidepth,233,1.969574764372486
plantview__langdon_4__12-03-24,True,unidepth,234,2.1553130900236637
plantview__langdon_4__12-03-24,True,unidepth,235,2.1711967049759777
plantview__langdon_4__12-03-24,True,unidepth,236,2.325488643389453
plantview__langdon_4__12-03-24,True,unidepth,237,2.517102417567747
plantview__langdon_4__12-03-24,True,unidepth,238,2.812436439080493
plantview__langdon_4__12-03-24,True,unidepth,239,2.7050181985510457
plantview__langdon_4__12-03-24,True,unidepth,240,2.690713250237188
plantview__langdon_4__12-03-24,True,unidepth,241,2.6452717938150716
plantview__langdon_4__12-03-24,True,unidepth,242,2.4683432708829782
plantview__langdon_4__12-03-24,True,unidepth,243,2.2832308150747442
plantview__langdon_4__12-03-24,True,unidepth,244,2.2023124746546037
plantview__langdon_4__12-03-24,True,unidepth,245,2.3396145090106732
plantview__langdon_4__12-03-24,True,unidepth,246,2.269284765550955
plantview__langdon_4__12-03-24,True,unidepth,247,2.3465960142369666
plantview__langdon_4__12-03-24,True,unidepth,248,2.131450018803709
plantview__langdon_4__12-03-24,True,unidepth,249,2.202666302966424
plantview__langdon_4__12-03-24,True,unidepth,250,1.7073094154590864
plantview__langdon_4__12-03-24,True,unidepth,251,1.22935170091759
plantview__langdon_4__12-03-24,True,unidepth,252,1.2583452180736274
plantview__langdon_4__12-03-24,True,unidepth,253,0.943617976008422
plantview__langdon_4__12-03-24,True,unidepth,254,1.5719482354383936
plantview__langdon_4__12-03-24,True,unidepth,255,1.0244139775756218
plantview__langdon_4__12-03-24,True,unidepth,256,0.8022554888583872
plantview__langdon_4__12-03-24,True,unidepth,257,0.7476776192288959
plantview__langdon_4__12-03-24,True,unidepth,258,0.8234348469227956
plantview__langdon_4__12-03-24,True,unidepth,259,1.2698032578975713
plantview__langdon_4__12-03-24,True,unidepth,260,1.7156734128524107
plantview__langdon_4__12-03-24,True,unidepth,261,1.864982490935296
plantview__langdon_4__12-03-24,True,unidepth,262,2.119897971005215
plantview__langdon_4__12-03-24,True,unidepth,263,2.1214921611465845
plantview__langdon_4__12-03-24,True,unidepth,264,2.5197600082344422
plantview__langdon_4__12-03-24,True,unidepth,265,2.425702478960843
plantview__langdon_4__12-03-24,True,unidepth,266,2.3241775982013637
plantview__langdon_4__12-03-24,True,unidepth,267,2.1022381937409165
plantview__langdon_4__12-03-24,True,unidepth,268,2.26824907374089
plantview__langdon_4__12-03-24,True,unidepth,269,2.3474340492123806
plantview__langdon_4__12-03-24,True,unidepth,270,2.6000278706217808
plantview__langdon_4__12-03-24,True,unidepth,271,2.353082797856048
plantview__langdon_4__12-03-24,True,unidepth,272,2.638337339558899
plantview__langdon_4__12-03-24,True,unidepth,273,2.600827211608051
plantview__langdon_4__12-03-24,True,unidepth,274,2.1630530344524272
plantview__langdon_4__12-03-24,True,unidepth,275,2.055740518249311
plantview__langdon_4__12-03-24,True,unidepth,276,2.137977759447252
plantview__langdon_4__12-03-24,True,unidepth,277,2.4125466586345032
plantview__langdon_4__12-03-24,True,unidepth,278,2.3875357680669733
plantview__langdon_4__12-03-24,True,unidepth,279,2.2894410872663027
plantview__langdon_4__12-03-24,True,unidepth,280,2.0927069755999943
plantview__langdon_4__12-03-24,True,unidepth,281,2.1348187582300744
plantview__langdon_4__12-03-24,True,unidepth,282,1.5932418468426983
plantview__langdon_4__12-03-24,True,unidepth,283,1.3354036219249892
plantview__langdon_4__12-03-24,True,unidepth,284,0.9971174221529817
plantview__langdon_4__12-03-24,True,unidepth,285,0.7765488066212316
plantview__langdon_4__12-03-24,True,unidepth,286,0.5076397364915884
plantview__langdon_4__12-03-24,True,unidepth,287,0.7192801118587631
plantview__langdon_4__12-03-24,True,unidepth,288,0.3993254684509766
plantview__langdon_4__12-03-24,True,unidepth,289,0.6944990264305686
plantview__langdon_4__12-03-24,True,unidepth,290,0.6612741589432763
plantview__langdon_4__12-03-24,True,unidepth,291,1.215527779945735
plantview__langdon_4__12-03-24,True,unidepth,292,1.5710610316329845
plantview__langdon_4__12-03-24,True,unidepth,293,1.607867523205763
plantview__langdon_4__12-03-24,True,unidepth,294,1.8401047427595172
plantview__langdon_4__12-03-24,True,unidepth,295,2.091772235100666
plantview__langdon_4__12-03-24,True,unidepth,296,2.2151617203584966
plantview__langdon_4__12-03-24,True,unidepth,297,2.327797895815638
plantview__langdon_4__12-03-24,True,unidepth,298,2.1277548061371587
plantview__langdon_4__12-03-24,True,unidepth,299,2.170402527938844
plantview__langdon_4__12-03-24,True,unidepth,300,1.916378203157261
plantview__langdon_4__12-03-24,True,unidepth,301,2.1867074695634336
plantview__langdon_4__12-03-24,True,unidepth,302,2.4324904482047858
plantview__langdon_4__12-03-24,True,unidepth,303,2.2303513068248124
plantview__langdon_4__12-03-24,True,unidepth,304,2.070489686454353
plantview__langdon_4__12-03-24,True,unidepth,305,2.0460663316756107
plantview__langdon_4__12-03-24,True,unidepth,306,1.9501078864902872
plantview__langdon_4__12-03-24,True,unidepth,307,1.7192951141509245
plantview__langdon_4__12-03-24,True,unidepth,308,1.9137100161394787
plantview__langdon_4__12-03-24,True,unidepth,309,2.087123832440324
plantview__langdon_4__12-03-24,True,unidepth,310,1.846466070876923
plantview__langdon_4__12-03-24,True,unidepth,311,1.8136143889096283
plantview__langdon_4__12-03-24,True,unidepth,312,1.8080543774629256
plantview__langdon_4__12-03-24,True,unidepth,313,1.8004154406071784
plantview__langdon_4__12-03-24,True,unidepth,314,1.3037276719128608
plantview__langdon_4__12-03-24,True,unidepth,315,1.068428025782283
plantview__langdon_4__12-03-24,True,unidepth,316,1.46991411909005
plantview__langdon_4__12-03-24,True,unidepth,317,0.7979828250876719
plantview__langdon_4__12-03-24,True,unidepth,318,0.929931437142242
plantview__langdon_4__12-03-24,True,unidepth,319,0.3148635693586521
plantview__langdon_4__13-02-24,False,da3,0,0.5589991902957842
plantview__langdon_4__13-02-24,False,da3,1,0.586574997637538
plantview__langdon_4__13-02-24,False,da3,2,0.5190276898875861
plantview__langdon_4__13-02-24,False,da3,3,0.6262270461763935
plantview__langdon_4__13-02-24,False,da3,4,0.7156960851991678
plantview__langdon_4__13-02-24,False,da3,5,0.744862741222611
plantview__langdon_4__13-02-24,False,da3,6,0.7598759392686052
plantview__langdon_4__13-02-24,False,da3,7,0.7918790373457614
plantview__langdon_4__13-02-24,False,da3,8,0.8057323584135898
plantview__langdon_4__13-02-24,False,da3,9,0.827246573478402
plantview__langdon_4__13-02-24,False,da3,10,0.8783151002921278
plantview__langdon_4__13-02-24,False,da3,11,0.8952099735721344
plantview__langdon_4__13-02-24,False,da3,12,0.9297436412414095
plantview__langdon_4__13-02-24,False,da3,13,0.9117097595346093
plantview__langdon_4__13-02-24,False,da3,14,0.8833838213420175
plantview__langdon_4__13-02-24,False,da3,15,0.9106282497458815
plantview__langdon_4__13-02-24,False,da3,16,0.9323729179356098
plantview__langdon_4__13-02-24,False,da3,17,0.9500892537074965
plantview__langdon_4__13-02-24,False,da3,18,0.8952650842120198
plantview__langdon_4__13-02-24,False,da3,19,0.9318726572360718
plantview__langdon_4__13-02-24,False,da3,20,0.8818808217252891
plantview__langdon_4__13-02-24,False,da3,21,0.9322251265853863
plantview__langdon_4__13-02-24,False,da3,22,0.9227298336561249
plantview__langdon_4__13-02-24,False,da3,23,0.8851647394936604
plantview__langdon_4__13-02-24,False,da3,24,0.8288470979484
plantview__langdon_4__13-02-24,False,da3,25,0.7721852888279961
plantview__langdon_4__13-02-24,False,da3,26,0.7825881856071651
plantview__langdon_4__13-02-24,False,da3,27,0.7737349599782619
plantview__langdon_4__13-02-24,False,da3,28,0.797944901271082
plantview__langdon_4__13-02-24,False,da3,29,0.7451185497451052
plantview__langdon_4__13-02-24,False,da3,30,0.5942528742811723
plantview__langdon_4__13-02-24,False,da3,31,0.5623430526727428
plantview__langdon_4__13-02-24,False,da3,32,0.5566030277833031
plantview__langdon_4__13-02-24,False,da3,33,0.5678060063793986
plantview__langdon_4__13-02-24,False,da3,34,0.5805985165318961
plantview__langdon_4__13-02-24,False,da3,35,0.5239741840266425
plantview__langdon_4__13-02-24,False,da3,36,0.5772745762099718
plantview__langdon_4__13-02-24,False,da3,37,0.5951638988433755
plantview__langdon_4__13-02-24,False,da3,38,0.7072853097187266
plantview__langdon_4__13-02-24,False,da3,39,0.8050516830378873
plantview__langdon_4__13-02-24,False,da3,40,0.8194653437524315
plantview__langdon_4__13-02-24,False,da3,41,0.8461221745423073
plantview__langdon_4__13-02-24,False,da3,42,0.8280922567566964
plantview__langdon_4__13-02-24,False,da3,43,0.9453143472043137
plantview__langdon_4__13-02-24,False,da3,44,0.9202126933723076
plantview__langdon_4__13-02-24,False,da3,45,0.8439505290060039
plantview__langdon_4__13-02-24,False,da3,46,0.9136108439593263
plantview__langdon_4__13-02-24,False,da3,47,0.9382265596777525
plantview__langdon_4__13-02-24,False,da3,48,0.8795680440892842
plantview__langdon_4__13-02-24,False,da3,49,0.8572417632759699
plantview__langdon_4__13-02-24,False,da3,50,0.9075365067386247
plantview__langdon_4__13-02-24,False,da3,51,0.9634494962656689
plantview__langdon_4__13-02-24,False,da3,52,0.9610461176098266
plantview__langdon_4__13-02-24,False,da3,53,0.9548518682719727
plantview__langdon_4__13-02-24,False,da3,54,0.9674222619425448
plantview__langdon_4__13-02-24,False,da3,55,1.009821510172961
plantview__langdon_4__13-02-24,False,da3,56,1.0089567380382478
plantview__langdon_4__13-02-24,False,da3,57,1.0319637552780656
plantview__langdon_4__13-02-24,False,da3,58,1.0126196273681767
plantview__langdon_4__13-02-24,False,da3,59,0.9485659961729569
plantview__langdon_4__13-02-24,False,da3,60,0.8393460345163287
plantview__langdon_4__13-02-24,False,da3,61,0.8242827137603841
plantview__langdon_4__13-02-24,False,da3,62,0.7839749343538345
plantview__langdon_4__13-02-24,False,da3,63,0.7847664805562331
plantview__langdon_4__13-02-24,False,da3,64,0.7173764157696394
plantview__langdon_4__13-02-24,False,da3,65,0.5133345121946624
plantview__langdon_4__13-02-24,False,da3,66,0.5913514505793669
plantview__langdon_4__13-02-24,False,da3,67,0.5461819034991635
plantview__langdon_4__13-02-24,False,da3,68,0.5545258393682846
plantview__langdon_4__13-02-24,False,da3,69,0.5776158577687207
plantview__langdon_4__13-02-24,False,da3,70,0.5203868654372126
plantview__langdon_4__13-02-24,False,da3,71,0.6399855040798672
plantview__langdon_4__13-02-24,False,da3,72,0.7410597059870183
plantview__langdon_4__13-02-24,False,da3,73,0.7049627813870161
plantview__langdon_4__13-02-24,False,da3,74,0.7969443803961462
plantview__langdon_4__13-02-24,False,da3,75,0.7947439611764667
plantview__langdon_4__13-02-24,False,da3,76,0.8601064357430441
plantview__langdon_4__13-02-24,False,da3,77,0.8966475414381827
plantview__langdon_4__13-02-24,False,da3,78,0.9970915605150414
plantview__langdon_4__13-02-24,False,da3,79,1.0175326647420744
plantview__langdon_4__13-02-24,False,da3,80,0.9915465771781202
plantview__langdon_4__13-02-24,False,da3,81,0.9735176742861403
plantview__langdon_4__13-02-24,False,da3,82,0.9597483756894329
plantview__langdon_4__13-02-24,False,da3,83,0.9169523052792776
plantview__langdon_4__13-02-24,False,da3,84,0.9046426716432319
plantview__langdon_4__13-02-24,False,da3,85,0.8954911791826003
plantview__langdon_4__13-02-24,False,da3,86,0.8407802733512864
plantview__langdon_4__13-02-24,False,da3,87,0.8890035710877614
plantview__langdon_4__13-02-24,False,da3,88,0.9647626274464525
plantview__langdon_4__13-02-24,False,da3,89,0.996899175045936
plantview__langdon_4__13-02-24,False,da3,90,0.9702403786974452
plantview__langdon_4__13-02-24,False,da3,91,0.9328348811275926
plantview__langdon_4__13-02-24,False,da3,92,0.9677873963702266
plantview__langdon_4__13-02-24,False,da3,93,0.9195724593508308
plantview__langdon_4__13-02-24,False,da3,94,0.7657440773532911
plantview__langdon_4__13-02-24,False,da3,95,0.7712844679903397
plantview__langdon_4__13-02-24,False,da3,96,0.7414775484817633
plantview__langdon_4__13-02-24,False,da3,97,0.7101563763652246
plantview__langdon_4__13-02-24,False,da3,98,0.6002685740382413
plantview__langdon_4__13-02-24,False,da3,99,0.5263512832916094
plantview__langdon_4__13-02-24,False,da3,100,0.5574002145155663
plantview__langdon_4__13-02-24,False,da3,101,0.5143462494003095
plantview__langdon_4__13-02-24,False,da3,102,0.5458078294013524
plantview__langdon_4__13-02-24,False,da3,103,0.5239915235899888
plantview__langdon_4__13-02-24,False,da3,104,0.5223930526817764
plantview__langdon_4__13-02-24,False,da3,105,0.6392281099292706
plantview__langdon_4__13-02-24,False,da3,106,0.6214150636725168
plantview__langdon_4__13-02-24,False,da3,107,0.7056799856231684
plantview__langdon_4__13-02-24,False,da3,108,0.8043205002710183
plantview__langdon_4__13-02-24,False,da3,109,0.7608915423091835
plantview__langdon_4__13-02-24,False,da3,110,0.8280398773056421
plantview__langdon_4__13-02-24,False,da3,111,0.9019260962960258
plantview__langdon_4__13-02-24,False,da3,112,0.9345705967503015
plantview__langdon_4__13-02-24,False,da3,113,0.9023386545412941
plantview__langdon_4__13-02-24,False,da3,114,0.9345214257885452
plantview__langdon_4__13-02-24,False,da3,115,0.9332146303275458
plantview__langdon_4__13-02-24,False,da3,116,0.9135386668337093
plantview__langdon_4__13-02-24,False,da3,117,0.8453598672382096
plantview__langdon_4__13-02-24,False,da3,118,0.8806962129348501
plantview__langdon_4__13-02-24,False,da3,119,0.8654636816976837
plantview__langdon_4__13-02-24,False,da3,120,0.8143788956048099
plantview__langdon_4__13-02-24,False,da3,121,0.8887330139524359
plantview__langdon_4__13-02-24,False,da3,122,0.9056565999475864
plantview__langdon_4__13-02-24,False,da3,123,0.9080783551764823
plantview__langdon_4__13-02-24,False,da3,124,0.9240477892146859
plantview__langdon_4__13-02-24,False,da3,125,0.9296669624379328
plantview__langdon_4__13-02-24,False,da3,126,0.9567599201333149
plantview__langdon_4__13-02-24,False,da3,127,0.8597418233039067
plantview__langdon_4__13-02-24,False,da3,128,0.813507329772122
plantview__langdon_4__13-02-24,False,da3,129,0.8798779137380426
plantview__langdon_4__13-02-24,False,da3,130,0.8118980231468454
plantview__langdon_4__13-02-24,False,da3,131,0.7281523364462386
plantview__langdon_4__13-02-24,False,da3,132,0.6562071306146826
plantview__langdon_4__13-02-24,False,da3,133,0.5897673936399491
plantview__langdon_4__13-02-24,False,da3,134,0.5872742459551963
plantview__langdon_4__13-02-24,False,da3,135,0.5534635221706762
plantview__langdon_4__13-02-24,False,da3,136,0.5851608047127286
plantview__langdon_4__13-02-24,False,da3,137,0.6313238243315924
plantview__langdon_4__13-02-24,False,da3,138,0.5860696603563353
plantview__langdon_4__13-02-24,False,da3,139,0.7238112353919806
plantview__langdon_4__13-02-24,False,da3,140,0.7335441774715813
plantview__langdon_4__13-02-24,False,da3,141,0.7722891831545248
plantview__langdon_4__13-02-24,False,da3,142,0.8320709366942133
plantview__langdon_4__13-02-24,False,da3,143,0.8467219502794596
plantview__langdon_4__13-02-24,False,da3,144,0.8579299424478419
plantview__langdon_4__13-02-24,False,da3,145,0.8801671492940887
plantview__langdon_4__13-02-24,False,da3,146,0.9205234734539243
plantview__langdon_4__13-02-24,False,da3,147,0.8866859076557697
plantview__langdon_4__13-02-24,False,da3,148,0.8802694127030133
plantview__langdon_4__13-02-24,False,da3,149,0.8777863554975076
plantview__langdon_4__13-02-24,False,da3,150,0.8537584688929403
plantview__langdon_4__13-02-24,False,da3,151,0.8026740152626768
plantview__langdon_4__13-02-24,False,da3,152,0.8283818752803818
plantview__langdon_4__13-02-24,False,da3,153,0.7851633612347941
plantview__langdon_4__13-02-24,False,da3,154,0.7985785967691879
plantview__langdon_4__13-02-24,False,da3,155,0.8340203707933214
plantview__langdon_4__13-02-24,False,da3,156,0.8252381453501743
plantview__langdon_4__13-02-24,False,da3,157,0.8639445380838026
plantview__langdon_4__13-02-24,False,da3,158,0.8286271308751137
plantview__langdon_4__13-02-24,False,da3,159,0.8739483577676214
plantview__langdon_4__13-02-24,False,da3,160,0.8670829041374715
plantview__langdon_4__13-02-24,False,da3,161,0.81052243530085
plantview__langdon_4__13-02-24,False,da3,162,0.8176177692401512
plantview__langdon_4__13-02-24,False,da3,163,0.8146752295927133
plantview__langdon_4__13-02-24,False,da3,164,0.747497483247104
plantview__langdon_4__13-02-24,False,da3,165,0.7354860126882328
plantview__langdon_4__13-02-24,False,da3,166,0.6651893954852297
plantview__langdon_4__13-02-24,False,da3,167,0.5747511885107623
plantview__langdon_4__13-02-24,False,da3,168,0.5969067380000561
plantview__langdon_4__13-02-24,False,da3,169,0.6150764700416462
plantview__langdon_4__13-02-24,False,da3,170,0.5902794828159191
plantview__langdon_4__13-02-24,False,da3,171,0.6084733477324823
plantview__langdon_4__13-02-24,False,da3,172,0.5628810435192325
plantview__langdon_4__13-02-24,False,da3,173,0.6461917722412748
plantview__langdon_4__13-02-24,False,da3,174,0.7231714815645489
plantview__langdon_4__13-02-24,False,da3,175,0.8006462088702608
plantview__langdon_4__13-02-24,False,da3,176,0.7984348920376532
plantview__langdon_4__13-02-24,False,da3,177,0.7431038978304281
plantview__langdon_4__13-02-24,False,da3,178,0.8017427487215698
plantview__langdon_4__13-02-24,False,da3,179,0.8739365234779308
plantview__langdon_4__13-02-24,False,da3,180,0.8556033708366548
plantview__langdon_4__13-02-24,False,da3,181,0.8635396578810021
plantview__langdon_4__13-02-24,False,da3,182,0.8362922877934446
plantview__langdon_4__13-02-24,False,da3,183,0.849518013184648
plantview__langdon_4__13-02-24,False,da3,184,0.8121682871396829
plantview__langdon_4__13-02-24,False,da3,185,0.7826323515740798
plantview__langdon_4__13-02-24,False,da3,186,0.7932826439429717
plantview__langdon_4__13-02-24,False,da3,187,0.7619127932787957
plantview__langdon_4__13-02-24,False,da3,188,0.7873061154014243
plantview__langdon_4__13-02-24,False,da3,189,0.8477589869478745
plantview__langdon_4__13-02-24,False,da3,190,0.9151984520438097
plantview__langdon_4__13-02-24,False,da3,191,0.8831942492232381
plantview__langdon_4__13-02-24,False,da3,192,0.8626761978201669
plantview__langdon_4__13-02-24,False,da3,193,0.8718798488875769
plantview__langdon_4__13-02-24,False,da3,194,0.8819475620495434
plantview__langdon_4__13-02-24,False,da3,195,0.9049151290332778
plantview__langdon_4__13-02-24,False,da3,196,0.8315083396192681
plantview__langdon_4__13-02-24,False,da3,197,0.8140515284673934
plantview__langdon_4__13-02-24,False,da3,198,0.8053455250785777
plantview__langdon_4__13-02-24,False,da3,199,0.7744991158530392
plantview__langdon_4__13-02-24,False,da3,200,0.6647177967985172
plantview__langdon_4__13-02-24,False,da3,201,0.5823971667744894
plantview__langdon_4__13-02-24,False,da3,202,0.6178475236456975
plantview__langdon_4__13-02-24,False,da3,203,0.596087035344575
plantview__langdon_4__13-02-24,False,da3,204,0.615791999921782
plantview__langdon_4__13-02-24,False,da3,205,0.6381843417968962
plantview__langdon_4__13-02-24,False,da3,206,0.6093695492916464
plantview__langdon_4__13-02-24,False,da3,207,0.6799784769815453
plantview__langdon_4__13-02-24,False,da3,208,0.7429068428212546
plantview__langdon_4__13-02-24,False,da3,209,0.7815682541430033
plantview__langdon_4__13-02-24,False,da3,210,0.7981617049081875
plantview__langdon_4__13-02-24,False,da3,211,0.7850642801564425
plantview__langdon_4__13-02-24,False,da3,212,0.8158511666253679
plantview__langdon_4__13-02-24,False,da3,213,0.8873755314920093
plantview__langdon_4__13-02-24,False,da3,214,0.864966603087488
plantview__langdon_4__13-02-24,False,da3,215,0.8951711312335698
plantview__langdon_4__13-02-24,False,da3,216,0.8604009150617274
plantview__langdon_4__13-02-24,False,da3,217,0.834714054097644
plantview__langdon_4__13-02-24,False,da3,218,0.8705747479626091
plantview__langdon_4__13-02-24,False,da3,219,0.8496427958672412
plantview__langdon_4__13-02-24,False,da3,220,0.8203935401188415
plantview__langdon_4__13-02-24,False,da3,221,0.8156937411635881
plantview__langdon_4__13-02-24,False,da3,222,0.8193351208205751
plantview__langdon_4__13-02-24,False,da3,223,0.8631087081157467
plantview__langdon_4__13-02-24,False,da3,224,0.8468338470719055
plantview__langdon_4__13-02-24,False,da3,225,0.8791523112043398
plantview__langdon_4__13-02-24,False,da3,226,0.8911704935369835
plantview__langdon_4__13-02-24,False,da3,227,0.8895099675768126
plantview__langdon_4__13-02-24,False,da3,228,0.8324286953691378
plantview__langdon_4__13-02-24,False,da3,229,0.7875735968356116
plantview__langdon_4__13-02-24,False,da3,230,0.718863772689986
plantview__langdon_4__13-02-24,False,da3,231,0.728372381572019
plantview__langdon_4__13-02-24,False,da3,232,0.7378948023237525
plantview__langdon_4__13-02-24,False,da3,233,0.7165304482528408
plantview__langdon_4__13-02-24,False,da3,234,0.6721230163680496
plantview__langdon_4__13-02-24,False,da3,235,0.6060961544020591
plantview__langdon_4__13-02-24,False,da3,236,0.6429428344610744
plantview__langdon_4__13-02-24,False,da3,237,0.6216689297265401
plantview__langdon_4__13-02-24,False,da3,238,0.5826972889240484
plantview__langdon_4__13-02-24,False,da3,239,0.5975321265427042
plantview__langdon_4__13-02-24,False,da3,240,0.5942613923809605
plantview__langdon_4__13-02-24,False,da3,241,0.6420285702933868
plantview__langdon_4__13-02-24,False,da3,242,0.7051255060595933
plantview__langdon_4__13-02-24,False,da3,243,0.6974734446652566
plantview__langdon_4__13-02-24,False,da3,244,0.6772902996912924
plantview__langdon_4__13-02-24,False,da3,245,0.7006229816093335
plantview__langdon_4__13-02-24,False,da3,246,0.7594051133240449
plantview__langdon_4__13-02-24,False,da3,247,0.835560771655359
plantview__langdon_4__13-02-24,False,da3,248,0.8513715951146152
plantview__langdon_4__13-02-24,False,da3,249,0.8681965144126107
plantview__langdon_4__13-02-24,False,da3,250,0.8935157595211671
plantview__langdon_4__13-02-24,False,da3,251,0.8897184985119246
plantview__langdon_4__13-02-24,False,da3,252,0.8525798428100162
plantview__langdon_4__13-02-24,False,da3,253,0.8244735182981099
plantview__langdon_4__13-02-24,False,da3,254,0.7951617124356658
plantview__langdon_4__13-02-24,False,da3,255,0.8200886093806528
plantview__langdon_4__13-02-24,False,da3,256,0.813075079363818
plantview__langdon_4__13-02-24,False,da3,257,0.8480936032930582
plantview__langdon_4__13-02-24,False,da3,258,0.8828604668399576
plantview__langdon_4__13-02-24,False,da3,259,0.8517130497882571
plantview__langdon_4__13-02-24,False,da3,260,0.8462122006238963
plantview__langdon_4__13-02-24,False,da3,261,0.8332938601356199
plantview__langdon_4__13-02-24,False,da3,262,0.827983847741665
plantview__langdon_4__13-02-24,False,da3,263,0.7595882710649664
plantview__langdon_4__13-02-24,False,da3,264,0.6849248456056103
plantview__langdon_4__13-02-24,False,da3,265,0.722039680114589
plantview__langdon_4__13-02-24,False,da3,266,0.6650025829282226
plantview__langdon_4__13-02-24,False,da3,267,0.6720638631905211
plantview__langdon_4__13-02-24,False,da3,268,0.6197467765102982
plantview__langdon_4__13-02-24,False,da3,269,0.5341112977009878
plantview__langdon_4__13-02-24,False,da3,270,0.5382874465310163
plantview__langdon_4__13-02-24,False,da3,271,0.5140007504243785
plantview__langdon_4__13-02-24,False,da3,272,0.49267414355802414
plantview__langdon_4__13-02-24,False,da3,273,0.4914374438197894
plantview__langdon_4__13-02-24,False,da3,274,0.4962255671367751
plantview__langdon_4__13-02-24,False,da3,275,0.5648260949845489
plantview__langdon_4__13-02-24,False,da3,276,0.6239581608878991
plantview__langdon_4__13-02-24,False,da3,277,0.6776133917512807
plantview__langdon_4__13-02-24,False,da3,278,0.7307499253486586
plantview__langdon_4__13-02-24,False,da3,279,0.7280874380625277
plantview__langdon_4__13-02-24,False,da3,280,0.8188859992461085
plantview__langdon_4__13-02-24,False,da3,281,0.8470211535462733
plantview__langdon_4__13-02-24,False,da3,282,0.8608300959996689
plantview__langdon_4__13-02-24,False,da3,283,0.829011225821061
plantview__langdon_4__13-02-24,False,da3,284,0.8630209951973309
plantview__langdon_4__13-02-24,False,da3,285,0.8497880520388408
plantview__langdon_4__13-02-24,False,da3,286,0.805672650356588
plantview__langdon_4__13-02-24,False,da3,287,0.7610645635822892
plantview__langdon_4__13-02-24,False,da3,288,0.7473788926561057
plantview__langdon_4__13-02-24,False,da3,289,0.7774598725612919
plantview__langdon_4__13-02-24,False,da3,290,0.7978909012758
plantview__langdon_4__13-02-24,False,da3,291,0.7858121114443333
plantview__langdon_4__13-02-24,False,da3,292,0.82241005986025
plantview__langdon_4__13-02-24,False,da3,293,0.8193718363954556
plantview__langdon_4__13-02-24,False,da3,294,0.8502485018532269
plantview__langdon_4__13-02-24,False,da3,295,0.8438175093111623
plantview__langdon_4__13-02-24,False,da3,296,0.8298478720449601
plantview__langdon_4__13-02-24,False,da3,297,0.8028327079583675
plantview__langdon_4__13-02-24,False,da3,298,0.7303332601497827
plantview__langdon_4__13-02-24,False,da3,299,0.7110855004783064
plantview__langdon_4__13-02-24,False,da3,300,0.6677885544832354
plantview__langdon_4__13-02-24,False,da3,301,0.6088429266708247
plantview__langdon_4__13-02-24,False,da3,302,0.5222408923999349
plantview__langdon_4__13-02-24,False,da3,303,0.49091516832258775
plantview__langdon_4__13-02-24,False,da3,304,0.5132126109431794
plantview__langdon_4__13-02-24,False,da3,305,0.5698358372189378
plantview__langdon_4__13-02-24,False,da3,306,0.5093650364661668
plantview__langdon_4__13-02-24,False,da3,307,0.516747196647076
plantview__langdon_4__13-02-24,False,da3,308,0.5105645693539027
plantview__langdon_4__13-02-24,False,da3,309,0.5832668217849402
plantview__langdon_4__13-02-24,False,da3,310,0.6376568616366369
plantview__langdon_4__13-02-24,False,da3,311,0.6984911348021503
plantview__langdon_4__13-02-24,False,da3,312,0.7608264402316034
plantview__langdon_4__13-02-24,False,da3,313,0.7275934701469139
plantview__langdon_4__13-02-24,False,da3,314,0.8352744139170736
plantview__langdon_4__13-02-24,False,da3,315,0.9519105618829298
plantview__langdon_4__13-02-24,False,da3,316,0.9186338215936599
plantview__langdon_4__13-02-24,False,da3,317,0.9224889576762296
plantview__langdon_4__13-02-24,False,da3,318,0.9058666288220205
plantview__langdon_4__13-02-24,False,da3,319,0.8597616094164691
plantview__langdon_4__13-02-24,False,da3,320,0.8571949572690029
plantview__langdon_4__13-02-24,False,da3,321,0.7991570360896376
plantview__langdon_4__13-02-24,False,da3,322,0.8445124195559772
plantview__langdon_4__13-02-24,False,da3,323,0.8759582833575248
plantview__langdon_4__13-02-24,False,da3,324,0.8418932804589021
plantview__langdon_4__13-02-24,False,da3,325,0.8568836588141988
plantview__langdon_4__13-02-24,False,da3,326,0.8873575318191949
plantview__langdon_4__13-02-24,False,da3,327,0.8824881625409413
plantview__langdon_4__13-02-24,False,da3,328,0.9124166685798235
plantview__langdon_4__13-02-24,False,da3,329,0.8999168421244199
plantview__langdon_4__13-02-24,False,da3,330,0.859641113440148
plantview__langdon_4__13-02-24,False,da3,331,0.7985088699681284
plantview__langdon_4__13-02-24,False,da3,332,0.7974635772862915
plantview__langdon_4__13-02-24,False,da3,333,0.743137478006734
plantview__langdon_4__13-02-24,False,da3,334,0.770844370366204
plantview__langdon_4__13-02-24,False,da3,335,0.7008173002031302
plantview__langdon_4__13-02-24,False,da3,336,0.6159990688382329
plantview__langdon_4__13-02-24,False,da3,337,0.5378046752505128
plantview__langdon_4__13-02-24,False,da3,338,0.55732735906436
plantview__langdon_4__13-02-24,False,da3,339,0.504652934639805
plantview__langdon_4__13-02-24,False,unidepth,0,0.9121086515764958
plantview__langdon_4__13-02-24,False,unidepth,1,0.5931587588738183
plantview__langdon_4__13-02-24,False,unidepth,2,0.5478620828671574
plantview__langdon_4__13-02-24,False,unidepth,3,0.6743959937428148
plantview__langdon_4__13-02-24,False,unidepth,4,0.9961681578194813
plantview__langdon_4__13-02-24,False,unidepth,5,1.079953038418862
plantview__langdon_4__13-02-24,False,unidepth,6,1.3385463933639175
plantview__langdon_4__13-02-24,False,unidepth,7,1.5645961930808003
plantview__langdon_4__13-02-24,False,unidepth,8,1.9398991527599783
plantview__langdon_4__13-02-24,False,unidepth,9,1.5738878777005847
plantview__langdon_4__13-02-24,False,unidepth,10,2.126848708095147
plantview__langdon_4__13-02-24,False,unidepth,11,1.8955279248351529
plantview__langdon_4__13-02-24,False,unidepth,12,2.1601463016082105
plantview__langdon_4__13-02-24,False,unidepth,13,1.925303014901905
plantview__langdon_4__13-02-24,False,unidepth,14,2.0746335471432897
plantview__langdon_4__13-02-24,False,unidepth,15,1.996284492983097
plantview__langdon_4__13-02-24,False,unidepth,16,1.7921774284422
plantview__langdon_4__13-02-24,False,unidepth,17,2.040295143797014
plantview__langdon_4__13-02-24,False,unidepth,18,2.0990391755774556
plantview__langdon_4__13-02-24,False,unidepth,19,2.0559572225738805
plantview__langdon_4__13-02-24,False,unidepth,20,2.082979983839631
plantview__langdon_4__13-02-24,False,unidepth,21,2.197734274908339
plantview__langdon_4__13-02-24,False,unidepth,22,1.8514396306955767
plantview__langdon_4__13-02-24,False,unidepth,23,2.0033432106111064
plantview__langdon_4__13-02-24,False,unidepth,24,2.031397502788332
plantview__langdon_4__13-02-24,False,unidepth,25,2.2421156434886154
plantview__langdon_4__13-02-24,False,unidepth,26,1.2226214051893876
plantview__langdon_4__13-02-24,False,unidepth,27,1.5722253678313387
plantview__langdon_4__13-02-24,False,unidepth,28,1.229916306365395
plantview__langdon_4__13-02-24,False,unidepth,29,0.8950359441477848
plantview__langdon_4__13-02-24,False,unidepth,30,0.7391775997268948
plantview__langdon_4__13-02-24,False,unidepth,31,0.5392845969091875
plantview__langdon_4__13-02-24,False,unidepth,32,0.4774170929399212
plantview__langdon_4__13-02-24,False,unidepth,33,0.6269721175512506
plantview__langdon_4__13-02-24,False,unidepth,34,0.630014393763934
plantview__langdon_4__13-02-24,False,unidepth,35,0.5703412267159883
plantview__langdon_4__13-02-24,False,unidepth,36,0.9696491635222957
plantview__langdon_4__13-02-24,False,unidepth,37,0.9400596440253746
plantview__langdon_4__13-02-24,False,unidepth,38,1.0992860293024131
plantview__langdon_4__13-02-24,False,unidepth,39,1.236021823912452
plantview__langdon_4__13-02-24,False,unidepth,40,1.7180587439966093
plantview__langdon_4__13-02-24,False,unidepth,41,1.4943742431914682
plantview__langdon_4__13-02-24,False,unidepth,42,2.3316042675460853
plantview__langdon_4__13-02-24,False,unidepth,43,2.120934345215506
plantview__langdon_4__13-02-24,False,unidepth,44,1.9422027827515809
plantview__langdon_4__13-02-24,False,unidepth,45,1.8223296421898687
plantview__langdon_4__13-02-24,False,unidepth,46,1.8071716452227569
plantview__langdon_4__13-02-24,False,unidepth,47,2.0959135095252357
plantview__langdon_4__13-02-24,False,unidepth,48,1.8604302756740712
plantview__langdon_4__13-02-24,False,unidepth,49,1.6207474846399714
plantview__langdon_4__13-02-24,False,unidepth,50,2.043783488064003
plantview__langdon_4__13-02-24,False,unidepth,51,1.8145687434350308
plantview__langdon_4__13-02-24,False,unidepth,52,1.7501821527841293
plantview__langdon_4__13-02-24,False,unidepth,53,1.7879302521154097
plantview__langdon_4__13-02-24,False,unidepth,54,1.8645137602020831
plantview__langdon_4__13-02-24,False,unidepth,55,1.949689676787878
plantview__langdon_4__13-02-24,False,unidepth,56,1.7092316755434935
plantview__langdon_4__13-02-24,False,unidepth,57,1.6469498380177092
plantview__langdon_4__13-02-24,False,unidepth,58,2.6878969967338326
plantview__langdon_4__13-02-24,False,unidepth,59,2.1104670544406545
plantview__langdon_4__13-02-24,False,unidepth,60,1.2977929686234302
plantview__langdon_4__13-02-24,False,unidepth,61,1.0828414076738078
plantview__langdon_4__13-02-24,False,unidepth,62,0.8577652917438239
plantview__langdon_4__13-02-24,False,unidepth,63,0.7386542743352551
plantview__langdon_4__13-02-24,False,unidepth,64,0.6933268856905639
plantview__langdon_4__13-02-24,False,unidepth,65,0.4888722075813595
plantview__langdon_4__13-02-24,False,unidepth,66,0.5356601137935026
plantview__langdon_4__13-02-24,False,unidepth,67,0.6366189567759553
plantview__langdon_4__13-02-24,False,unidepth,68,0.576914668594276
plantview__langdon_4__13-02-24,False,unidepth,69,0.5745889374069315
plantview__langdon_4__13-02-24,False,unidepth,70,0.6733205527468036
plantview__langdon_4__13-02-24,False,unidepth,71,0.7909034841849296
plantview__langdon_4__13-02-24,False,unidepth,72,0.9075683128035001
plantview__langdon_4__13-02-24,False,unidepth,73,0.9865551741281551
plantview__langdon_4__13-02-24,False,unidepth,74,1.0401303180130812
plantview__langdon_4__13-02-24,False,unidepth,75,1.4595630263550967
plantview__langdon_4__13-02-24,False,unidepth,76,2.167263970870336
plantview__langdon_4__13-02-24,False,unidepth,77,2.153559632327421
plantview__langdon_4__13-02-24,False,unidepth,78,1.8217584739778327
plantview__langdon_4__13-02-24,False,unidepth,79,1.9548540389242257
plantview__langdon_4__13-02-24,False,unidepth,80,2.1041043639435726
plantview__langdon_4__13-02-24,False,unidepth,81,1.8933088241366227
plantview__langdon_4__13-02-24,False,unidepth,82,2.0430907991224463
plantview__langdon_4__13-02-24,False,unidepth,83,1.9952896840931975
plantview__langdon_4__13-02-24,False,unidepth,84,1.8753274238450066
plantview__langdon_4__13-02-24,False,unidepth,85,1.7027944434059448
plantview__langdon_4__13-02-24,False,unidepth,86,1.7455537694872127
plantview__langdon_4__13-02-24,False,unidepth,87,1.8936083326126116
plantview__langdon_4__13-02-24,False,unidepth,88,2.271267434071661
plantview__langdon_4__13-02-24,False,unidepth,89,2.4344781681280483
plantview__langdon_4__13-02-24,False,unidepth,90,2.259445267997581
plantview__langdon_4__13-02-24,False,unidepth,91,1.953697792667781
plantview__langdon_4__13-02-24,False,unidepth,92,1.6316926723967584
plantview__langdon_4__13-02-24,False,unidepth,93,1.524556642357238
plantview__langdon_4__13-02-24,False,unidepth,94,1.3514359953735597
plantview__langdon_4__13-02-24,False,unidepth,95,1.0901997393406695
plantview__langdon_4__13-02-24,False,unidepth,96,0.8539218390055057
plantview__langdon_4__13-02-24,False,unidepth,97,0.8357365312470426
plantview__langdon_4__13-02-24,False,unidepth,98,0.6304310600507279
plantview__langdon_4__13-02-24,False,unidepth,99,0.5226074628238508
plantview__langdon_4__13-02-24,False,unidepth,100,0.8042852532086292
plantview__langdon_4__13-02-24,False,unidepth,101,0.565954301961088
plantview__langdon_4__13-02-24,False,unidepth,102,0.7286998717983433
plantview__langdon_4__13-02-24,False,unidepth,103,0.5105734641033992
plantview__langdon_4__13-02-24,False,unidepth,104,0.5018474702544609
plantview__langdon_4__13-02-24,False,unidepth,105,0.574292735763853
plantview__langdon_4__13-02-24,False,unidepth,106,0.5569038412516958
plantview__langdon_4__13-02-24,False,unidepth,107,0.742320094192024
plantview__langdon_4__13-02-24,False,unidepth,108,1.0296560198211164
plantview__langdon_4__13-02-24,False,unidepth,109,1.3252878566796593
plantview__langdon_4__13-02-24,False,unidepth,110,1.8489410426264867
plantview__langdon_4__13-02-24,False,unidepth,111,2.071427540875078
plantview__langdon_4__13-02-24,False,unidepth,112,1.87750295354779
plantview__langdon_4__13-02-24,False,unidepth,113,2.011262098391729
plantview__langdon_4__13-02-24,False,unidepth,114,1.774324790585639
plantview__langdon_4__13-02-24,False,unidepth,115,2.221168356590185
plantview__langdon_4__13-02-24,False,unidepth,116,1.7952196438375623
plantview__langdon_4__13-02-24,False,unidepth,117,1.4770814700181027
plantview__langdon_4__13-02-24,False,unidepth,118,2.0414278731213473
plantview__langdon_4__13-02-24,False,unidepth,119,1.8606903887630575
plantview__langdon_4__13-02-24,False,unidepth,120,1.6740907964775333
plantview__langdon_4__13-02-24,False,unidepth,121,2.1348076633395014
plantview__langdon_4__13-02-24,False,unidepth,122,2.3781896907755655
plantview__langdon_4__13-02-24,False,unidepth,123,2.368061939987731
plantview__langdon_4__13-02-24,False,unidepth,124,1.9551321799154988
plantview__langdon_4__13-02-24,False,unidepth,125,1.9228436522707466
plantview__langdon_4__13-02-24,False,unidepth,126,1.9696776003109417
plantview__langdon_4__13-02-24,False,unidepth,127,2.4561988722365355
plantview__langdon_4__13-02-24,False,unidepth,128,1.8057925383644302
plantview__langdon_4__13-02-24,False,unidepth,129,1.051894714491472
plantview__langdon_4__13-02-24,False,unidepth,130,0.8960846964989949
plantview__langdon_4__13-02-24,False,unidepth,131,0.5984891886933883
plantview__langdon_4__13-02-24,False,unidepth,132,0.49669240414937543
plantview__langdon_4__13-02-24,False,unidepth,133,0.49913043090101594
plantview__langdon_4__13-02-24,False,unidepth,134,0.36003030064203223
plantview__langdon_4__13-02-24,False,unidepth,135,0.5455001852497932
plantview__langdon_4__13-02-24,False,unidepth,136,0.5172876198006175
plantview__langdon_4__13-02-24,False,unidepth,137,0.39304177059417866
plantview__langdon_4__13-02-24,False,unidepth,138,0.4215579916037783
plantview__langdon_4__13-02-24,False,unidepth,139,0.5362831821202645
plantview__langdon_4__13-02-24,False,unidepth,140,0.9096379208247399
plantview__langdon_4__13-02-24,False,unidepth,141,1.0437905275433337
plantview__langdon_4__13-02-24,False,unidepth,142,0.8760980560547914
plantview__langdon_4__13-02-24,False,unidepth,143,1.2158191025293852
plantview__langdon_4__13-02-24,False,unidepth,144,1.6540774589837588
plantview__langdon_4__13-02-24,False,unidepth,145,2.2421779302569176
plantview__langdon_4__13-02-24,False,unidepth,146,1.4005928630471491
plantview__langdon_4__13-02-24,False,unidepth,147,1.6939845644363372
plantview__langdon_4__13-02-24,False,unidepth,148,1.9520086690739762
plantview__langdon_4__13-02-24,False,unidepth,149,1.4975011314903641
plantview__langdon_4__13-02-24,False,unidepth,150,1.5974915947731871
plantview__langdon_4__13-02-24,False,unidepth,151,1.7578972585434394
plantview__langdon_4__13-02-24,False,unidepth,152,1.6945892945286585
plantview__langdon_4__13-02-24,False,unidepth,153,1.8455720734036822
plantview__langdon_4__13-02-24,False,unidepth,154,1.7447693279689465
plantview__langdon_4__13-02-24,False,unidepth,155,2.1512850058334
plantview__langdon_4__13-02-24,False,unidepth,156,1.8284519733792073
plantview__langdon_4__13-02-24,False,unidepth,157,2.190443799289392
plantview__langdon_4__13-02-24,False,unidepth,158,1.6847112519458045
plantview__langdon_4__13-02-24,False,unidepth,159,1.6758364032823503
plantview__langdon_4__13-02-24,False,unidepth,160,1.7221493472278824
plantview__langdon_4__13-02-24,False,unidepth,161,1.5527729875918257
plantview__langdon_4__13-02-24,False,unidepth,162,1.4393871695795002
plantview__langdon_4__13-02-24,False,unidepth,163,1.4171927053133953
plantview__langdon_4__13-02-24,False,unidepth,164,0.8391388872818211
plantview__langdon_4__13-02-24,False,unidepth,165,0.8848863687307753
plantview__langdon_4__13-02-24,False,unidepth,166,0.6407409956045607
plantview__langdon_4__13-02-24,False,unidepth,167,0.5178170142521278
plantview__langdon_4__13-02-24,False,unidepth,168,0.6577008670038702
plantview__langdon_4__13-02-24,False,unidepth,169,0.4367860038085085
plantview__langdon_4__13-02-24,False,unidepth,170,0.5178511521951298
plantview__langdon_4__13-02-24,False,unidepth,171,0.7090498375241082
plantview__langdon_4__13-02-24,False,unidepth,172,0.8506604268643596
plantview__langdon_4__13-02-24,False,unidepth,173,1.11578683974584
plantview__langdon_4__13-02-24,False,unidepth,174,1.4102559812925826
plantview__langdon_4__13-02-24,False,unidepth,175,1.490956315426762
plantview__langdon_4__13-02-24,False,unidepth,176,1.6492724371449845
plantview__langdon_4__13-02-24,False,unidepth,177,1.5332762702881062
plantview__langdon_4__13-02-24,False,unidepth,178,1.5796238943404055
plantview__langdon_4__13-02-24,False,unidepth,179,1.6215849671403553
plantview__langdon_4__13-02-24,False,unidepth,180,1.6422689808260542
plantview__langdon_4__13-02-24,False,unidepth,181,1.831542788420927
plantview__langdon_4__13-02-24,False,unidepth,182,2.381059295354068
plantview__langdon_4__13-02-24,False,unidepth,183,2.0645264052273125
plantview__langdon_4__13-02-24,False,unidepth,184,2.186562007739412
plantview__langdon_4__13-02-24,False,unidepth,185,1.7081048336768125
plantview__langdon_4__13-02-24,False,unidepth,186,2.001453832001954
plantview__langdon_4__13-02-24,False,unidepth,187,1.6562492209634092
plantview__langdon_4__13-02-24,False,unidepth,188,1.7306645091662758
plantview__langdon_4__13-02-24,False,unidepth,189,1.7189168229760297
plantview__langdon_4__13-02-24,False,unidepth,190,1.9218222920861914
plantview__langdon_4__13-02-24,False,unidepth,191,2.19935873893849
plantview__langdon_4__13-02-24,False,unidepth,192,1.6181367833478915
plantview__langdon_4__13-02-24,False,unidepth,193,1.779636195818187
plantview__langdon_4__13-02-24,False,unidepth,194,1.631683607809546
plantview__langdon_4__13-02-24,False,unidepth,195,1.4483614499932065
plantview__langdon_4__13-02-24,False,unidepth,196,1.438091494487617
plantview__langdon_4__13-02-24,False,unidepth,197,1.563059290452129
plantview__langdon_4__13-02-24,False,unidepth,198,1.703002907756018
plantview__langdon_4__13-02-24,False,unidepth,199,1.4340401075747982
plantview__langdon_4__13-02-24,False,unidepth,200,1.355116827983234
plantview__langdon_4__13-02-24,False,unidepth,201,0.9004003612951389
plantview__langdon_4__13-02-24,False,unidepth,202,0.9033478142236233
plantview__langdon_4__13-02-24,False,unidepth,203,0.5266160202488306
plantview__langdon_4__13-02-24,False,unidepth,204,0.591960269887498
plantview__langdon_4__13-02-24,False,unidepth,205,1.1546709579559504
plantview__langdon_4__13-02-24,False,unidepth,206,1.0259555630541295
plantview__langdon_4__13-02-24,False,unidepth,207,1.0725505579662693
plantview__langdon_4__13-02-24,False,unidepth,208,1.3714490813183673
plantview__langdon_4__13-02-24,False,unidepth,209,1.558389305270155
plantview__langdon_4__13-02-24,False,unidepth,210,1.4661491693442557
plantview__langdon_4__13-02-24,False,unidepth,211,1.467750309464475
plantview__langdon_4__13-02-24,False,unidepth,212,1.5571873384667345
plantview__langdon_4__13-02-24,False,unidepth,213,1.6158760723701706
plantview__langdon_4__13-02-24,False,unidepth,214,1.6420853677853975
plantview__langdon_4__13-02-24,False,unidepth,215,1.6014759223290458
plantview__langdon_4__13-02-24,False,unidepth,216,2.0408819816695742
plantview__langdon_4__13-02-24,False,unidepth,217,1.7263573074168876
plantview__langdon_4__13-02-24,False,unidepth,218,1.744696020612403
plantview__langdon_4__13-02-24,False,unidepth,219,1.5803661598934244
plantview__langdon_4__13-02-24,False,unidepth,220,1.8198373445397151
plantview__langdon_4__13-02-24,False,unidepth,221,1.5156186285931657
plantview__langdon_4__13-02-24,False,unidepth,222,1.6383515049167015
plantview__langdon_4__13-02-24,False,unidepth,223,1.743881894198548
plantview__langdon_4__13-02-24,False,unidepth,224,1.7397467868201941
plantview__langdon_4__13-02-24,False,unidepth,225,1.9374044169261178
plantview__langdon_4__13-02-24,False,unidepth,226,1.7585765091171974
plantview__langdon_4__13-02-24,False,unidepth,227,1.8204747374658723
plantview__langdon_4__13-02-24,False,unidepth,228,1.8285996314801973
plantview__langdon_4__13-02-24,False,unidepth,229,1.6449822562582022
plantview__langdon_4__13-02-24,False,unidepth,230,1.59254560966018
plantview__langdon_4__13-02-24,False,unidepth,231,1.530074954091329
plantview__langdon_4__13-02-24,False,unidepth,232,1.3084880886663508
plantview__langdon_4__13-02-24,False,unidepth,233,1.7744287513157495
plantview__langdon_4__13-02-24,False,unidepth,234,1.1728706760991794
plantview__langdon_4__13-02-24,False,unidepth,235,1.0828610812808699
plantview__langdon_4__13-02-24,False,unidepth,236,1.4380192727624777
plantview__langdon_4__13-02-24,False,unidepth,237,0.8016405698115943
plantview__langdon_4__13-02-24,False,unidepth,238,0.6176768204787285
plantview__langdon_4__13-02-24,False,unidepth,239,0.9479759584670375
plantview__langdon_4__13-02-24,False,unidepth,240,0.8220045986473415
plantview__langdon_4__13-02-24,False,unidepth,241,1.1645988701399044
plantview__langdon_4__13-02-24,False,unidepth,242,1.1792113468656957
plantview__langdon_4__13-02-24,False,unidepth,243,1.2078808215067098
plantview__langdon_4__13-02-24,False,unidepth,244,1.379239052613174
plantview__langdon_4__13-02-24,False,unidepth,245,1.4364060425493919
plantview__langdon_4__13-02-24,False,unidepth,246,1.370214905874759
plantview__langdon_4__13-02-24,False,unidepth,247,1.7847409223162116
plantview__langdon_4__13-02-24,False,unidepth,248,1.5074964163228721
plantview__langdon_4__13-02-24,False,unidepth,249,1.5187416960704976
plantview__langdon_4__13-02-24,False,unidepth,250,1.9323615855109806
plantview__langdon_4__13-02-24,False,unidepth,251,1.591599023429575
plantview__langdon_4__13-02-24,False,unidepth,252,1.6835753692464697
plantview__langdon_4__13-02-24,False,unidepth,253,1.5026147214617298
plantview__langdon_4__13-02-24,False,unidepth,254,1.5202892764809506
plantview__langdon_4__13-02-24,False,unidepth,255,1.7907004476991588
plantview__langdon_4__13-02-24,False,unidepth,256,1.6710918798851038
plantview__langdon_4__13-02-24,False,unidepth,257,1.977251977864373
plantview__langdon_4__13-02-24,False,unidepth,258,2.3318746250781457
plantview__langdon_4__13-02-24,False,unidepth,259,2.145083232039153
plantview__langdon_4__13-02-24,False,unidepth,260,1.5970673869079393
plantview__langdon_4__13-02-24,False,unidepth,261,1.7540323288112516
plantview__langdon_4__13-02-24,False,unidepth,262,1.543265499774348
plantview__langdon_4__13-02-24,False,unidepth,263,1.415451260662159
plantview__langdon_4__13-02-24,False,unidepth,264,1.358234519301201
plantview__langdon_4__13-02-24,False,unidepth,265,1.5700409935616473
plantview__langdon_4__13-02-24,False,unidepth,266,1.3680960054195943
plantview__langdon_4__13-02-24,False,unidepth,267,1.1478023788533707
plantview__langdon_4__13-02-24,False,unidepth,268,0.8361792194515762
plantview__langdon_4__13-02-24,False,unidepth,269,0.6589394785944251
plantview__langdon_4__13-02-24,False,unidepth,270,0.7013396375028584
plantview__langdon_4__13-02-24,False,unidepth,271,0.5921650962564102
plantview__langdon_4__13-02-24,False,unidepth,272,0.451882342234599
plantview__langdon_4__13-02-24,False,unidepth,273,0.6332146619361593
plantview__langdon_4__13-02-24,False,unidepth,274,0.6276627218710249
plantview__langdon_4__13-02-24,False,unidepth,275,0.7650745493790307
plantview__langdon_4__13-02-24,False,unidepth,276,0.9734710994075997
plantview__langdon_4__13-02-24,False,unidepth,277,1.230844716020528
plantview__langdon_4__13-02-24,False,unidepth,278,1.3443895958476606
plantview__langdon_4__13-02-24,False,unidepth,279,1.4235918831408547
plantview__langdon_4__13-02-24,False,unidepth,280,1.5520328993711436
plantview__langdon_4__13-02-24,False,unidepth,281,1.7504052105237524
plantview__langdon_4__13-02-24,False,unidepth,282,2.011618313629168
plantview__langdon_4__13-02-24,False,unidepth,283,1.8662816416344237
plantview__langdon_4__13-02-24,False,unidepth,284,2.168644553179027
plantview__langdon_4__13-02-24,False,unidepth,285,1.7395875849282114
plantview__langdon_4__13-02-24,False,unidepth,286,1.7036602058812496
plantview__langdon_4__13-02-24,False,unidepth,287,2.227202947287015
plantview__langdon_4__13-02-24,False,unidepth,288,1.8077716595999553
plantview__langdon_4__13-02-24,False,unidepth,289,1.6349358638826899
plantview__langdon_4__13-02-24,False,unidepth,290,1.9810362993323036
plantview__langdon_4__13-02-24,False,unidepth,291,1.7672701222329288
plantview__langdon_4__13-02-24,False,unidepth,292,1.8647319385395447
plantview__langdon_4__13-02-24,False,unidepth,293,1.8415103340566574
plantview__langdon_4__13-02-24,False,unidepth,294,1.6940854187258068
plantview__langdon_4__13-02-24,False,unidepth,295,1.4467638953968134
plantview__langdon_4__13-02-24,False,unidepth,296,1.3437519375119575
plantview__langdon_4__13-02-24,False,unidepth,297,1.2088419681476157
plantview__langdon_4__13-02-24,False,unidepth,298,1.1671134833143009
plantview__langdon_4__13-02-24,False,unidepth,299,1.2824030405979414
plantview__langdon_4__13-02-24,False,unidepth,300,1.335676668150257
plantview__langdon_4__13-02-24,False,unidepth,301,1.0161103217104883
plantview__langdon_4__13-02-24,False,unidepth,302,0.7850778291103078
plantview__langdon_4__13-02-24,False,unidepth,303,0.5938067746374368
plantview__langdon_4__13-02-24,False,unidepth,304,0.5411545141636918
plantview__langdon_4__13-02-24,False,unidepth,305,0.45670885903826586
plantview__langdon_4__13-02-24,False,unidepth,306,0.47827302478398837
plantview__langdon_4__13-02-24,False,unidepth,307,0.7908047698610463
plantview__langdon_4__13-02-24,False,unidepth,308,0.756767005159404
plantview__langdon_4__13-02-24,False,unidepth,309,0.8641915963535655
plantview__langdon_4__13-02-24,False,unidepth,310,0.9843919553316625
plantview__langdon_4__13-02-24,False,unidepth,311,1.0491802119174785
plantview__langdon_4__13-02-24,False,unidepth,312,1.1772422081163991
plantview__langdon_4__13-02-24,False,unidepth,313,1.3711123861568892
plantview__langdon_4__13-02-24,False,unidepth,314,1.7271233926143534
plantview__langdon_4__13-02-24,False,unidepth,315,1.7551678150952679
plantview__langdon_4__13-02-24,False,unidepth,316,1.7132857919894384
plantview__langdon_4__13-02-24,False,unidepth,317,1.8813010535532821
plantview__langdon_4__13-02-24,False,unidepth,318,1.9898831943680904
plantview__langdon_4__13-02-24,False,unidepth,319,1.9499934416497673
plantview__langdon_4__13-02-24,False,unidepth,320,2.1173170769593996
plantview__langdon_4__13-02-24,False,unidepth,321,1.9707777473036954
plantview__langdon_4__13-02-24,False,unidepth,322,1.802259247179337
plantview__langdon_4__13-02-24,False,unidepth,323,2.036782747138969
plantview__langdon_4__13-02-24,False,unidepth,324,1.907109500235301
plantview__langdon_4__13-02-24,False,unidepth,325,2.08659807528083
plantview__langdon_4__13-02-24,False,unidepth,326,2.3499075781948373
plantview__langdon_4__13-02-24,False,unidepth,327,1.826982039003409
plantview__langdon_4__13-02-24,False,unidepth,328,1.5636256493938598
plantview__langdon_4__13-02-24,False,unidepth,329,1.911494035412797
plantview__langdon_4__13-02-24,False,unidepth,330,1.7682792563254153
plantview__langdon_4__13-02-24,False,unidepth,331,1.3852450904433526
plantview__langdon_4__13-02-24,False,unidepth,332,1.4066560079460002
plantview__langdon_4__13-02-24,False,unidepth,333,1.5061634019921275
plantview__langdon_4__13-02-24,False,unidepth,334,1.0953560415387742
plantview__langdon_4__13-02-24,False,unidepth,335,1.0419177476653136
plantview__langdon_4__13-02-24,False,unidepth,336,0.8441541560076816
plantview__langdon_4__13-02-24,False,unidepth,337,0.5541992334257269
plantview__langdon_4__13-02-24,False,unidepth,338,0.5290097745116606
plantview__langdon_4__13-02-24,False,unidepth,339,0.5788865453259678
plantview__langdon_4__20-02-24,False,da3,0,0.5001869567766807
plantview__langdon_4__20-02-24,False,da3,1,0.527623562014495
plantview__langdon_4__20-02-24,False,da3,2,0.5321062870942765
plantview__langdon_4__20-02-24,False,da3,3,0.5807954481152511
plantview__langdon_4__20-02-24,False,da3,4,0.5807919586358077
plantview__langdon_4__20-02-24,False,da3,5,0.6419684186350536
plantview__langdon_4__20-02-24,False,da3,6,0.6587458076073609
plantview__langdon_4__20-02-24,False,da3,7,0.690695582816121
plantview__langdon_4__20-02-24,False,da3,8,0.6833873728730464
plantview__langdon_4__20-02-24,False,da3,9,0.8669799061080093
plantview__langdon_4__20-02-24,False,da3,10,0.8267479067391554
plantview__langdon_4__20-02-24,False,da3,11,0.8285691118066701
plantview__langdon_4__20-02-24,False,da3,12,0.7555674096476054
plantview__langdon_4__20-02-24,False,da3,13,0.7510919087068177
plantview__langdon_4__20-02-24,False,da3,14,0.7434096831562912
plantview__langdon_4__20-02-24,False,da3,15,0.7345100027668346
plantview__langdon_4__20-02-24,False,da3,16,0.7356652796503373
plantview__langdon_4__20-02-24,False,da3,17,0.7390632725283692
plantview__langdon_4__20-02-24,False,da3,18,0.7766966262252466
plantview__langdon_4__20-02-24,False,da3,19,0.7831080373645127
plantview__langdon_4__20-02-24,False,da3,20,0.7672685206722859
plantview__langdon_4__20-02-24,False,da3,21,0.7955054744803136
plantview__langdon_4__20-02-24,False,da3,22,0.8091139132146437
plantview__langdon_4__20-02-24,False,da3,23,0.7460813711147426
plantview__langdon_4__20-02-24,False,da3,24,0.7494610927265727
plantview__langdon_4__20-02-24,False,da3,25,0.677689235461709
plantview__langdon_4__20-02-24,False,da3,26,0.627204448428422
plantview__langdon_4__20-02-24,False,da3,27,0.6155095147007708
plantview__langdon_4__20-02-24,False,da3,28,0.5892052403929169
plantview__langdon_4__20-02-24,False,da3,29,0.5243050456091654
plantview__langdon_4__20-02-24,False,da3,30,0.5065770995411177
plantview__langdon_4__20-02-24,False,da3,31,0.5262228370032571
plantview__langdon_4__20-02-24,False,da3,32,0.5014533142652148
plantview__langdon_4__20-02-24,False,da3,33,0.5152803775398793
plantview__langdon_4__20-02-24,False,da3,34,0.5318349730700821
plantview__langdon_4__20-02-24,False,da3,35,0.5704224681347787
plantview__langdon_4__20-02-24,False,da3,36,0.5673827980009731
plantview__langdon_4__20-02-24,False,da3,37,0.6111495645177364
plantview__langdon_4__20-02-24,False,da3,38,0.655215876196778
plantview__langdon_4__20-02-24,False,da3,39,0.7161588594937558
plantview__langdon_4__20-02-24,False,da3,40,0.7210226098960206
plantview__langdon_4__20-02-24,False,da3,41,0.8329206244195624
plantview__langdon_4__20-02-24,False,da3,42,0.8664728801756164
plantview__langdon_4__20-02-24,False,da3,43,0.8332591560583333
plantview__langdon_4__20-02-24,False,da3,44,0.783403841000248
plantview__langdon_4__20-02-24,False,da3,45,0.8184409344290366
plantview__langdon_4__20-02-24,False,da3,46,0.7704373204514942
plantview__langdon_4__20-02-24,False,da3,47,0.7518266267777884
plantview__langdon_4__20-02-24,False,da3,48,0.779700684925825
plantview__langdon_4__20-02-24,False,da3,49,0.7800581886053785
plantview__langdon_4__20-02-24,False,da3,50,0.7843143281551624
plantview__langdon_4__20-02-24,False,da3,51,0.8101970721115997
plantview__langdon_4__20-02-24,False,da3,52,0.809410398812088
plantview__langdon_4__20-02-24,False,da3,53,0.8276469377805529
plantview__langdon_4__20-02-24,False,da3,54,0.8639766639129842
plantview__langdon_4__20-02-24,False,da3,55,0.8711092156867144
plantview__langdon_4__20-02-24,False,da3,56,0.8915560695158425
plantview__langdon_4__20-02-24,False,da3,57,0.7806478913257222
plantview__langdon_4__20-02-24,False,da3,58,0.7130364565119561
plantview__langdon_4__20-02-24,False,da3,59,0.6290950331865564
plantview__langdon_4__20-02-24,False,da3,60,0.5827906608501803
plantview__langdon_4__20-02-24,False,da3,61,0.575783661499577
plantview__langdon_4__20-02-24,False,da3,62,0.5204867710046567
plantview__langdon_4__20-02-24,False,da3,63,0.487350072939556
plantview__langdon_4__20-02-24,False,da3,64,0.5228011935487746
plantview__langdon_4__20-02-24,False,da3,65,0.5058157763942637
plantview__langdon_4__20-02-24,False,da3,66,0.5181947384150674
plantview__langdon_4__20-02-24,False,da3,67,0.5380796606183706
plantview__langdon_4__20-02-24,False,da3,68,0.507243047604691
plantview__langdon_4__20-02-24,False,da3,69,0.5856191938310447
plantview__langdon_4__20-02-24,False,da3,70,0.5788117057883662
plantview__langdon_4__20-02-24,False,da3,71,0.5947279449193877
plantview__langdon_4__20-02-24,False,da3,72,0.6556315551185516
plantview__langdon_4__20-02-24,False,da3,73,0.6880823184613651
plantview__langdon_4__20-02-24,False,da3,74,0.7296354281578308
plantview__langdon_4__20-02-24,False,da3,75,0.8845980193782343
plantview__langdon_4__20-02-24,False,da3,76,0.918936057473456
plantview__langdon_4__20-02-24,False,da3,77,0.9455934875955497
plantview__langdon_4__20-02-24,False,da3,78,0.853340290178014
plantview__langdon_4__20-02-24,False,da3,79,0.8537014452814708
plantview__langdon_4__20-02-24,False,da3,80,0.7773325964514115
plantview__langdon_4__20-02-24,False,da3,81,0.8042948684060239
plantview__langdon_4__20-02-24,False,da3,82,0.7962481519662896
plantview__langdon_4__20-02-24,False,da3,83,0.7842658638481425
plantview__langdon_4__20-02-24,False,da3,84,0.7820165429799296
plantview__langdon_4__20-02-24,False,da3,85,0.8327675011178318
plantview__langdon_4__20-02-24,False,da3,86,0.8472744412186763
plantview__langdon_4__20-02-24,False,da3,87,0.858665167128201
plantview__langdon_4__20-02-24,False,da3,88,0.9134568977261263
plantview__langdon_4__20-02-24,False,da3,89,0.9331509411793004
plantview__langdon_4__20-02-24,False,da3,90,0.900216367115425
plantview__langdon_4__20-02-24,False,da3,91,0.7628751732142511
plantview__langdon_4__20-02-24,False,da3,92,0.7547210100547217
plantview__langdon_4__20-02-24,False,da3,93,0.6885283040363331
plantview__langdon_4__20-02-24,False,da3,94,0.6694895590702867
plantview__langdon_4__20-02-24,False,da3,95,0.6121380997037101
plantview__langdon_4__20-02-24,False,da3,96,0.5899619340120756
plantview__langdon_4__20-02-24,False,da3,97,0.5692094842531025
plantview__langdon_4__20-02-24,False,da3,98,0.49043734885281753
plantview__langdon_4__20-02-24,False,da3,99,0.4695049907560117
plantview__langdon_4__20-02-24,False,da3,100,0.5050182645636844
plantview__langdon_4__20-02-24,False,da3,101,0.5176650103012856
plantview__langdon_4__20-02-24,False,da3,102,0.5279748341922649
plantview__langdon_4__20-02-24,False,da3,103,0.6111986692492584
plantview__langdon_4__20-02-24,False,da3,104,0.6296671646429142
plantview__langdon_4__20-02-24,False,da3,105,0.6889860716107281
plantview__langdon_4__20-02-24,False,da3,106,0.7153263496751416
plantview__langdon_4__20-02-24,False,da3,107,0.7319854088302735
plantview__langdon_4__20-02-24,False,da3,108,0.7351092588529329
plantview__langdon_4__20-02-24,False,da3,109,0.8441964992356683
plantview__langdon_4__20-02-24,False,da3,110,0.9088712568507142
plantview__langdon_4__20-02-24,False,da3,111,0.8885415329224844
plantview__langdon_4__20-02-24,False,da3,112,0.8437595578489072
plantview__langdon_4__20-02-24,False,da3,113,0.8197490123413241
plantview__langdon_4__20-02-24,False,da3,114,0.8035112315221267
plantview__langdon_4__20-02-24,False,da3,115,0.7819206645502867
plantview__langdon_4__20-02-24,False,da3,116,0.7928267422361854
plantview__langdon_4__20-02-24,False,da3,117,0.7736315736729575
plantview__langdon_4__20-02-24,False,da3,118,0.772066056643912
plantview__langdon_4__20-02-24,False,da3,119,0.7765629251920647
plantview__langdon_4__20-02-24,False,da3,120,0.8137490700006439
plantview__langdon_4__20-02-24,False,da3,121,0.8640875845625522
plantview__langdon_4__20-02-24,False,da3,122,0.861142753129706
plantview__langdon_4__20-02-24,False,da3,123,0.8728278960872924
plantview__langdon_4__20-02-24,False,da3,124,0.8475467250960189
plantview__langdon_4__20-02-24,False,da3,125,0.7367929675859195
plantview__langdon_4__20-02-24,False,da3,126,0.6894144192412539
plantview__langdon_4__20-02-24,False,da3,127,0.6712061759380821
plantview__langdon_4__20-02-24,False,da3,128,0.6326035528455618
plantview__langdon_4__20-02-24,False,da3,129,0.6263950043693465
plantview__langdon_4__20-02-24,False,da3,130,0.5747143738471333
plantview__langdon_4__20-02-24,False,da3,131,0.5089567178475847
plantview__langdon_4__20-02-24,False,da3,132,0.5408529503550463
plantview__langdon_4__20-02-24,False,da3,133,0.536858615217267
plantview__langdon_4__20-02-24,False,da3,134,0.4958653782065717
plantview__langdon_4__20-02-24,False,da3,135,0.5441313492703221
plantview__langdon_4__20-02-24,False,da3,136,0.48942329955039254
plantview__langdon_4__20-02-24,False,da3,137,0.5968373906013573
plantview__langdon_4__20-02-24,False,da3,138,0.6307167155476234
plantview__langdon_4__20-02-24,False,da3,139,0.6916950781136134
plantview__langdon_4__20-02-24,False,da3,140,0.6448330624880672
plantview__langdon_4__20-02-24,False,da3,141,0.7441604772095078
plantview__langdon_4__20-02-24,False,da3,142,0.7200854687841243
plantview__langdon_4__20-02-24,False,da3,143,0.8359841802949934
plantview__langdon_4__20-02-24,False,da3,144,0.8804755298237903
plantview__langdon_4__20-02-24,False,da3,145,0.8753718843693234
plantview__langdon_4__20-02-24,False,da3,146,0.8605910178107835
plantview__langdon_4__20-02-24,False,da3,147,0.8527723662036815
plantview__langdon_4__20-02-24,False,da3,148,0.7810390467606032
plantview__langdon_4__20-02-24,False,da3,149,0.7524992448565393
plantview__langdon_4__20-02-24,False,da3,150,0.7268300466562517
plantview__langdon_4__20-02-24,False,da3,151,0.7181605282279387
plantview__langdon_4__20-02-24,False,da3,152,0.7316547960706858
plantview__langdon_4__20-02-24,False,da3,153,0.7838351257004748
plantview__langdon_4__20-02-24,False,da3,154,0.7869470652690886
plantview__langdon_4__20-02-24,False,da3,155,0.8319034214113544
plantview__langdon_4__20-02-24,False,da3,156,0.8517129273619497
plantview__langdon_4__20-02-24,False,da3,157,0.8877233485888858
plantview__langdon_4__20-02-24,False,da3,158,0.8617464641416515
plantview__langdon_4__20-02-24,False,da3,159,0.7486976263174739
plantview__langdon_4__20-02-24,False,da3,160,0.6962600077086178
plantview__langdon_4__20-02-24,False,da3,161,0.6902789582146107
plantview__langdon_4__20-02-24,False,da3,162,0.630830746292806
plantview__langdon_4__20-02-24,False,da3,163,0.5863582473072134
plantview__langdon_4__20-02-24,False,da3,164,0.6053039261394892
plantview__langdon_4__20-02-24,False,da3,165,0.5599874305902937
plantview__langdon_4__20-02-24,False,da3,166,0.5698258630598276
plantview__langdon_4__20-02-24,False,da3,167,0.6365480536994488
plantview__langdon_4__20-02-24,False,da3,168,0.5105446465685713
plantview__langdon_4__20-02-24,False,da3,169,0.5342111766913131
plantview__langdon_4__20-02-24,False,da3,170,0.5881575836364958
plantview__langdon_4__20-02-24,False,da3,171,0.5574727142277689
plantview__langdon_4__20-02-24,False,da3,172,0.6401627536489054
plantview__langdon_4__20-02-24,False,da3,173,0.6493141628685735
plantview__langdon_4__20-02-24,False,da3,174,0.6756640726051594
plantview__langdon_4__20-02-24,False,da3,175,0.7193253482739626
plantview__langdon_4__20-02-24,False,da3,176,0.7336057037628052
plantview__langdon_4__20-02-24,False,da3,177,0.8224355941191324
plantview__langdon_4__20-02-24,False,da3,178,0.8383830463468565
plantview__langdon_4__20-02-24,False,da3,179,0.8768186950490224
plantview__langdon_4__20-02-24,False,da3,180,0.8342555795997435
plantview__langdon_4__20-02-24,False,da3,181,0.8131682462140206
plantview__langdon_4__20-02-24,False,da3,182,0.7287029382085326
plantview__langdon_4__20-02-24,False,da3,183,0.7327907333115806
plantview__langdon_4__20-02-24,False,da3,184,0.7609141410026513
plantview__langdon_4__20-02-24,False,da3,185,0.7820478627779379
plantview__langdon_4__20-02-24,False,da3,186,0.7694755934438653
plantview__langdon_4__20-02-24,False,da3,187,0.7809128938008855
plantview__langdon_4__20-02-24,False,da3,188,0.871851893144833
plantview__langdon_4__20-02-24,False,da3,189,0.8675240383191432
plantview__langdon_4__20-02-24,False,da3,190,0.896234647987231
plantview__langdon_4__20-02-24,False,da3,191,0.8827989636405105
plantview__langdon_4__20-02-24,False,da3,192,0.8573433651961127
plantview__langdon_4__20-02-24,False,da3,193,0.8048253036419237
plantview__langdon_4__20-02-24,False,da3,194,0.8106291367826436
plantview__langdon_4__20-02-24,False,da3,195,0.684315198008274
plantview__langdon_4__20-02-24,False,da3,196,0.6878464720491098
plantview__langdon_4__20-02-24,False,da3,197,0.6701706642017766
plantview__langdon_4__20-02-24,False,da3,198,0.6453176512265797
plantview__langdon_4__20-02-24,False,da3,199,0.5753246392066445
plantview__langdon_4__20-02-24,False,da3,200,0.5268696614161947
plantview__langdon_4__20-02-24,False,da3,201,0.5302782483028564
plantview__langdon_4__20-02-24,False,da3,202,0.507561739938406
plantview__langdon_4__20-02-24,False,da3,203,0.4953790265081317
plantview__langdon_4__20-02-24,False,da3,204,0.5557598779871823
plantview__langdon_4__20-02-24,False,da3,205,0.6324621156565392
plantview__langdon_4__20-02-24,False,da3,206,0.6397798244704083
plantview__langdon_4__20-02-24,False,da3,207,0.7759011800910347
plantview__langdon_4__20-02-24,False,da3,208,0.6943405776434399
plantview__langdon_4__20-02-24,False,da3,209,0.7614919086676022
plantview__langdon_4__20-02-24,False,da3,210,0.743040376571126
plantview__langdon_4__20-02-24,False,da3,211,0.8863861824338646
plantview__langdon_4__20-02-24,False,da3,212,0.9303110024159569
plantview__langdon_4__20-02-24,False,da3,213,0.9049987619941153
plantview__langdon_4__20-02-24,False,da3,214,0.8532953204451758
plantview__langdon_4__20-02-24,False,da3,215,0.8401041818519488
plantview__langdon_4__20-02-24,False,da3,216,0.7388078152450731
plantview__langdon_4__20-02-24,False,da3,217,0.7646604337238562
plantview__langdon_4__20-02-24,False,da3,218,0.7406062720053698
plantview__langdon_4__20-02-24,False,da3,219,0.7402764067530785
plantview__langdon_4__20-02-24,False,da3,220,0.7699779163852776
plantview__langdon_4__20-02-24,False,da3,221,0.7786188833246497
plantview__langdon_4__20-02-24,False,da3,222,0.7959922420537102
plantview__langdon_4__20-02-24,False,da3,223,0.8209393341846438
plantview__langdon_4__20-02-24,False,da3,224,0.8932387369254302
plantview__langdon_4__20-02-24,False,da3,225,0.9077339763699965
plantview__langdon_4__20-02-24,False,da3,226,0.8612016840445438
plantview__langdon_4__20-02-24,False,da3,227,0.783742269211166
plantview__langdon_4__20-02-24,False,da3,228,0.7730971397672376
plantview__langdon_4__20-02-24,False,da3,229,0.6981136750028096
plantview__langdon_4__20-02-24,False,da3,230,0.6594581342659235
plantview__langdon_4__20-02-24,False,da3,231,0.6579869383113961
plantview__langdon_4__20-02-24,False,da3,232,0.5763366966167327
plantview__langdon_4__20-02-24,False,da3,233,0.5151650371459515
plantview__langdon_4__20-02-24,False,da3,234,0.5013029230943618
plantview__langdon_4__20-02-24,False,da3,235,0.4885378241389126
plantview__langdon_4__20-02-24,False,da3,236,0.496073950892632
plantview__langdon_4__20-02-24,False,da3,237,0.5012875296564612
plantview__langdon_4__20-02-24,False,da3,238,0.4751838684191033
plantview__langdon_4__20-02-24,False,da3,239,0.5605658677511909
plantview__langdon_4__20-02-24,False,da3,240,0.6190521969863358
plantview__langdon_4__20-02-24,False,da3,241,0.6617034935530723
plantview__langdon_4__20-02-24,False,da3,242,0.7065154241371241
plantview__langdon_4__20-02-24,False,da3,243,0.8250217900191883
plantview__langdon_4__20-02-24,False,da3,244,0.8018122574946864
plantview__langdon_4__20-02-24,False,da3,245,0.9043779747136615
plantview__langdon_4__20-02-24,False,da3,246,0.9245289680041868
plantview__langdon_4__20-02-24,False,da3,247,0.8272331082392763
plantview__langdon_4__20-02-24,False,da3,248,0.8219495713452798
plantview__langdon_4__20-02-24,False,da3,249,0.8140183436940318
plantview__langdon_4__20-02-24,False,da3,250,0.7748778850268258
plantview__langdon_4__20-02-24,False,da3,251,0.7611433576308575
plantview__langdon_4__20-02-24,False,da3,252,0.7506711482936286
plantview__langdon_4__20-02-24,False,da3,253,0.773558119259997
plantview__langdon_4__20-02-24,False,da3,254,0.7371218051071964
plantview__langdon_4__20-02-24,False,da3,255,0.7595029748270948
plantview__langdon_4__20-02-24,False,da3,256,0.8117746618164674
plantview__langdon_4__20-02-24,False,da3,257,0.8335507012357422
plantview__langdon_4__20-02-24,False,da3,258,0.8893573414621361
plantview__langdon_4__20-02-24,False,da3,259,0.9044629528947469
plantview__langdon_4__20-02-24,False,da3,260,0.8168421139491882
plantview__langdon_4__20-02-24,False,da3,261,0.8330812739558263
plantview__langdon_4__20-02-24,False,da3,262,0.7743001394537021
plantview__langdon_4__20-02-24,False,da3,263,0.7387045535641534
plantview__langdon_4__20-02-24,False,da3,264,0.6892135365718901
plantview__langdon_4__20-02-24,False,da3,265,0.5833933184798359
plantview__langdon_4__20-02-24,False,da3,266,0.5515491721599888
plantview__langdon_4__20-02-24,False,da3,267,0.47825877228731334
plantview__langdon_4__20-02-24,False,da3,268,0.4908825684199946
plantview__langdon_4__20-02-24,False,da3,269,0.48219005781453095
plantview__langdon_4__20-02-24,False,da3,270,0.4809371033211811
plantview__langdon_4__20-02-24,False,da3,271,0.5364349161538153
plantview__langdon_4__20-02-24,False,da3,272,0.5499470238670607
plantview__langdon_4__20-02-24,False,da3,273,0.49680005296328245
plantview__langdon_4__20-02-24,False,da3,274,0.6054515609909756
plantview__langdon_4__20-02-24,False,da3,275,0.6843041413369662
plantview__langdon_4__20-02-24,False,da3,276,0.6933684947968322
plantview__langdon_4__20-02-24,False,da3,277,0.7577529822648846
plantview__langdon_4__20-02-24,False,da3,278,0.802096059521012
plantview__langdon_4__20-02-24,False,da3,279,0.8657211429770989
plantview__langdon_4__20-02-24,False,da3,280,0.8764864307792084
plantview__langdon_4__20-02-24,False,da3,281,0.8464351010796756
plantview__langdon_4__20-02-24,False,da3,282,0.8216655158956501
plantview__langdon_4__20-02-24,False,da3,283,0.829521237355974
plantview__langdon_4__20-02-24,False,da3,284,0.7513408573790326
plantview__langdon_4__20-02-24,False,da3,285,0.7470390341273365
plantview__langdon_4__20-02-24,False,da3,286,0.7464691672807142
plantview__langdon_4__20-02-24,False,da3,287,0.7418416878337397
plantview__langdon_4__20-02-24,False,da3,288,0.721162835668888
plantview__langdon_4__20-02-24,False,da3,289,0.7513089946335073
plantview__langdon_4__20-02-24,False,da3,290,0.7868102192764905
plantview__langdon_4__20-02-24,False,da3,291,0.8022243282103543
plantview__langdon_4__20-02-24,False,da3,292,0.8256704032430829
plantview__langdon_4__20-02-24,False,da3,293,0.8916138718331388
plantview__langdon_4__20-02-24,False,da3,294,0.8164637817696934
plantview__langdon_4__20-02-24,False,da3,295,0.7297147342226813
plantview__langdon_4__20-02-24,False,da3,296,0.6793905299589275
plantview__langdon_4__20-02-24,False,da3,297,0.6935500923306799
plantview__langdon_4__20-02-24,False,da3,298,0.6606636450130099
plantview__langdon_4__20-02-24,False,da3,299,0.6074576282971338
plantview__langdon_4__20-02-24,False,da3,300,0.5718473288484737
plantview__langdon_4__20-02-24,False,da3,301,0.4978607533978376
plantview__langdon_4__20-02-24,False,da3,302,0.5047188247346828
plantview__langdon_4__20-02-24,False,da3,303,0.4622164807356881
plantview__langdon_4__20-02-24,False,da3,304,0.5143911686095518
plantview__langdon_4__20-02-24,False,da3,305,0.5279437266466684
plantview__langdon_4__20-02-24,False,da3,306,0.5144055551488418
plantview__langdon_4__20-02-24,False,da3,307,0.5502201374053435
plantview__langdon_4__20-02-24,False,da3,308,0.6203728707809733
plantview__langdon_4__20-02-24,False,da3,309,0.6978396615069067
plantview__langdon_4__20-02-24,False,da3,310,0.7313164958863765
plantview__langdon_4__20-02-24,False,da3,311,0.7374713101657147
plantview__langdon_4__20-02-24,False,da3,312,0.8089352464601998
plantview__langdon_4__20-02-24,False,da3,313,0.7787972107446912
plantview__langdon_4__20-02-24,False,da3,314,0.8298696841962447
plantview__langdon_4__20-02-24,False,da3,315,0.8234106592800772
plantview__langdon_4__20-02-24,False,da3,316,0.8223554143374795
plantview__langdon_4__20-02-24,False,da3,317,0.8497481130101165
plantview__langdon_4__20-02-24,False,da3,318,0.7522880399515572
plantview__langdon_4__20-02-24,False,da3,319,0.7211701215843134
plantview__langdon_4__20-02-24,False,da3,320,0.752969106135416
plantview__langdon_4__20-02-24,False,da3,321,0.77129217488102
plantview__langdon_4__20-02-24,False,da3,322,0.759129193626035
plantview__langdon_4__20-02-24,False,da3,323,0.7739475715950739
plantview__langdon_4__20-02-24,False,da3,324,0.819528942835307
plantview__langdon_4__20-02-24,False,da3,325,0.809958480282887
plantview__langdon_4__20-02-24,False,da3,326,0.8207551437955922
plantview__langdon_4__20-02-24,False,da3,327,0.8035387162817486
plantview__langdon_4__20-02-24,False,da3,328,0.7608515830871425
plantview__langdon_4__20-02-24,False,da3,329,0.7157787443498224
plantview__langdon_4__20-02-24,False,da3,330,0.728726950482582
plantview__langdon_4__20-02-24,False,da3,331,0.7113560680594152
plantview__langdon_4__20-02-24,False,da3,332,0.7268520287742086
plantview__langdon_4__20-02-24,False,da3,333,0.6138256225282106
plantview__langdon_4__20-02-24,False,da3,334,0.5353729706112179
plantview__langdon_4__20-02-24,False,da3,335,0.5112136061617494
plantview__langdon_4__20-02-24,False,da3,336,0.5306778161009172
plantview__langdon_4__20-02-24,False,da3,337,0.5081064332084647
plantview__langdon_4__20-02-24,False,unidepth,0,1.1624797627830552
plantview__langdon_4__20-02-24,False,unidepth,1,1.138240536815608
plantview__langdon_4__20-02-24,False,unidepth,2,0.5661373741806048
plantview__langdon_4__20-02-24,False,unidepth,3,0.9609398887631715
plantview__langdon_4__20-02-24,False,unidepth,4,1.1132861701080943
plantview__langdon_4__20-02-24,False,unidepth,5,1.3931265804774107
plantview__langdon_4__20-02-24,False,unidepth,6,1.7970337640471707
plantview__langdon_4__20-02-24,False,unidepth,7,1.8715456378619173
plantview__langdon_4__20-02-24,False,unidepth,8,2.037762896639234
plantview__langdon_4__20-02-24,False,unidepth,9,2.0422846597412834
plantview__langdon_4__20-02-24,False,unidepth,10,1.6686874965144907
plantview__langdon_4__20-02-24,False,unidepth,11,2.0792590605221024
plantview__langdon_4__20-02-24,False,unidepth,12,1.8914128736159443
plantview__langdon_4__20-02-24,False,unidepth,13,2.0186602427082905
plantview__langdon_4__20-02-24,False,unidepth,14,1.8535161622287624
plantview__langdon_4__20-02-24,False,unidepth,15,1.6545728578445034
plantview__langdon_4__20-02-24,False,unidepth,16,1.7059999708068683
plantview__langdon_4__20-02-24,False,unidepth,17,1.6664645399018045
plantview__langdon_4__20-02-24,False,unidepth,18,2.000315646912734
plantview__langdon_4__20-02-24,False,unidepth,19,1.7770684016644016
plantview__langdon_4__20-02-24,False,unidepth,20,1.6172795895677328
plantview__langdon_4__20-02-24,False,unidepth,21,1.8807371224423042
plantview__langdon_4__20-02-24,False,unidepth,22,2.0278085811798077
plantview__langdon_4__20-02-24,False,unidepth,23,2.114401866890117
plantview__langdon_4__20-02-24,False,unidepth,24,2.0601455466311496
plantview__langdon_4__20-02-24,False,unidepth,25,1.8058135272655544
plantview__langdon_4__20-02-24,False,unidepth,26,1.5263746498652266
plantview__langdon_4__20-02-24,False,unidepth,27,1.3587023576679251
plantview__langdon_4__20-02-24,False,unidepth,28,1.2814355448630304
plantview__langdon_4__20-02-24,False,unidepth,29,0.7162641990148921
plantview__langdon_4__20-02-24,False,unidepth,30,0.7956140902785249
plantview__langdon_4__20-02-24,False,unidepth,31,1.191029361830311
plantview__langdon_4__20-02-24,False,unidepth,32,0.743149879310967
plantview__langdon_4__20-02-24,False,unidepth,33,0.7805378148615478
plantview__langdon_4__20-02-24,False,unidepth,34,0.6241252693466337
plantview__langdon_4__20-02-24,False,unidepth,35,1.072795563968819
plantview__langdon_4__20-02-24,False,unidepth,36,1.4397178831820567
plantview__langdon_4__20-02-24,False,unidepth,37,1.632188193284862
plantview__langdon_4__20-02-24,False,unidepth,38,1.9070414788434698
plantview__langdon_4__20-02-24,False,unidepth,39,2.008176950513608
plantview__langdon_4__20-02-24,False,unidepth,40,2.003160857561786
plantview__langdon_4__20-02-24,False,unidepth,41,1.8291180101935778
plantview__langdon_4__20-02-24,False,unidepth,42,1.84762394034487
plantview__langdon_4__20-02-24,False,unidepth,43,1.8218029155146649
plantview__langdon_4__20-02-24,False,unidepth,44,2.1870222928455614
plantview__langdon_4__20-02-24,False,unidepth,45,2.4543162406697867
plantview__langdon_4__20-02-24,False,unidepth,46,1.9735977573185255
plantview__langdon_4__20-02-24,False,unidepth,47,1.9731190518212751
plantview__langdon_4__20-02-24,False,unidepth,48,1.879237153201076
plantview__langdon_4__20-02-24,False,unidepth,49,2.255964105162795
plantview__langdon_4__20-02-24,False,unidepth,50,2.123100158419735
plantview__langdon_4__20-02-24,False,unidepth,51,2.1920483763273917
plantview__langdon_4__20-02-24,False,unidepth,52,2.1723508486158916
plantview__langdon_4__20-02-24,False,unidepth,53,2.3301581349667524
plantview__langdon_4__20-02-24,False,unidepth,54,1.7987114371091655
plantview__langdon_4__20-02-24,False,unidepth,55,1.805383175668951
plantview__langdon_4__20-02-24,False,unidepth,56,1.8634994189371734
plantview__langdon_4__20-02-24,False,unidepth,57,1.74282410017268
plantview__langdon_4__20-02-24,False,unidepth,58,1.8738551178228762
plantview__langdon_4__20-02-24,False,unidepth,59,1.6982835150189994
plantview__langdon_4__20-02-24,False,unidepth,60,1.528538272395428
plantview__langdon_4__20-02-24,False,unidepth,61,1.2512582204124856
plantview__langdon_4__20-02-24,False,unidepth,62,1.388340026794463
plantview__langdon_4__20-02-24,False,unidepth,63,0.874913201241221
plantview__langdon_4__20-02-24,False,unidepth,64,0.8330891404214592
plantview__langdon_4__20-02-24,False,unidepth,65,0.8234313343612063
plantview__langdon_4__20-02-24,False,unidepth,66,0.8376661684578044
plantview__langdon_4__20-02-24,False,unidepth,67,1.014891946208652
plantview__langdon_4__20-02-24,False,unidepth,68,1.0228852290784844
plantview__langdon_4__20-02-24,False,unidepth,69,1.0890795457744367
plantview__langdon_4__20-02-24,False,unidepth,70,1.4439543290905406
plantview__langdon_4__20-02-24,False,unidepth,71,1.5757458296110198
plantview__langdon_4__20-02-24,False,unidepth,72,1.8278046572452507
plantview__langdon_4__20-02-24,False,unidepth,73,1.8824213483553447
plantview__langdon_4__20-02-24,False,unidepth,74,2.0452045799252248
plantview__langdon_4__20-02-24,False,unidepth,75,1.952910418761995
plantview__langdon_4__20-02-24,False,unidepth,76,1.8048503510693596
plantview__langdon_4__20-02-24,False,unidepth,77,1.6215821629264273
plantview__langdon_4__20-02-24,False,unidepth,78,2.0406929987204787
plantview__langdon_4__20-02-24,False,unidepth,79,1.7556187846292768
plantview__langdon_4__20-02-24,False,unidepth,80,1.9798283320995407
plantview__langdon_4__20-02-24,False,unidepth,81,1.9961795338029673
plantview__langdon_4__20-02-24,False,unidepth,82,2.1638567703911784
plantview__langdon_4__20-02-24,False,unidepth,83,1.793569459827491
plantview__langdon_4__20-02-24,False,unidepth,84,1.691502614202132
plantview__langdon_4__20-02-24,False,unidepth,85,1.904282173511071
plantview__langdon_4__20-02-24,False,unidepth,86,1.8631127161623349
plantview__langdon_4__20-02-24,False,unidepth,87,2.0380679481883432
plantview__langdon_4__20-02-24,False,unidepth,88,1.6929463335427575
plantview__langdon_4__20-02-24,False,unidepth,89,1.7061780522167207
plantview__langdon_4__20-02-24,False,unidepth,90,1.8291260172977961
plantview__langdon_4__20-02-24,False,unidepth,91,1.8633880008726136
plantview__langdon_4__20-02-24,False,unidepth,92,1.7816447170007754
plantview__langdon_4__20-02-24,False,unidepth,93,1.7088788996201862
plantview__langdon_4__20-02-24,False,unidepth,94,1.3218554867817467
plantview__langdon_4__20-02-24,False,unidepth,95,1.3336777436134688
plantview__langdon_4__20-02-24,False,unidepth,96,0.9687654238861588
plantview__langdon_4__20-02-24,False,unidepth,97,0.7487569982640767
plantview__langdon_4__20-02-24,False,unidepth,98,0.8106810458145118
plantview__langdon_4__20-02-24,False,unidepth,99,0.7309425188425414
plantview__langdon_4__20-02-24,False,unidepth,100,0.8979099874875041
plantview__langdon_4__20-02-24,False,unidepth,101,0.5671946248147255
plantview__langdon_4__20-02-24,False,unidepth,102,0.6984706894522237
plantview__langdon_4__20-02-24,False,unidepth,103,0.6900039390697081
plantview__langdon_4__20-02-24,False,unidepth,104,1.1773528138005926
plantview__langdon_4__20-02-24,False,unidepth,105,1.2506520131334051
plantview__langdon_4__20-02-24,False,unidepth,106,1.471858840337045
plantview__langdon_4__20-02-24,False,unidepth,107,1.8055349855184488
plantview__langdon_4__20-02-24,False,unidepth,108,1.8553340597772623
plantview__langdon_4__20-02-24,False,unidepth,109,1.6871943464250696
plantview__langdon_4__20-02-24,False,unidepth,110,1.5089292766623958
plantview__langdon_4__20-02-24,False,unidepth,111,1.528222544761718
plantview__langdon_4__20-02-24,False,unidepth,112,1.9174379721680068
plantview__langdon_4__20-02-24,False,unidepth,113,2.0773171744946315
plantview__langdon_4__20-02-24,False,unidepth,114,1.8692623926762302
plantview__langdon_4__20-02-24,False,unidepth,115,1.6905046902262126
plantview__langdon_4__20-02-24,False,unidepth,116,1.5082168634310107
plantview__langdon_4__20-02-24,False,unidepth,117,1.4022944399061816
plantview__langdon_4__20-02-24,False,unidepth,118,1.7004682736155994
plantview__langdon_4__20-02-24,False,unidepth,119,1.6635120063074385
plantview__langdon_4__20-02-24,False,unidepth,120,1.659358532295094
plantview__langdon_4__20-02-24,False,unidepth,121,1.8646940387845388
plantview__langdon_4__20-02-24,False,unidepth,122,1.4560999811297837
plantview__langdon_4__20-02-24,False,unidepth,123,1.6455834738938426
plantview__langdon_4__20-02-24,False,unidepth,124,1.7100239023302097
plantview__langdon_4__20-02-24,False,unidepth,125,1.9949988937011591
plantview__langdon_4__20-02-24,False,unidepth,126,1.850800604547222
plantview__langdon_4__20-02-24,False,unidepth,127,1.6214152949302632
plantview__langdon_4__20-02-24,False,unidepth,128,1.559140451485482
plantview__langdon_4__20-02-24,False,unidepth,129,0.958488967176121
plantview__langdon_4__20-02-24,False,unidepth,130,0.716297639297329
plantview__langdon_4__20-02-24,False,unidepth,131,0.5006870400140386
plantview__langdon_4__20-02-24,False,unidepth,132,0.49049198341928074
plantview__langdon_4__20-02-24,False,unidepth,133,0.9082614453155262
plantview__langdon_4__20-02-24,False,unidepth,134,0.571947932243642
plantview__langdon_4__20-02-24,False,unidepth,135,0.4282126186083724
plantview__langdon_4__20-02-24,False,unidepth,136,0.47479286984178637
plantview__langdon_4__20-02-24,False,unidepth,137,0.6874300443396826
plantview__langdon_4__20-02-24,False,unidepth,138,1.117343254709414
plantview__langdon_4__20-02-24,False,unidepth,139,1.8220091671521277
plantview__langdon_4__20-02-24,False,unidepth,140,1.72179903827133
plantview__langdon_4__20-02-24,False,unidepth,141,1.9892551760982373
plantview__langdon_4__20-02-24,False,unidepth,142,1.9106100980542706
plantview__langdon_4__20-02-24,False,unidepth,143,1.7819963581415967
plantview__langdon_4__20-02-24,False,unidepth,144,1.6230001100648612
plantview__langdon_4__20-02-24,False,unidepth,145,1.690515396011818
plantview__langdon_4__20-02-24,False,unidepth,146,1.9491743383994242
plantview__langdon_4__20-02-24,False,unidepth,147,1.703504959638419
plantview__langdon_4__20-02-24,False,unidepth,148,1.5697710319364861
plantview__langdon_4__20-02-24,False,unidepth,149,1.774957233857816
plantview__langdon_4__20-02-24,False,unidepth,150,1.5202734002585134
plantview__langdon_4__20-02-24,False,unidepth,151,1.5365740159945078
plantview__langdon_4__20-02-24,False,unidepth,152,1.9526915955587243
plantview__langdon_4__20-02-24,False,unidepth,153,1.7546564825854476
plantview__langdon_4__20-02-24,False,unidepth,154,1.9687858154978675
plantview__langdon_4__20-02-24,False,unidepth,155,2.1144178519923886
plantview__langdon_4__20-02-24,False,unidepth,156,1.755178615584727
plantview__langdon_4__20-02-24,False,unidepth,157,1.9695531259303785
plantview__langdon_4__20-02-24,False,unidepth,158,1.8233699802503396
plantview__langdon_4__20-02-24,False,unidepth,159,1.805721460432768
plantview__langdon_4__20-02-24,False,unidepth,160,1.973519813452194
plantview__langdon_4__20-02-24,False,unidepth,161,1.6619000849362842
plantview__langdon_4__20-02-24,False,unidepth,162,0.9422031009843501
plantview__langdon_4__20-02-24,False,unidepth,163,0.7336048555583351
plantview__langdon_4__20-02-24,False,unidepth,164,0.7036587905374818
plantview__langdon_4__20-02-24,False,unidepth,165,0.4538404195147093
plantview__langdon_4__20-02-24,False,unidepth,166,0.531598309667435
plantview__langdon_4__20-02-24,False,unidepth,167,0.4810948999804453
plantview__langdon_4__20-02-24,False,unidepth,168,0.5235049932259865
plantview__langdon_4__20-02-24,False,unidepth,169,0.5293661822464812
plantview__langdon_4__20-02-24,False,unidepth,170,0.46103111708917954
plantview__langdon_4__20-02-24,False,unidepth,171,0.6999457630822958
plantview__langdon_4__20-02-24,False,unidepth,172,1.0574711793802798
plantview__langdon_4__20-02-24,False,unidepth,173,1.4627288621130385
plantview__langdon_4__20-02-24,False,unidepth,174,1.7104335085759685
plantview__langdon_4__20-02-24,False,unidepth,175,1.835953405692654
plantview__langdon_4__20-02-24,False,unidepth,176,2.026878720499715
plantview__langdon_4__20-02-24,False,unidepth,177,1.8051473491101424
plantview__langdon_4__20-02-24,False,unidepth,178,1.5606636724011642
plantview__langdon_4__20-02-24,False,unidepth,179,1.6683502570643922
plantview__langdon_4__20-02-24,False,unidepth,180,1.7924728338336575
plantview__langdon_4__20-02-24,False,unidepth,181,1.9278739952474249
plantview__langdon_4__20-02-24,False,unidepth,182,1.8335579614940831
plantview__langdon_4__20-02-24,False,unidepth,183,1.5954328417264687
plantview__langdon_4__20-02-24,False,unidepth,184,1.5341472989059892
plantview__langdon_4__20-02-24,False,unidepth,185,1.4974531260898143
plantview__langdon_4__20-02-24,False,unidepth,186,1.4363088354194629
plantview__langdon_4__20-02-24,False,unidepth,187,1.7097814943579421
plantview__langdon_4__20-02-24,False,unidepth,188,2.088043649455448
plantview__langdon_4__20-02-24,False,unidepth,189,1.8425100034826776
plantview__langdon_4__20-02-24,False,unidepth,190,1.6526004761744635
plantview__langdon_4__20-02-24,False,unidepth,191,1.82508895306774
plantview__langdon_4__20-02-24,False,unidepth,192,1.8718040624016825
plantview__langdon_4__20-02-24,False,unidepth,193,1.9518508072197158
plantview__langdon_4__20-02-24,False,unidepth,194,1.9464128841077304
plantview__langdon_4__20-02-24,False,unidepth,195,1.708847365802662
plantview__langdon_4__20-02-24,False,unidepth,196,1.3671637115359836
plantview__langdon_4__20-02-24,False,unidepth,197,1.3209816564670045
plantview__langdon_4__20-02-24,False,unidepth,198,1.0585569197371223
plantview__langdon_4__20-02-24,False,unidepth,199,0.7924127214696003
plantview__langdon_4__20-02-24,False,unidepth,200,0.6187494237477613
plantview__langdon_4__20-02-24,False,unidepth,201,0.6242129658675815
plantview__langdon_4__20-02-24,False,unidepth,202,1.379821237250518
plantview__langdon_4__20-02-24,False,unidepth,203,0.8249484723681413
plantview__langdon_4__20-02-24,False,unidepth,204,0.8160869564971933
plantview__langdon_4__20-02-24,False,unidepth,205,1.1344736279755943
plantview__langdon_4__20-02-24,False,unidepth,206,1.2148657555710378
plantview__langdon_4__20-02-24,False,unidepth,207,1.5791137323629145
plantview__langdon_4__20-02-24,False,unidepth,208,1.7543306551593099
plantview__langdon_4__20-02-24,False,unidepth,209,1.9836787784911714
plantview__langdon_4__20-02-24,False,unidepth,210,1.9102052692182514
plantview__langdon_4__20-02-24,False,unidepth,211,1.9665746937305337
plantview__langdon_4__20-02-24,False,unidepth,212,1.9903895066914787
plantview__langdon_4__20-02-24,False,unidepth,213,1.8422238055505606
plantview__langdon_4__20-02-24,False,unidepth,214,2.056723606232516
plantview__langdon_4__20-02-24,False,unidepth,215,2.1077190673490076
plantview__langdon_4__20-02-24,False,unidepth,216,2.1486174297359426
plantview__langdon_4__20-02-24,False,unidepth,217,1.827112313930475
plantview__langdon_4__20-02-24,False,unidepth,218,1.6512318719923786
plantview__langdon_4__20-02-24,False,unidepth,219,1.6154090613835033
plantview__langdon_4__20-02-24,False,unidepth,220,1.8018459230634325
plantview__langdon_4__20-02-24,False,unidepth,221,1.7869612904815253
plantview__langdon_4__20-02-24,False,unidepth,222,2.035181284133431
plantview__langdon_4__20-02-24,False,unidepth,223,2.1032312365555006
plantview__langdon_4__20-02-24,False,unidepth,224,1.7668609223661318
plantview__langdon_4__20-02-24,False,unidepth,225,1.7134181806635547
plantview__langdon_4__20-02-24,False,unidepth,226,1.9619972124530651
plantview__langdon_4__20-02-24,False,unidepth,227,1.9286135053413989
plantview__langdon_4__20-02-24,False,unidepth,228,2.014612334443035
plantview__langdon_4__20-02-24,False,unidepth,229,1.834040456642787
plantview__langdon_4__20-02-24,False,unidepth,230,1.7471911214473934
plantview__langdon_4__20-02-24,False,unidepth,231,1.446517082554888
plantview__langdon_4__20-02-24,False,unidepth,232,1.0635775175438429
plantview__langdon_4__20-02-24,False,unidepth,233,0.5901535609193581
plantview__langdon_4__20-02-24,False,unidepth,234,0.4020927936733347
plantview__langdon_4__20-02-24,False,unidepth,235,1.3155132721155742
plantview__langdon_4__20-02-24,False,unidepth,236,0.8676683606397513
plantview__langdon_4__20-02-24,False,unidepth,237,0.5888912121697776
plantview__langdon_4__20-02-24,False,unidepth,238,0.5679024893661031
plantview__langdon_4__20-02-24,False,unidepth,239,1.0356198328933375
plantview__langdon_4__20-02-24,False,unidepth,240,1.390051093779219
plantview__langdon_4__20-02-24,False,unidepth,241,1.7429816177494195
plantview__langdon_4__20-02-24,False,unidepth,242,1.9152470176493073
plantview__langdon_4__20-02-24,False,unidepth,243,1.8585360683213068
plantview__langdon_4__20-02-24,False,unidepth,244,1.9875229027132177
plantview__langdon_4__20-02-24,False,unidepth,245,1.9523786503197136
plantview__langdon_4__20-02-24,False,unidepth,246,1.908832233568587
plantview__langdon_4__20-02-24,False,unidepth,247,1.6414123644136156
plantview__langdon_4__20-02-24,False,unidepth,248,1.8881570913991887
plantview__langdon_4__20-02-24,False,unidepth,249,1.670932731133962
plantview__langdon_4__20-02-24,False,unidepth,250,1.593962378524068
plantview__langdon_4__20-02-24,False,unidepth,251,1.2143252563293465
plantview__langdon_4__20-02-24,False,unidepth,252,1.2425941660550788
plantview__langdon_4__20-02-24,False,unidepth,253,1.3687354456141883
plantview__langdon_4__20-02-24,False,unidepth,254,1.5393111878716543
plantview__langdon_4__20-02-24,False,unidepth,255,1.7911748390255615
plantview__langdon_4__20-02-24,False,unidepth,256,1.860832274954999
plantview__langdon_4__20-02-24,False,unidepth,257,2.0008604078021377
plantview__langdon_4__20-02-24,False,unidepth,258,1.5323211887153323
plantview__langdon_4__20-02-24,False,unidepth,259,1.7411041839967094
plantview__langdon_4__20-02-24,False,unidepth,260,1.8320516907886746
plantview__langdon_4__20-02-24,False,unidepth,261,1.8240579976575666
plantview__langdon_4__20-02-24,False,unidepth,262,1.6355024707697075
plantview__langdon_4__20-02-24,False,unidepth,263,1.6278246882794911
plantview__langdon_4__20-02-24,False,unidepth,264,1.2287377144281457
plantview__langdon_4__20-02-24,False,unidepth,265,1.136291080530695
plantview__langdon_4__20-02-24,False,unidepth,266,0.8699644196432743
plantview__langdon_4__20-02-24,False,unidepth,267,0.5617692614687719
plantview__langdon_4__20-02-24,False,unidepth,268,0.460143546732257
plantview__langdon_4__20-02-24,False,unidepth,269,0.7328665182146565
plantview__langdon_4__20-02-24,False,unidepth,270,0.7285981399493883
plantview__langdon_4__20-02-24,False,unidepth,271,0.5043610873747844
plantview__langdon_4__20-02-24,False,unidepth,272,0.6123801538955795
plantview__langdon_4__20-02-24,False,unidepth,273,0.7357899244376329
plantview__langdon_4__20-02-24,False,unidepth,274,1.0978859759561812
plantview__langdon_4__20-02-24,False,unidepth,275,1.255137813109688
plantview__langdon_4__20-02-24,False,unidepth,276,1.407347894255785
plantview__langdon_4__20-02-24,False,unidepth,277,1.7809142164214995
plantview__langdon_4__20-02-24,False,unidepth,278,1.632504992414204
plantview__langdon_4__20-02-24,False,unidepth,279,1.4654574995477414
plantview__langdon_4__20-02-24,False,unidepth,280,1.75432228274174
plantview__langdon_4__20-02-24,False,unidepth,281,1.6117458942016805
plantview__langdon_4__20-02-24,False,unidepth,282,2.1603612415976228
plantview__langdon_4__20-02-24,False,unidepth,283,1.984478558966203
plantview__langdon_4__20-02-24,False,unidepth,284,1.7682868427040286
plantview__langdon_4__20-02-24,False,unidepth,285,1.7918527824549617
plantview__langdon_4__20-02-24,False,unidepth,286,1.6596213255177694
plantview__langdon_4__20-02-24,False,unidepth,287,1.6123970173192939
plantview__langdon_4__20-02-24,False,unidepth,288,1.8974664584130454
plantview__langdon_4__20-02-24,False,unidepth,289,2.034307531317169
plantview__langdon_4__20-02-24,False,unidepth,290,2.1210333209029706
plantview__langdon_4__20-02-24,False,unidepth,291,2.087881322359849
plantview__langdon_4__20-02-24,False,unidepth,292,1.5922478352200404
plantview__langdon_4__20-02-24,False,unidepth,293,1.5998367538313119
plantview__langdon_4__20-02-24,False,unidepth,294,1.7961907781123805
plantview__langdon_4__20-02-24,False,unidepth,295,1.7212784063829751
plantview__langdon_4__20-02-24,False,unidepth,296,1.5686522283655688
plantview__langdon_4__20-02-24,False,unidepth,297,1.4566458253667705
plantview__langdon_4__20-02-24,False,unidepth,298,1.2516484346953272
plantview__langdon_4__20-02-24,False,unidepth,299,0.9192987401516651
plantview__langdon_4__20-02-24,False,unidepth,300,0.8249840376987397
plantview__langdon_4__20-02-24,False,unidepth,301,0.5676644195922282
plantview__langdon_4__20-02-24,False,unidepth,302,0.49238097845818296
plantview__langdon_4__20-02-24,False,unidepth,303,0.7428514313369003
plantview__langdon_4__20-02-24,False,unidepth,304,0.809867795168685
plantview__langdon_4__20-02-24,False,unidepth,305,0.698905003899115
plantview__langdon_4__20-02-24,False,unidepth,306,0.6940154794523594
plantview__langdon_4__20-02-24,False,unidepth,307,0.7834125128605227
plantview__langdon_4__20-02-24,False,unidepth,308,1.1345782999115284
plantview__langdon_4__20-02-24,False,unidepth,309,1.3494590609724455
plantview__langdon_4__20-02-24,False,unidepth,310,1.4890407934503234
plantview__langdon_4__20-02-24,False,unidepth,311,1.478496569476846
plantview__langdon_4__20-02-24,False,unidepth,312,1.8853660305605462
plantview__langdon_4__20-02-24,False,unidepth,313,1.8976280323137207
plantview__langdon_4__20-02-24,False,unidepth,314,1.953853830109676
plantview__langdon_4__20-02-24,False,unidepth,315,1.6448605763809292
plantview__langdon_4__20-02-24,False,unidepth,316,1.9475398930715928
plantview__langdon_4__20-02-24,False,unidepth,317,1.9624296067152764
plantview__langdon_4__20-02-24,False,unidepth,318,1.8696108000113703
plantview__langdon_4__20-02-24,False,unidepth,319,1.8312122751986166
plantview__langdon_4__20-02-24,False,unidepth,320,1.7176866304777696
plantview__langdon_4__20-02-24,False,unidepth,321,1.5880680118635517
plantview__langdon_4__20-02-24,False,unidepth,322,1.7689381512751017
plantview__langdon_4__20-02-24,False,unidepth,323,1.85843691409256
plantview__langdon_4__20-02-24,False,unidepth,324,2.071007116787808
plantview__langdon_4__20-02-24,False,unidepth,325,2.1871328610542076
plantview__langdon_4__20-02-24,False,unidepth,326,1.624405945410294
plantview__langdon_4__20-02-24,False,unidepth,327,2.0370348233356466
plantview__langdon_4__20-02-24,False,unidepth,328,1.8642866100805926
plantview__langdon_4__20-02-24,False,unidepth,329,1.9160180788086092
plantview__langdon_4__20-02-24,False,unidepth,330,1.7503873123587022
plantview__langdon_4__20-02-24,False,unidepth,331,1.4860638465332796
plantview__langdon_4__20-02-24,False,unidepth,332,1.28298071558056
plantview__langdon_4__20-02-24,False,unidepth,333,0.8083150899231365
plantview__langdon_4__20-02-24,False,unidepth,334,0.6706040874414512
plantview__langdon_4__20-02-24,False,unidepth,335,0.5538039300043245
plantview__langdon_4__20-02-24,False,unidepth,336,0.6802173472158306
plantview__langdon_4__20-02-24,False,unidepth,337,0.6968356323505089
